record_id,source_record_id,sequence,peptide_length,ic50_raw,ic50_value,ic50_unit,ic50_relation,ic50_uM,ic50_parse_status,ic50_parse_note,ic50_numeric_count,ic50_numeric_min,ic50_numeric_max,ic50_numeric_median,ic50_numeric_values_serialized,function_raw,species_raw,notes
mbpdb_ace_000001,MBPDB_P02769_VR_432-433,VR,2,52.8,8.0,uM,=,8.0,exact_molar,single_numeric_uM_value_from_tsv,1,8.0,8.0,8.0,8.0,ACE-inhibitory,Bos taurus,
mbpdb_ace_000002,MBPDB_P02769_IP_321-322,IP,2,130.0,0.0,uM,=,0.0,exact_molar,single_numeric_uM_value_from_tsv,1,0.0,0.0,0.0,0.0,ACE-inhibitory,Bos taurus,
mbpdb_ace_000003,MBPDB_P14639_REKVLASS_209-216,REKVLASS,8,32.0,0.0,uM,=,0.0,exact_molar,single_numeric_uM_value_from_tsv,1,0.0,0.0,0.0,0.0,ACE-inhibitory,Ovis aries,
mbpdb_ace_000004,MBPDB_P14639_QNALIVRYTR_427-436,QNALIVRYTR,10,4.6,6.0,uM,=,6.0,exact_molar,single_numeric_uM_value_from_tsv,1,6.0,6.0,6.0,6.0,ACE-inhibitory,Ovis aries,
mbpdb_ace_000005,MBPDB_P14639_PKIDAMREKVLA_203-214,PKIDAMREKVLA,12,103.0,0.0,uM,=,0.0,exact_molar,single_numeric_uM_value_from_tsv,1,0.0,0.0,0.0,0.0,ACE-inhibitory,Ovis aries,
mbpdb_ace_000006,MBPDB_P14639_KVGTKCCAKP_455-464,KVGTKCCAKP,10,30.0,0.0,uM,=,0.0,exact_molar,single_numeric_uM_value_from_tsv,1,0.0,0.0,0.0,0.0,ACE-inhibitory,Ovis aries,
mbpdb_ace_000007,MBPDB_P02769_FP_246-247,FP,2,"1) 315.0, 2) 205.0, 3) 315.0",0.0,uM,=,0.0,exact_molar,multi_value_median_used_n=3,3,0.0,0.0,0.0,0.0 | 0.0 | 0.0,ACE-inhibitory,Bos taurus,multiple_ic50_values_in_single_cell
mbpdb_ace_000008,MBPDB_P14639_EGPKLVAS_594-601,EGPKLVAS,8,19.0,0.0,uM,=,0.0,exact_molar,single_numeric_uM_value_from_tsv,1,0.0,0.0,0.0,0.0,ACE-inhibitory,Ovis aries,
mbpdb_ace_000009,MBPDB_P24627_YP_185-186,YP,2,"1) 720.0, 2) 720.0",0.0,uM,=,0.0,exact_molar,multi_value_median_used_n=2,2,0.0,0.0,0.0,0.0 | 0.0,ACE-inhibitory,Bos taurus,multiple_ic50_values_in_single_cell
mbpdb_ace_000010,MBPDB_P24627_FKCRRWQWRMKKLGA_36-50,FKCRRWQWRMKKLGA,15,,,,,,missing,,0,,,,,ACE-inhibitory,Bos taurus,ic50_missing
mbpdb_ace_000011,MBPDB_P24627_FKCRRWQWR_36-44,FKCRRWQWR,9,,,,,,missing,,0,,,,,ACE-inhibitory,Bos taurus,ic50_missing
mbpdb_ace_000012,MBPDB_P24627_YKLRP_91-95,YKLRP,5,16.5,5.0,uM,=,5.0,exact_molar,single_numeric_uM_value_from_tsv,1,5.0,5.0,5.0,5.0,ACE-inhibitory,Bos taurus,
mbpdb_ace_000013,MBPDB_P24627_RRWQWR_39-44,RRWQWR,6,32.0,0.0,uM,=,0.0,exact_molar,single_numeric_uM_value_from_tsv,1,0.0,0.0,0.0,0.0,ACE-inhibitory,Bos taurus,
mbpdb_ace_000014,MBPDB_P24627_RPYL_152-155,RPYL,4,56.5,5.0,uM,=,5.0,exact_molar,single_numeric_uM_value_from_tsv,1,5.0,5.0,5.0,5.0,ACE-inhibitory,Bos taurus,
mbpdb_ace_000015,MBPDB_P24627_PYKLRP_90-95,PYKLRP,6,10.2,2.0,uM,=,2.0,exact_molar,single_numeric_uM_value_from_tsv,1,2.0,2.0,2.0,2.0,ACE-inhibitory,Bos taurus,
mbpdb_ace_000016,MBPDB_P24627_LY_337-338,LY,2,44.0,0.0,uM,=,0.0,exact_molar,single_numeric_uM_value_from_tsv,1,0.0,0.0,0.0,0.0,ACE-inhibitory,Bos taurus,
mbpdb_ace_000017,MBPDB_P24627_LRPVAA_93-98,LRPVAA,6,4.14,14.0,uM,=,14.0,exact_molar,single_numeric_uM_value_from_tsv,1,14.0,14.0,14.0,14.0,ACE-inhibitory,Bos taurus,
mbpdb_ace_000018,MBPDB_P24627_LRP_93-95_151-153_446-448,LRP,3,0.35,35.0,uM,=,35.0,exact_molar,single_numeric_uM_value_from_tsv,1,35.0,35.0,35.0,35.0,ACE-inhibitory,Bos taurus,
mbpdb_ace_000019,MBPDB_P24627_LNNSRAP_251-257,LNNSRAP,7,105.3,3.0,uM,=,3.0,exact_molar,single_numeric_uM_value_from_tsv,1,3.0,3.0,3.0,3.0,ACE-inhibitory,Bos taurus,
mbpdb_ace_000020,MBPDB_P24627_LIWKL_285-289,LIWKL,5,0.47,47.0,uM,=,47.0,exact_molar,single_numeric_uM_value_from_tsv,1,47.0,47.0,47.0,47.0,ACE-inhibitory,Bos taurus,
mbpdb_ace_000021,MBPDB_P24627_KLRP_92-95,KLRP,4,91.6,6.0,uM,=,6.0,exact_molar,single_numeric_uM_value_from_tsv,1,6.0,6.0,6.0,6.0,ACE-inhibitory,Bos taurus,
mbpdb_ace_000022,MBPDB_P24627_KCRRWQWR_37-44,KCRRWQWR,8,5.8,8.0,uM,=,8.0,exact_molar,single_numeric_uM_value_from_tsv,1,8.0,8.0,8.0,8.0,ACE-inhibitory,Bos taurus,
mbpdb_ace_000023,MBPDB_P24627_GILRP_149-153,GILRP,5,90.7,7.0,uM,=,7.0,exact_molar,single_numeric_uM_value_from_tsv,1,7.0,7.0,7.0,7.0,ACE-inhibitory,Bos taurus,
mbpdb_ace_000024,MBPDB_P24627_FKCRRWQWRMKKLGAP_36-51,FKCRRWQWRMKKLGAP,16,11.0,0.0,uM,=,0.0,exact_molar,single_numeric_uM_value_from_tsv,1,0.0,0.0,0.0,0.0,ACE-inhibitory,Bos taurus,
mbpdb_ace_000025,MBPDB_P24627_FKCRRWQW_36-43,FKCRRWQW,8,10.5,5.0,uM,=,5.0,exact_molar,single_numeric_uM_value_from_tsv,1,5.0,5.0,5.0,5.0,ACE-inhibitory,Bos taurus,
mbpdb_ace_000026,MBPDB_P24627_FKCRRW_36-41,FKCRRW,6,26.7,7.0,uM,=,7.0,exact_molar,single_numeric_uM_value_from_tsv,1,7.0,7.0,7.0,7.0,ACE-inhibitory,Bos taurus,
mbpdb_ace_000027,MBPDB_P24627_DPYKLRP_89-95,DPYKLRP,7,30.5,5.0,uM,=,5.0,exact_molar,single_numeric_uM_value_from_tsv,1,5.0,5.0,5.0,5.0,ACE-inhibitory,Bos taurus,
mbpdb_ace_000028,MBPDB_P24627_CRRWQWR_38-44,CRRWQWR,7,2.3,3.0,uM,=,3.0,exact_molar,single_numeric_uM_value_from_tsv,1,3.0,3.0,3.0,3.0,ACE-inhibitory,Bos taurus,
mbpdb_ace_000029,MBPDB_P24627_AY_184-185,AY,2,40.0,0.0,uM,=,0.0,exact_molar,single_numeric_uM_value_from_tsv,1,0.0,0.0,0.0,0.0,ACE-inhibitory,Bos taurus,
mbpdb_ace_000030,MBPDB_P02788_AP_89-90_513-514_613-614,AP,2,21.0,0.0,uM,=,0.0,exact_molar,single_numeric_uM_value_from_tsv,1,0.0,0.0,0.0,0.0,ACE-inhibitory,Homo sapiens,
mbpdb_ace_000031,MBPDB_P02668_IPP_129-131,IPP,3,"1) 5.0, 2) 11.6, 3) 7.6, 6) 2.4, 7) 5.0",4.0,uM,=,4.0,exact_molar,multi_value_median_used_n=5,5,0.0,6.0,4.0,0.0 | 0.0 | 4.0 | 6.0 | 6.0,ACE-inhibitory,Bos taurus,multiple_ic50_values_in_single_cell
mbpdb_ace_000032,MBPDB_P02668_MAIPPKKNQDKTEIPTINTIASGEPTSTPTTEAVESTVATLEDSPEVIESPPEINTVQVTSTAV_127-190,MAIPPKKNQDKTEIPTINTIASGEPTSTPTTEAVESTVATLEDSPEVIESPPEINTVQVTSTAV,64,,,,,,missing,,0,,,,,ACE-inhibitory,Bos taurus,ic50_missing
mbpdb_ace_000033,MBPDB_P07498_YPYY_55-58,YPYY,4,90.9,9.0,uM,=,9.0,exact_molar,single_numeric_uM_value_from_tsv,1,9.0,9.0,9.0,9.0,ACE-inhibitory,Homo sapiens,
mbpdb_ace_000034,MBPDB_P02668_LPYPY_77-81,LPYPY,5,"1) 28.9, 2) 12.87",48.0,uM,=,48.0,exact_molar,multi_value_median_used_n=2,2,9.0,87.0,48.0,9.0 | 87.0,ACE-inhibitory,Bos taurus,multiple_ic50_values_in_single_cell
mbpdb_ace_000035,MBPDB_P02668_MAIPPKK_127-133,MAIPPKK,7,,,,,,missing,,0,,,,,ACE-inhibitory,Bos taurus,ic50_missing
mbpdb_ace_000036,MBPDB_P02668_IQY_49-51,IQY,3,70.4,4.0,uM,=,4.0,exact_molar,single_numeric_uM_value_from_tsv,1,4.0,4.0,4.0,4.0,ACE-inhibitory,Bos taurus,
mbpdb_ace_000037,MBPDB_P02668_IAK_43-45,IAK,3,"1) 15.7, 2) 15.7",7.0,uM,=,7.0,exact_molar,multi_value_median_used_n=2,2,7.0,7.0,7.0,7.0 | 7.0,ACE-inhibitory,Bos taurus,multiple_ic50_values_in_single_cell
mbpdb_ace_000038,MBPDB_P02668_FSDKIAK_39-45,FSDKIAK,7,113.6,6.0,uM,=,6.0,exact_molar,single_numeric_uM_value_from_tsv,1,6.0,6.0,6.0,6.0,ACE-inhibitory,Bos taurus,
mbpdb_ace_000039,MBPDB_P02669_YQQRPVA_64-70,YQQRPVA,7,14.3,3.0,uM,=,3.0,exact_molar,single_numeric_uM_value_from_tsv,1,3.0,3.0,3.0,3.0,ACE-inhibitory,Ovis aries,
mbpdb_ace_000040,MBPDB_P02669_YIPIQY_46-51,YIPIQY,6,10.0,0.0,uM,=,0.0,exact_molar,single_numeric_uM_value_from_tsv,1,0.0,0.0,0.0,0.0,ACE-inhibitory,Ovis aries,
mbpdb_ace_000041,MBPDB_P07498_YANPAVVRP_81-89,YANPAVVRP,9,7.8,8.0,uM,=,8.0,exact_molar,single_numeric_uM_value_from_tsv,1,8.0,8.0,8.0,8.0,ACE-inhibitory,Homo sapiens,
mbpdb_ace_000042,MBPDB_P02669_YAKPVA_82-87,YAKPVA,6,14.3,3.0,uM,=,3.0,exact_molar,single_numeric_uM_value_from_tsv,1,3.0,3.0,3.0,3.0,ACE-inhibitory,Ovis aries,
mbpdb_ace_000043,MBPDB_P02669_WQVLPNAVPAK_97-107,WQVLPNAVPAK,11,"1) 10.1, 2) 10.0",0.5,uM,=,0.5,exact_molar,multi_value_median_used_n=2,2,0.0,1.0,0.5,0.0 | 1.0,ACE-inhibitory,Ovis aries,multiple_ic50_values_in_single_cell
mbpdb_ace_000044,MBPDB_P07498_VVRP_86-89,VVRP,4,81.0,0.0,uM,=,0.0,exact_molar,single_numeric_uM_value_from_tsv,1,0.0,0.0,0.0,0.0,ACE-inhibitory,Homo sapiens,
mbpdb_ace_000045,MBPDB_P02668_VLSRYP_52-57,VLSRYP,6,36.7,7.0,uM,=,7.0,exact_molar,single_numeric_uM_value_from_tsv,1,7.0,7.0,7.0,7.0,ACE-inhibitory,Bos taurus,
mbpdb_ace_000046,MBPDB_P07498_VAV_175-177,VAV,3,260.0,0.0,uM,=,0.0,exact_molar,single_numeric_uM_value_from_tsv,1,0.0,0.0,0.0,0.0,ACE-inhibitory,Homo sapiens,
mbpdb_ace_000047,MBPDB_P02668_SY_58-59,SY,2,41.0,0.0,uM,=,0.0,exact_molar,single_numeric_uM_value_from_tsv,1,0.0,0.0,0.0,0.0,ACE-inhibitory,Bos taurus,
mbpdb_ace_000048,MBPDB_P02668_RYPSYG_55-60,RYPSYG,6,65.71,71.0,uM,=,71.0,exact_molar,single_numeric_uM_value_from_tsv,1,71.0,71.0,71.0,71.0,ACE-inhibitory,Bos taurus,
mbpdb_ace_000049,MBPDB_P02668_QP_28-29_112-113,QP,2,598.1,1.0,uM,=,1.0,exact_molar,single_numeric_uM_value_from_tsv,1,1.0,1.0,1.0,1.0,ACE-inhibitory,Bos taurus,
mbpdb_ace_000050,MBPDB_P07498_QKTAP_40-44,QKTAP,5,30.0,0.0,uM,=,0.0,exact_molar,single_numeric_uM_value_from_tsv,1,0.0,0.0,0.0,0.0,ACE-inhibitory,Homo sapiens,
mbpdb_ace_000051,MBPDB_P07498_PTPAP_142-146,PTPAP,5,33.0,0.0,uM,=,0.0,exact_molar,single_numeric_uM_value_from_tsv,1,0.0,0.0,0.0,0.0,ACE-inhibitory,Homo sapiens,
mbpdb_ace_000052,MBPDB_I6UFY2_PPEIN_177-181,PPEIN,5,510.0,0.0,uM,=,0.0,exact_molar,single_numeric_uM_value_from_tsv,1,0.0,0.0,0.0,0.0,ACE-inhibitory,Bos mutus,
mbpdb_ace_000053,MBPDB_P07498_KTAP_41-44,KTAP,4,37.0,0.0,uM,=,0.0,exact_molar,single_numeric_uM_value_from_tsv,1,0.0,0.0,0.0,0.0,ACE-inhibitory,Homo sapiens,
mbpdb_ace_000054,MBPDB_P02669_KDERF_34-38,KDERF,5,848.0,0.0,uM,=,0.0,exact_molar,single_numeric_uM_value_from_tsv,1,0.0,0.0,0.0,0.0,ACE-inhibitory,Ovis aries,
mbpdb_ace_000055,MBPDB_P07498_IAIPP_118-122,IAIPP,5,600.0,0.0,uM,=,0.0,exact_molar,single_numeric_uM_value_from_tsv,1,0.0,0.0,0.0,0.0,ACE-inhibitory,Homo sapiens,
mbpdb_ace_000056,MBPDB_P07498_IAIP_118-121,IAIP,4,470.0,0.0,uM,=,0.0,exact_molar,single_numeric_uM_value_from_tsv,1,0.0,0.0,0.0,0.0,ACE-inhibitory,Homo sapiens,
mbpdb_ace_000057,MBPDB_P02669_HPHPHLSF_119-126,HPHPHLSF,8,"1) 28.9, 2) 28.9",9.0,uM,=,9.0,exact_molar,multi_value_median_used_n=2,2,9.0,9.0,9.0,9.0 | 9.0,ACE-inhibitory,Ovis aries,multiple_ic50_values_in_single_cell
mbpdb_ace_000058,MBPDB_P02669_EKDERF_33-38,EKDERF,6,14.3,3.0,uM,=,3.0,exact_molar,single_numeric_uM_value_from_tsv,1,3.0,3.0,3.0,3.0,ACE-inhibitory,Ovis aries,
mbpdb_ace_000059,MBPDB_P02668_DERF_35-38,DERF,4,37.08,8.0,uM,=,8.0,exact_molar,single_numeric_uM_value_from_tsv,1,8.0,8.0,8.0,8.0,ACE-inhibitory,Bos taurus,
mbpdb_ace_000060,MBPDB_P07498_AVVRP_85-89,AVVRP,5,74.0,0.0,uM,=,0.0,exact_molar,single_numeric_uM_value_from_tsv,1,0.0,0.0,0.0,0.0,ACE-inhibitory,Homo sapiens,
mbpdb_ace_000061,MBPDB_P02668_ARHPH_117-121,ARHPH,5,15.15,15.0,uM,=,15.0,exact_molar,single_numeric_uM_value_from_tsv,1,15.0,15.0,15.0,15.0,ACE-inhibitory,Bos taurus,
mbpdb_ace_000062,MBPDB_P07498_ANPAVVRP_82-89,ANPAVVRP,8,25.0,0.0,uM,=,0.0,exact_molar,single_numeric_uM_value_from_tsv,1,0.0,0.0,0.0,0.0,ACE-inhibitory,Homo sapiens,
mbpdb_ace_000063,MBPDB_P02668_AIPPKKNQD_128-136,AIPPKKNQD,9,19.9,9.0,uM,=,9.0,exact_molar,single_numeric_uM_value_from_tsv,1,9.0,9.0,9.0,9.0,ACE-inhibitory,Bos taurus,
mbpdb_ace_000064,MBPDB_P02754_VAGTWY_31-36,VAGTWY,6,767.5,5.0,uM,=,5.0,exact_molar,single_numeric_uM_value_from_tsv,1,5.0,5.0,5.0,5.0,ACE-inhibitory,Bos taurus,
mbpdb_ace_000065,MBPDB_P02754_IPAVFK_94-99,IPAVFK,6,144.8,8.0,uM,=,8.0,exact_molar,single_numeric_uM_value_from_tsv,1,8.0,8.0,8.0,8.0,ACE-inhibitory,Bos taurus,
mbpdb_ace_000066,MBPDB_P02754_ALPMHIR_158-164,ALPMHIR,7,"1) 14.0, 2) 42.6",3.0,uM,=,3.0,exact_molar,multi_value_median_used_n=2,2,0.0,6.0,3.0,0.0 | 6.0,ACE-inhibitory,Bos taurus,multiple_ic50_values_in_single_cell
mbpdb_ace_000067,MBPDB_P02754_YLLF_118-121,YLLF,4,172.0,0.0,uM,=,0.0,exact_molar,single_numeric_uM_value_from_tsv,1,0.0,0.0,0.0,0.0,ACE-inhibitory,Bos taurus,
mbpdb_ace_000068,MBPDB_P02754_IIAEK_87-91,IIAEK,5,63.7,7.0,uM,=,7.0,exact_molar,single_numeric_uM_value_from_tsv,1,7.0,7.0,7.0,7.0,ACE-inhibitory,Bos taurus,
mbpdb_ace_000069,MBPDB_P02754_GLDIQK_25-30,GLDIQK,6,580.0,0.0,uM,=,0.0,exact_molar,single_numeric_uM_value_from_tsv,1,0.0,0.0,0.0,0.0,ACE-inhibitory,Bos taurus,
mbpdb_ace_000070,MBPDB_P02754_ALPMH_158-162,ALPMH,5,521.0,0.0,uM,=,0.0,exact_molar,single_numeric_uM_value_from_tsv,1,0.0,0.0,0.0,0.0,ACE-inhibitory,Bos taurus,
mbpdb_ace_000071,MBPDB_P02754_VLDTDY_110-115,VLDTDY,6,128.0,0.0,uM,=,0.0,exact_molar,single_numeric_uM_value_from_tsv,1,0.0,0.0,0.0,0.0,ACE-inhibitory,Bos taurus,
mbpdb_ace_000072,MBPDB_P02754_LKALPMH_156-162,LKALPMH,7,11.0,0.0,uM,=,0.0,exact_molar,single_numeric_uM_value_from_tsv,1,0.0,0.0,0.0,0.0,ACE-inhibitory,Bos taurus,
mbpdb_ace_000073,MBPDB_P02754_IQKVAGTW_28-35,IQKVAGTW,8,"1) 51.0, 2) 300.0",0.0,uM,=,0.0,exact_molar,multi_value_median_used_n=2,2,0.0,0.0,0.0,0.0 | 0.0,ACE-inhibitory,Bos taurus,multiple_ic50_values_in_single_cell
mbpdb_ace_000074,MBPDB_P02754_IPAVF_94-98,IPAVF,5,9.09,9.0,uM,=,9.0,exact_molar,single_numeric_uM_value_from_tsv,1,9.0,9.0,9.0,9.0,ACE-inhibitory,Bos taurus,
mbpdb_ace_000075,MBPDB_P02754_IPA_94-96,IPA,3,141.0,0.0,uM,=,0.0,exact_molar,single_numeric_uM_value_from_tsv,1,0.0,0.0,0.0,0.0,ACE-inhibitory,Bos taurus,
mbpdb_ace_000076,MBPDB_P02754_WYSL_35-38,WYSL,4,90.4,4.0,uM,=,4.0,exact_molar,single_numeric_uM_value_from_tsv,1,4.0,4.0,4.0,4.0,ACE-inhibitory,Bos taurus,
mbpdb_ace_000077,MBPDB_P02754_LF_120-121,LF,2,349.1,1.0,uM,=,1.0,exact_molar,single_numeric_uM_value_from_tsv,1,1.0,1.0,1.0,1.0,ACE-inhibitory,Bos taurus,
mbpdb_ace_000078,MBPDB_P02754_WYSLAMA_35-41,WYSLAMA,7,59.9,9.0,uM,=,9.0,exact_molar,single_numeric_uM_value_from_tsv,1,9.0,9.0,9.0,9.0,ACE-inhibitory,Bos taurus,
mbpdb_ace_000079,MBPDB_P02754_WYSLAM_35-40,WYSLAM,6,56.3,3.0,uM,=,3.0,exact_molar,single_numeric_uM_value_from_tsv,1,3.0,3.0,3.0,3.0,ACE-inhibitory,Bos taurus,
mbpdb_ace_000080,MBPDB_P02754_WYSLA_35-39,WYSLA,5,86.9,9.0,uM,=,9.0,exact_molar,single_numeric_uM_value_from_tsv,1,9.0,9.0,9.0,9.0,ACE-inhibitory,Bos taurus,
mbpdb_ace_000081,MBPDB_P02754_WY_35-36,WY,2,38.3,3.0,uM,=,3.0,exact_molar,single_numeric_uM_value_from_tsv,1,3.0,3.0,3.0,3.0,ACE-inhibitory,Bos taurus,
mbpdb_ace_000082,MBPDB_P02754_VLDTDYK_110-116,VLDTDYK,7,946.0,0.0,uM,=,0.0,exact_molar,single_numeric_uM_value_from_tsv,1,0.0,0.0,0.0,0.0,ACE-inhibitory,Bos taurus,
mbpdb_ace_000083,MBPDB_P02754_MKG_23-25,MKG,3,71.8,8.0,uM,=,8.0,exact_molar,single_numeric_uM_value_from_tsv,1,8.0,8.0,8.0,8.0,ACE-inhibitory,Bos taurus,
mbpdb_ace_000084,MBPDB_P02754_LSFNPTQ_165-171,LSFNPTQ,7,106.0,0.0,uM,=,0.0,exact_molar,single_numeric_uM_value_from_tsv,1,0.0,0.0,0.0,0.0,ACE-inhibitory,Bos taurus,
mbpdb_ace_000085,MBPDB_P02756_LQKW_76-79,LQKW,4,34.7,7.0,uM,=,7.0,exact_molar,single_numeric_uM_value_from_tsv,1,7.0,7.0,7.0,7.0,ACE-inhibitory,Capra hircus,
mbpdb_ace_000086,MBPDB_P02756_LLF_121-123,LLF,3,"1) 79.8, 2) 94.79",43.5,uM,=,43.5,exact_molar,multi_value_median_used_n=2,2,8.0,79.0,43.5,8.0 | 79.0,ACE-inhibitory,Capra hircus,multiple_ic50_values_in_single_cell
mbpdb_ace_000087,MBPDB_P02754_LL_4-5_47-48_73-74_119-120,LL,2,,,,,,missing,,0,,,,,ACE-inhibitory,Bos taurus,ic50_missing
mbpdb_ace_000088,MBPDB_P02754_LDTDY_111-115,LDTDY,5,121.0,0.0,uM,=,0.0,exact_molar,single_numeric_uM_value_from_tsv,1,0.0,0.0,0.0,0.0,ACE-inhibitory,Bos taurus,
mbpdb_ace_000089,MBPDB_P02755_LDIQKVAGTW_28-37,LDIQKVAGTW,10,21.0,0.0,uM,=,0.0,exact_molar,single_numeric_uM_value_from_tsv,1,0.0,0.0,0.0,0.0,ACE-inhibitory,Bubalus bubalis,
mbpdb_ace_000090,MBPDB_P02754_LDIQK_26-30,LDIQK,5,27.6,6.0,uM,=,6.0,exact_molar,single_numeric_uM_value_from_tsv,1,6.0,6.0,6.0,6.0,ACE-inhibitory,Bos taurus,
mbpdb_ace_000091,MBPDB_P02754_LDAQSAPLR_48-56,LDAQSAPLR,9,635.0,0.0,uM,=,0.0,exact_molar,single_numeric_uM_value_from_tsv,1,0.0,0.0,0.0,0.0,ACE-inhibitory,Bos taurus,
mbpdb_ace_000092,MBPDB_P02754_LAMA_38-41,LAMA,4,556.0,0.0,uM,=,0.0,exact_molar,single_numeric_uM_value_from_tsv,1,0.0,0.0,0.0,0.0,ACE-inhibitory,Bos taurus,
mbpdb_ace_000093,MBPDB_P67976_KALPMHIRLAF_159-169,KALPMHIRLAF,11,11.0,0.0,uM,=,0.0,exact_molar,single_numeric_uM_value_from_tsv,1,0.0,0.0,0.0,0.0,ACE-inhibitory,Ovis aries,
mbpdb_ace_000094,MBPDB_P02754_IR_163-164,IR,2,695.0,0.0,uM,=,0.0,exact_molar,single_numeric_uM_value_from_tsv,1,0.0,0.0,0.0,0.0,ACE-inhibitory,Bos taurus,
mbpdb_ace_000095,MBPDB_P02754_HIR_162-164,HIR,3,953.0,0.0,uM,=,0.0,exact_molar,single_numeric_uM_value_from_tsv,1,0.0,0.0,0.0,0.0,ACE-inhibitory,Bos taurus,
mbpdb_ace_000096,MBPDB_P02754_GTW_33-35,GTW,3,464.4,4.0,uM,=,4.0,exact_molar,single_numeric_uM_value_from_tsv,1,4.0,4.0,4.0,4.0,ACE-inhibitory,Bos taurus,
mbpdb_ace_000097,MBPDB_P02754_DAQSAPLRVY_49-58,DAQSAPLRVY,10,"1) 12.2, 2) 11.62",32.0,uM,=,32.0,exact_molar,multi_value_median_used_n=2,2,2.0,62.0,32.0,2.0 | 62.0,ACE-inhibitory,Bos taurus,multiple_ic50_values_in_single_cell
mbpdb_ace_000098,MBPDB_P02754_CMENSA_122-127,CMENSA,6,788.0,0.0,uM,=,0.0,exact_molar,single_numeric_uM_value_from_tsv,1,0.0,0.0,0.0,0.0,ACE-inhibitory,Bos taurus,
mbpdb_ace_000099,MBPDB_P02754_ALPM_158-161,ALPM,4,928.0,0.0,uM,=,0.0,exact_molar,single_numeric_uM_value_from_tsv,1,0.0,0.0,0.0,0.0,ACE-inhibitory,Bos taurus,
mbpdb_ace_000100,MBPDB_P02666_VPP_99-101,VPP,3,"1) 8.4, 2) 23.9, 3) 4.5, 4) 9.0",4.5,uM,=,4.5,exact_molar,multi_value_median_used_n=4,4,0.0,9.0,4.5,0.0 | 4.0 | 5.0 | 9.0,ACE-inhibitory,Bos taurus,multiple_ic50_values_in_single_cell
mbpdb_ace_000101,MBPDB_P02666_YPFPGPI_75-81,YPFPGPI,7,"1) 500.0, 2) 685.91",45.5,uM,=,45.5,exact_molar,multi_value_median_used_n=2,2,0.0,91.0,45.5,0.0 | 91.0,ACE-inhibitory,Bos taurus,multiple_ic50_values_in_single_cell
mbpdb_ace_000102,MBPDB_P02666_EMPFPK_123-128,EMPFPK,6,565.58,58.0,uM,=,58.0,exact_molar,single_numeric_uM_value_from_tsv,1,58.0,58.0,58.0,58.0,ACE-inhibitory,Bos taurus,
mbpdb_ace_000103,MBPDB_P02666_YQEPVLGPVRGPFPIIV_208-224,YQEPVLGPVRGPFPIIV,17,101.0,0.0,uM,=,0.0,exact_molar,single_numeric_uM_value_from_tsv,1,0.0,0.0,0.0,0.0,ACE-inhibitory,Bos taurus,
mbpdb_ace_000104,MBPDB_P02666_PGPIPN_78-83,PGPIPN,6,,,,,,missing,,0,,,,,ACE-inhibitory,Bos taurus,ic50_missing
mbpdb_ace_000105,MBPDB_P02666_YPFPGPIPN_75-83,YPFPGPIPN,9,"1) 14.8, 2) 378.65",36.5,uM,=,36.5,exact_molar,multi_value_median_used_n=2,2,8.0,65.0,36.5,8.0 | 65.0,ACE-inhibitory,Bos taurus,multiple_ic50_values_in_single_cell
mbpdb_ace_000106,MBPDB_P02666_VLGP_212-215,VLGP,4,153.5,5.0,uM,=,5.0,exact_molar,single_numeric_uM_value_from_tsv,1,5.0,5.0,5.0,5.0,ACE-inhibitory,Bos taurus,
mbpdb_ace_000107,MBPDB_P02666_LPLPLL_150-155,LPLPLL,6,,,,,,missing,,0,,,,,ACE-inhibitory,Bos taurus,ic50_missing
mbpdb_ace_000108,MBPDB_P33048_GPFPILV_216-222,GPFPILV,7,424.0,0.0,uM,=,0.0,exact_molar,single_numeric_uM_value_from_tsv,1,0.0,0.0,0.0,0.0,ACE-inhibitory,Capra hircus,
mbpdb_ace_000109,MBPDB_P02666_FLQP_102-105,FLQP,4,68.7,7.0,uM,=,7.0,exact_molar,single_numeric_uM_value_from_tsv,1,7.0,7.0,7.0,7.0,ACE-inhibitory,Bos taurus,
mbpdb_ace_000110,MBPDB_P11839_YQEPVLGP_206-213,YQEPVLGP,8,725.03,3.0,uM,=,3.0,exact_molar,single_numeric_uM_value_from_tsv,1,3.0,3.0,3.0,3.0,ACE-inhibitory,Ovis aries,
mbpdb_ace_000111,MBPDB_P11839_YQEP_206-209,YQEP,4,317.14,14.0,uM,=,14.0,exact_molar,single_numeric_uM_value_from_tsv,1,14.0,14.0,14.0,14.0,ACE-inhibitory,Ovis aries,
mbpdb_ace_000112,MBPDB_P05814_WSVPQPK_169-175,WSVPQPK,7,667.96,96.0,uM,=,96.0,exact_molar,single_numeric_uM_value_from_tsv,1,96.0,96.0,96.0,96.0,ACE-inhibitory,Homo sapiens,
mbpdb_ace_000113,MBPDB_P02666_VYPFPGPIPN_74-83,VYPFPGPIPN,10,325.0,0.0,uM,=,0.0,exact_molar,single_numeric_uM_value_from_tsv,1,0.0,0.0,0.0,0.0,ACE-inhibitory,Bos taurus,
mbpdb_ace_000114,MBPDB_P11839_VPKVK_110-114,VPKVK,5,4.3,3.0,uM,=,3.0,exact_molar,single_numeric_uM_value_from_tsv,1,3.0,3.0,3.0,3.0,ACE-inhibitory,Ovis aries,
mbpdb_ace_000115,MBPDB_P02666_VLPVPQK_185-191,VLPVPQK,7,15.0,0.0,uM,=,0.0,exact_molar,single_numeric_uM_value_from_tsv,1,0.0,0.0,0.0,0.0,ACE-inhibitory,Bos taurus,
mbpdb_ace_000116,MBPDB_P05814_HQIYPV_208-213,HQIYPV,6,414.0,0.0,uM,=,0.0,exact_molar,single_numeric_uM_value_from_tsv,1,0.0,0.0,0.0,0.0,ACE-inhibitory,Homo sapiens,
mbpdb_ace_000117,MBPDB_P02666_AVPYPQR_192-198,AVPYPQR,7,"1) 15.0, 2) 274.0",0.0,uM,=,0.0,exact_molar,multi_value_median_used_n=2,2,0.0,0.0,0.0,0.0 | 0.0,ACE-inhibitory,Bos taurus,multiple_ic50_values_in_single_cell
mbpdb_ace_000118,MBPDB_P02666_RINKK_40-44,RINKK,5,18.32,32.0,uM,=,32.0,exact_molar,single_numeric_uM_value_from_tsv,1,32.0,32.0,32.0,32.0,ACE-inhibitory,Bos taurus,
mbpdb_ace_000119,MBPDB_P11839_YQEPVLGPVRG_206-216,YQEPVLGPVRG,11,412.0,0.0,uM,=,0.0,exact_molar,single_numeric_uM_value_from_tsv,1,0.0,0.0,0.0,0.0,ACE-inhibitory,Ovis aries,
mbpdb_ace_000120,MBPDB_P02666_YQEPVLGPVR_208-217,YQEPVLGPVR,10,300.0,0.0,uM,=,0.0,exact_molar,single_numeric_uM_value_from_tsv,1,0.0,0.0,0.0,0.0,ACE-inhibitory,Bos taurus,
mbpdb_ace_000121,MBPDB_P02666_YQEPVL_208-213,YQEPVL,6,"1) 280.0, 2) 8.14",7.0,uM,=,7.0,exact_molar,multi_value_median_used_n=2,2,0.0,14.0,7.0,0.0 | 14.0,ACE-inhibitory,Bos taurus,multiple_ic50_values_in_single_cell
mbpdb_ace_000122,MBPDB_P05814_YPSFQPQPLIYP_56-67,YPSFQPQPLIYP,12,4.8,8.0,uM,=,8.0,exact_molar,single_numeric_uM_value_from_tsv,1,8.0,8.0,8.0,8.0,ACE-inhibitory,Homo sapiens,
mbpdb_ace_000123,MBPDB_P05814_YGFLP_74-78,YGFLP,5,"1) 268.0, 2) 272.39",19.5,uM,=,19.5,exact_molar,multi_value_median_used_n=2,2,0.0,39.0,19.5,0.0 | 39.0,ACE-inhibitory,Homo sapiens,multiple_ic50_values_in_single_cell
mbpdb_ace_000124,MBPDB_P02666_VYPFPGPIPNSLPQNIPP_74-91,VYPFPGPIPNSLPQNIPP,18,87.0,0.0,uM,=,0.0,exact_molar,single_numeric_uM_value_from_tsv,1,0.0,0.0,0.0,0.0,ACE-inhibitory,Bos taurus,
mbpdb_ace_000125,MBPDB_P02666_VYPFPG_74-79,VYPFPG,6,221.0,0.0,uM,=,0.0,exact_molar,single_numeric_uM_value_from_tsv,1,0.0,0.0,0.0,0.0,ACE-inhibitory,Bos taurus,
mbpdb_ace_000126,MBPDB_P02666_VYP_74-76,VYP,3,288.0,0.0,uM,=,0.0,exact_molar,single_numeric_uM_value_from_tsv,1,0.0,0.0,0.0,0.0,ACE-inhibitory,Bos taurus,
mbpdb_ace_000127,MBPDB_Q9TVD0_VY_75-76,VY,2,"1) 7.1, 2) 11.0",0.5,uM,=,0.5,exact_molar,multi_value_median_used_n=2,2,0.0,1.0,0.5,0.0 | 1.0,ACE-inhibitory,Camelus dromedarius,multiple_ic50_values_in_single_cell
mbpdb_ace_000128,MBPDB_P02666_VVPP_98-101,VVPP,4,258.21,21.0,uM,=,21.0,exact_molar,single_numeric_uM_value_from_tsv,1,21.0,21.0,21.0,21.0,ACE-inhibitory,Bos taurus,
mbpdb_ace_000129,MBPDB_P02666_VRGPFPIIV_216-224,VRGPFPIIV,9,600.0,0.0,uM,=,0.0,exact_molar,single_numeric_uM_value_from_tsv,1,0.0,0.0,0.0,0.0,ACE-inhibitory,Bos taurus,
mbpdb_ace_000130,MBPDB_P11839_VRGPFP_214-219,VRGPFP,6,592.0,0.0,uM,=,0.0,exact_molar,single_numeric_uM_value_from_tsv,1,0.0,0.0,0.0,0.0,ACE-inhibitory,Ovis aries,
mbpdb_ace_000131,MBPDB_P33048_VRGP_214-217,VRGP,4,"1) 120.9, 2) 179.7",8.0,uM,=,8.0,exact_molar,multi_value_median_used_n=2,2,7.0,9.0,8.0,7.0 | 9.0,ACE-inhibitory,Capra hircus,multiple_ic50_values_in_single_cell
mbpdb_ace_000132,MBPDB_P05814_VPQPIP_153-158,VPQPIP,6,290.0,0.0,uM,=,0.0,exact_molar,single_numeric_uM_value_from_tsv,1,0.0,0.0,0.0,0.0,ACE-inhibitory,Homo sapiens,
mbpdb_ace_000133,MBPDB_P02666_VP_23-24_99-100_188-189_193-194,VP,2,420.0,0.0,uM,=,0.0,exact_molar,single_numeric_uM_value_from_tsv,1,0.0,0.0,0.0,0.0,ACE-inhibitory,Bos taurus,
mbpdb_ace_000134,MBPDB_P05814_VMP_114-116,VMP,3,29.0,0.0,uM,=,0.0,exact_molar,single_numeric_uM_value_from_tsv,1,0.0,0.0,0.0,0.0,ACE-inhibitory,Homo sapiens,
mbpdb_ace_000135,MBPDB_P05814_VLPIP_176-180,VLPIP,5,31.0,0.0,uM,=,0.0,exact_molar,single_numeric_uM_value_from_tsv,1,0.0,0.0,0.0,0.0,ACE-inhibitory,Homo sapiens,
mbpdb_ace_000136,MBPDB_P02666_VLGPVRGPFP_212-221,VLGPVRGPFP,10,137.0,0.0,uM,=,0.0,exact_molar,single_numeric_uM_value_from_tsv,1,0.0,0.0,0.0,0.0,ACE-inhibitory,Bos taurus,
mbpdb_ace_000137,MBPDB_P02666_VEP_131-133,VEP,3,63.7,7.0,uM,=,7.0,exact_molar,single_numeric_uM_value_from_tsv,1,7.0,7.0,7.0,7.0,ACE-inhibitory,Bos taurus,
mbpdb_ace_000138,MBPDB_P02666_VENLHLPLPLL_145-155,VENLHLPLPLL,11,175.0,0.0,uM,=,0.0,exact_molar,single_numeric_uM_value_from_tsv,1,0.0,0.0,0.0,0.0,ACE-inhibitory,Bos taurus,
mbpdb_ace_000139,MBPDB_P86273_VAPFPQPVVP_176-185,VAPFPQPVVP,10,273.0,0.0,uM,=,0.0,exact_molar,single_numeric_uM_value_from_tsv,1,0.0,0.0,0.0,0.0,ACE-inhibitory,Equus asinus,
mbpdb_ace_000140,MBPDB_P05814_TVYTKGRVMP_107-116,TVYTKGRVMP,10,38.0,0.0,uM,=,0.0,exact_molar,single_numeric_uM_value_from_tsv,1,0.0,0.0,0.0,0.0,ACE-inhibitory,Homo sapiens,
mbpdb_ace_000141,MBPDB_P02666_TQSLVYP_70-76,TQSLVYP,7,64.0,0.0,uM,=,0.0,exact_molar,single_numeric_uM_value_from_tsv,1,0.0,0.0,0.0,0.0,ACE-inhibitory,Bos taurus,
mbpdb_ace_000142,MBPDB_P02666_TPVVVPPFLQP_95-105,TPVVVPPFLQP,11,749.0,0.0,uM,=,0.0,exact_molar,single_numeric_uM_value_from_tsv,1,0.0,0.0,0.0,0.0,ACE-inhibitory,Bos taurus,
mbpdb_ace_000143,MBPDB_P33048_TGPIPN_78-83,TGPIPN,6,316.0,0.0,uM,=,0.0,exact_molar,single_numeric_uM_value_from_tsv,1,0.0,0.0,0.0,0.0,ACE-inhibitory,Capra hircus,
mbpdb_ace_000144,MBPDB_Q9TVD0_TF_67-68,TF,2,18.0,0.0,uM,=,0.0,exact_molar,single_numeric_uM_value_from_tsv,1,0.0,0.0,0.0,0.0,ACE-inhibitory,Camelus dromedarius,
mbpdb_ace_000145,MBPDB_P02666_SQSKVLPVPQ_181-190,SQSKVLPVPQ,10,92.0,0.0,uM,=,0.0,exact_molar,single_numeric_uM_value_from_tsv,1,0.0,0.0,0.0,0.0,ACE-inhibitory,Bos taurus,
mbpdb_ace_000146,MBPDB_P33048_SQPK_181-184,SQPK,4,354.0,0.0,uM,=,0.0,exact_molar,single_numeric_uM_value_from_tsv,1,0.0,0.0,0.0,0.0,ACE-inhibitory,Capra hircus,
mbpdb_ace_000147,MBPDB_P02666_SLVYP_72-76,SLVYP,5,40.0,0.0,uM,=,0.0,exact_molar,single_numeric_uM_value_from_tsv,1,0.0,0.0,0.0,0.0,ACE-inhibitory,Bos taurus,
mbpdb_ace_000148,MBPDB_P02666_SLPQN_84-88,SLPQN,5,9.49,49.0,uM,=,49.0,exact_molar,single_numeric_uM_value_from_tsv,1,49.0,49.0,49.0,49.0,ACE-inhibitory,Bos taurus,
mbpdb_ace_000149,MBPDB_P33048_SLPQ_84-87,SLPQ,4,"1) 330.0, 2) 347.0",0.0,uM,=,0.0,exact_molar,multi_value_median_used_n=2,2,0.0,0.0,0.0,0.0 | 0.0,ACE-inhibitory,Capra hircus,multiple_ic50_values_in_single_cell; inhibition_type_present
mbpdb_ace_000150,MBPDB_P02666_SKVLPVPQ_183-190,SKVLPVPQ,8,39.0,0.0,uM,=,0.0,exact_molar,single_numeric_uM_value_from_tsv,1,0.0,0.0,0.0,0.0,ACE-inhibitory,Bos taurus,
mbpdb_ace_000151,MBPDB_P05814_SFQPQPLIYP_58-67,SFQPQPLIYP,10,1.4,4.0,uM,=,4.0,exact_molar,single_numeric_uM_value_from_tsv,1,4.0,4.0,4.0,4.0,ACE-inhibitory,Homo sapiens,
mbpdb_ace_000152,MBPDB_P02666_RDMPIQAF_198-205,RDMPIQAF,8,209.0,0.0,uM,=,0.0,exact_molar,single_numeric_uM_value_from_tsv,1,0.0,0.0,0.0,0.0,ACE-inhibitory,Bos taurus,
mbpdb_ace_000153,MBPDB_P05814_QVPQPIP_152-158,QVPQPIP,7,660.0,0.0,uM,=,0.0,exact_molar,single_numeric_uM_value_from_tsv,1,0.0,0.0,0.0,0.0,ACE-inhibitory,Homo sapiens,
mbpdb_ace_000154,MBPDB_P02666_QTQSLVYP_69-76,QTQSLVYP,8,73.0,0.0,uM,=,0.0,exact_molar,single_numeric_uM_value_from_tsv,1,0.0,0.0,0.0,0.0,ACE-inhibitory,Bos taurus,
mbpdb_ace_000155,MBPDB_P02666_QSLVYP_71-76,QSLVYP,6,41.0,0.0,uM,=,0.0,exact_molar,single_numeric_uM_value_from_tsv,1,0.0,0.0,0.0,0.0,ACE-inhibitory,Bos taurus,
mbpdb_ace_000156,MBPDB_P05814_QPQPLIYP_60-67,QPQPLIYP,8,4.0,0.0,uM,=,0.0,exact_molar,single_numeric_uM_value_from_tsv,1,0.0,0.0,0.0,0.0,ACE-inhibitory,Homo sapiens,
mbpdb_ace_000157,MBPDB_P05814_QPLIYP_62-67,QPLIYP,6,3.6,6.0,uM,=,6.0,exact_molar,single_numeric_uM_value_from_tsv,1,6.0,6.0,6.0,6.0,ACE-inhibitory,Homo sapiens,
mbpdb_ace_000158,MBPDB_P05814_QPIP_155-158,QPIP,4,860.0,0.0,uM,=,0.0,exact_molar,single_numeric_uM_value_from_tsv,1,0.0,0.0,0.0,0.0,ACE-inhibitory,Homo sapiens,
mbpdb_ace_000159,MBPDB_P02666_QEPVLGPVRGPFPIIV_209-224,QEPVLGPVRGPFPIIV,16,600.0,0.0,uM,=,0.0,exact_molar,single_numeric_uM_value_from_tsv,1,0.0,0.0,0.0,0.0,ACE-inhibitory,Bos taurus,
mbpdb_ace_000160,MBPDB_P05814_PVPQP_92-96,PVPQP,5,110.0,0.0,uM,=,0.0,exact_molar,single_numeric_uM_value_from_tsv,1,0.0,0.0,0.0,0.0,ACE-inhibitory,Homo sapiens,
mbpdb_ace_000161,MBPDB_P05814_PSFQPQPLIYP_57-67,PSFQPQPLIYP,11,2.7,7.0,uM,=,7.0,exact_molar,single_numeric_uM_value_from_tsv,1,7.0,7.0,7.0,7.0,ACE-inhibitory,Homo sapiens,
mbpdb_ace_000162,MBPDB_P05814_PSFQP_57-61,PSFQP,5,73.0,0.0,uM,=,0.0,exact_molar,single_numeric_uM_value_from_tsv,1,0.0,0.0,0.0,0.0,ACE-inhibitory,Homo sapiens,
mbpdb_ace_000163,MBPDB_P05814_PQTLALP_158-164,PQTLALP,7,110.0,0.0,uM,=,0.0,exact_molar,single_numeric_uM_value_from_tsv,1,0.0,0.0,0.0,0.0,ACE-inhibitory,Homo sapiens,
mbpdb_ace_000164,MBPDB_P05814_PQPLIYP_61-67,PQPLIYP,7,3.0,0.0,uM,=,0.0,exact_molar,single_numeric_uM_value_from_tsv,1,0.0,0.0,0.0,0.0,ACE-inhibitory,Homo sapiens,
mbpdb_ace_000165,MBPDB_P05814_PQPIP_154-158,PQPIP,5,340.0,0.0,uM,=,0.0,exact_molar,single_numeric_uM_value_from_tsv,1,0.0,0.0,0.0,0.0,ACE-inhibitory,Homo sapiens,
mbpdb_ace_000166,MBPDB_P05814_PQNILP_78-83,PQNILP,6,440.0,0.0,uM,=,0.0,exact_molar,single_numeric_uM_value_from_tsv,1,0.0,0.0,0.0,0.0,ACE-inhibitory,Homo sapiens,
mbpdb_ace_000167,MBPDB_P02666_PPQSVLSLSQSKVLPVPQ_173-190,PPQSVLSLSQSKVLPVPQ,18,25.0,0.0,uM,=,0.0,exact_molar,single_numeric_uM_value_from_tsv,1,0.0,0.0,0.0,0.0,ACE-inhibitory,Bos taurus,
mbpdb_ace_000168,MBPDB_L8I8G5_PLPLL_151-155,PLPLL,5,453.13,13.0,uM,=,13.0,exact_molar,single_numeric_uM_value_from_tsv,1,13.0,13.0,13.0,13.0,ACE-inhibitory,Bos mutus,
mbpdb_ace_000169,MBPDB_P05814_PLP_142-144,PLP,3,430.0,0.0,uM,=,0.0,exact_molar,single_numeric_uM_value_from_tsv,1,0.0,0.0,0.0,0.0,ACE-inhibitory,Homo sapiens,
mbpdb_ace_000170,MBPDB_P05814_PLIYP_63-67,PLIYP,5,4.4,4.0,uM,=,4.0,exact_molar,single_numeric_uM_value_from_tsv,1,4.0,4.0,4.0,4.0,ACE-inhibitory,Homo sapiens,
mbpdb_ace_000171,MBPDB_P05814_PLAQPA_83-88,PLAQPA,6,940.0,0.0,uM,=,0.0,exact_molar,single_numeric_uM_value_from_tsv,1,0.0,0.0,0.0,0.0,ACE-inhibitory,Homo sapiens,
mbpdb_ace_000172,MBPDB_P02666_PFP_76-78_125-127_219-221,PFP,3,144.4,4.0,uM,=,4.0,exact_molar,single_numeric_uM_value_from_tsv,1,4.0,4.0,4.0,4.0,ACE-inhibitory,Bos taurus,
mbpdb_ace_000173,MBPDB_P05814_PFFDPQIP_124-131,PFFDPQIP,8,410.0,0.0,uM,=,0.0,exact_molar,single_numeric_uM_value_from_tsv,1,0.0,0.0,0.0,0.0,ACE-inhibitory,Homo sapiens,
mbpdb_ace_000174,MBPDB_P05814_PAVVLP_87-92,PAVVLP,6,45.0,0.0,uM,=,0.0,exact_molar,single_numeric_uM_value_from_tsv,1,0.0,0.0,0.0,0.0,ACE-inhibitory,Homo sapiens,
mbpdb_ace_000175,MBPDB_P02666_NSLP_83-86,NSLP,4,755.1,1.0,uM,=,1.0,exact_molar,single_numeric_uM_value_from_tsv,1,1.0,1.0,1.0,1.0,ACE-inhibitory,Bos taurus,
mbpdb_ace_000176,MBPDB_P02666_NLHLPLPLL_147-155,NLHLPLPLL,9,15.0,0.0,uM,=,0.0,exact_molar,single_numeric_uM_value_from_tsv,1,0.0,0.0,0.0,0.0,ACE-inhibitory,Bos taurus,
mbpdb_ace_000177,MBPDB_P05814_NLHLPLP_138-144,NLHLPLP,7,51.0,0.0,uM,=,0.0,exact_molar,single_numeric_uM_value_from_tsv,1,0.0,0.0,0.0,0.0,ACE-inhibitory,Homo sapiens,
mbpdb_ace_000178,MBPDB_P05814_NLHLP_138-142,NLHLP,5,420.0,0.0,uM,=,0.0,exact_molar,single_numeric_uM_value_from_tsv,1,0.0,0.0,0.0,0.0,ACE-inhibitory,Homo sapiens,
mbpdb_ace_000179,MBPDB_P02666_NIPPLTQTPVVVPPFLQ_88-104,NIPPLTQTPVVVPPFLQ,17,450.0,0.0,uM,=,0.0,exact_molar,single_numeric_uM_value_from_tsv,1,0.0,0.0,0.0,0.0,ACE-inhibitory,Bos taurus,
mbpdb_ace_000180,MBPDB_P02666_NIPPLTQTPV_88-97,NIPPLTQTPV,10,173.3,3.0,uM,=,3.0,exact_molar,single_numeric_uM_value_from_tsv,1,3.0,3.0,3.0,3.0,ACE-inhibitory,Bos taurus,
mbpdb_ace_000181,MBPDB_P05814_NILP_80-83,NILP,4,560.0,0.0,uM,=,0.0,exact_molar,single_numeric_uM_value_from_tsv,1,0.0,0.0,0.0,0.0,ACE-inhibitory,Homo sapiens,
mbpdb_ace_000182,MBPDB_P02666_MPFPKYPVEP_124-133,MPFPKYPVEP,10,83.0,0.0,uM,=,0.0,exact_molar,single_numeric_uM_value_from_tsv,1,0.0,0.0,0.0,0.0,ACE-inhibitory,Bos taurus,
mbpdb_ace_000183,MBPDB_P02666_MAP_117-119,MAP,3,"1) 0.4, 2) 0.8",6.0,uM,=,6.0,exact_molar,multi_value_median_used_n=2,2,4.0,8.0,6.0,4.0 | 8.0,ACE-inhibitory,Bos taurus,multiple_ic50_values_in_single_cell
mbpdb_ace_000184,MBPDB_P33048_LVYPFTGPIPN_73-83,LVYPFTGPIPN,11,27.9,9.0,uM,=,9.0,exact_molar,single_numeric_uM_value_from_tsv,1,9.0,9.0,9.0,9.0,ACE-inhibitory,Capra hircus,
mbpdb_ace_000185,MBPDB_P02666_LVYPFPGPIPNSLPQNIPP_73-91,LVYPFPGPIPNSLPQNIPP,19,"1) 11.6, 2) 73.0, 3) 5.2",2.0,uM,=,2.0,exact_molar,multi_value_median_used_n=3,3,0.0,6.0,2.0,0.0 | 2.0 | 6.0,ACE-inhibitory,Bos taurus,multiple_ic50_values_in_single_cell
mbpdb_ace_000186,MBPDB_P02666_LVYPFPGPIPNSLPQN_73-88,LVYPFPGPIPNSLPQN,16,71.0,0.0,uM,=,0.0,exact_molar,single_numeric_uM_value_from_tsv,1,0.0,0.0,0.0,0.0,ACE-inhibitory,Bos taurus,
mbpdb_ace_000187,MBPDB_P02666_LVYPFPGPIPNSLPQ_73-87,LVYPFPGPIPNSLPQ,15,18.0,0.0,uM,=,0.0,exact_molar,single_numeric_uM_value_from_tsv,1,0.0,0.0,0.0,0.0,ACE-inhibitory,Bos taurus,
mbpdb_ace_000188,MBPDB_P02666_LVYPFPGPIP_73-82,LVYPFPGPIP,10,89.0,0.0,uM,=,0.0,exact_molar,single_numeric_uM_value_from_tsv,1,0.0,0.0,0.0,0.0,ACE-inhibitory,Bos taurus,
mbpdb_ace_000189,MBPDB_Q9TSI0_LVYPFPGPI_73-81,LVYPFPGPI,9,"1) 180.2, 2) 183.0",1.0,uM,=,1.0,exact_molar,multi_value_median_used_n=2,2,0.0,2.0,1.0,0.0 | 2.0,ACE-inhibitory,Bubalus bubalis,multiple_ic50_values_in_single_cell
mbpdb_ace_000190,MBPDB_P02666_LVYPFPGP_73-80,LVYPFPGP,8,147.0,0.0,uM,=,0.0,exact_molar,single_numeric_uM_value_from_tsv,1,0.0,0.0,0.0,0.0,ACE-inhibitory,Bos taurus,
mbpdb_ace_000191,MBPDB_P02666_LVYPFP_73-78,LVYPFP,6,132.0,0.0,uM,=,0.0,exact_molar,single_numeric_uM_value_from_tsv,1,0.0,0.0,0.0,0.0,ACE-inhibitory,Bos taurus,
mbpdb_ace_000192,MBPDB_P02666_LVYP_73-76,LVYP,4,170.0,0.0,uM,=,0.0,exact_molar,single_numeric_uM_value_from_tsv,1,0.0,0.0,0.0,0.0,ACE-inhibitory,Bos taurus,
mbpdb_ace_000193,MBPDB_P02666_LQSW_155-158,LQSW,4,500.0,0.0,uM,=,0.0,exact_molar,single_numeric_uM_value_from_tsv,1,0.0,0.0,0.0,0.0,ACE-inhibitory,Bos taurus,
mbpdb_ace_000194,MBPDB_P02666_LQP_103-105,LQP,3,3.4,4.0,uM,=,4.0,exact_molar,single_numeric_uM_value_from_tsv,1,4.0,4.0,4.0,4.0,ACE-inhibitory,Bos taurus,
mbpdb_ace_000195,MBPDB_P02666_LPQNIPPLTQTPVVVPPFLQPEVMGVSK_85-112,LPQNIPPLTQTPVVVPPFLQPEVMGVSK,28,144.0,0.0,uM,=,0.0,exact_molar,single_numeric_uM_value_from_tsv,1,0.0,0.0,0.0,0.0,ACE-inhibitory,Bos taurus,
mbpdb_ace_000196,MBPDB_P05814_LPQNILP_77-83,LPQNILP,7,46.0,0.0,uM,=,0.0,exact_molar,single_numeric_uM_value_from_tsv,1,0.0,0.0,0.0,0.0,ACE-inhibitory,Homo sapiens,
mbpdb_ace_000197,MBPDB_P02666_LPP_166-168,LPP,3,9.6,6.0,uM,=,6.0,exact_molar,single_numeric_uM_value_from_tsv,1,6.0,6.0,6.0,6.0,ACE-inhibitory,Bos taurus,
mbpdb_ace_000198,MBPDB_P05814_LPLP_141-144,LPLP,4,"1) 720.0, 2) 750.0",0.0,uM,=,0.0,exact_molar,multi_value_median_used_n=2,2,0.0,0.0,0.0,0.0 | 0.0,ACE-inhibitory,Homo sapiens,multiple_ic50_values_in_single_cell
mbpdb_ace_000199,MBPDB_P02666_LNVPGEIVE_21-29,LNVPGEIVE,9,300.1,1.0,uM,=,1.0,exact_molar,single_numeric_uM_value_from_tsv,1,1.0,1.0,1.0,1.0,ACE-inhibitory,Bos taurus,
mbpdb_ace_000200,MBPDB_P02666_LLYQEPVLGPVRGPFPIIV_206-224,LLYQEPVLGPVRGPFPIIV,19,21.0,0.0,uM,=,0.0,exact_molar,single_numeric_uM_value_from_tsv,1,0.0,0.0,0.0,0.0,ACE-inhibitory,Bos taurus,
mbpdb_ace_000201,MBPDB_P05814_LIYP_64-67,LIYP,4,10.0,0.0,uM,=,0.0,exact_molar,single_numeric_uM_value_from_tsv,1,0.0,0.0,0.0,0.0,ACE-inhibitory,Homo sapiens,
mbpdb_ace_000202,MBPDB_P02666_LHLPLPL_148-154,LHLPLPL,7,425.0,0.0,uM,=,0.0,exact_molar,single_numeric_uM_value_from_tsv,1,0.0,0.0,0.0,0.0,ACE-inhibitory,Bos taurus,
mbpdb_ace_000203,MBPDB_P05814_LHLPLP_139-144,LHLPLP,6,"1) 2.9, 2) 1.9, 3) 5.5, 4) 3.7, 5) 5.4",7.0,uM,=,7.0,exact_molar,multi_value_median_used_n=5,5,4.0,9.0,7.0,4.0 | 5.0 | 7.0 | 9.0 | 9.0,ACE-inhibitory,Homo sapiens,multiple_ic50_values_in_single_cell
mbpdb_ace_000204,MBPDB_P05814_LHLP_139-142,LHLP,4,210.0,0.0,uM,=,0.0,exact_molar,single_numeric_uM_value_from_tsv,1,0.0,0.0,0.0,0.0,ACE-inhibitory,Homo sapiens,
mbpdb_ace_000205,MBPDB_P05814_LENLHLPLP_136-144,LENLHLPLP,9,86.0,0.0,uM,=,0.0,exact_molar,single_numeric_uM_value_from_tsv,1,0.0,0.0,0.0,0.0,ACE-inhibitory,Homo sapiens,
mbpdb_ace_000206,MBPDB_P05814_LALPP_161-165,LALPP,5,290.0,0.0,uM,=,0.0,exact_molar,single_numeric_uM_value_from_tsv,1,0.0,0.0,0.0,0.0,ACE-inhibitory,Homo sapiens,
mbpdb_ace_000207,MBPDB_P02666_KYPVEPFTESQSLTL_128-142,KYPVEPFTESQSLTL,15,93.0,0.0,uM,=,0.0,exact_molar,single_numeric_uM_value_from_tsv,1,0.0,0.0,0.0,0.0,ACE-inhibitory,Bos taurus,
mbpdb_ace_000208,MBPDB_P02666_KYP_128-130,KYP,3,363.9,9.0,uM,=,9.0,exact_molar,single_numeric_uM_value_from_tsv,1,9.0,9.0,9.0,9.0,ACE-inhibitory,Bos taurus,
mbpdb_ace_000209,MBPDB_P02666_KVLPVPQ_184-190,KVLPVPQ,7,"1) 1000.0, 3) 1000.0",0.0,uM,=,0.0,exact_molar,multi_value_median_used_n=2,2,0.0,0.0,0.0,0.0 | 0.0,ACE-inhibitory,Bos taurus,multiple_ic50_values_in_single_cell
mbpdb_ace_000210,MBPDB_P02666_KVLPVP_184-189,KVLPVP,6,,,,,,missing,,0,,,,,ACE-inhibitory,Bos taurus,ic50_missing
mbpdb_ace_000211,MBPDB_P02666_KVLILA_7-Feb,KVLILA,6,20.85,85.0,uM,=,85.0,exact_molar,single_numeric_uM_value_from_tsv,1,85.0,85.0,85.0,85.0,ACE-inhibitory,Bos taurus,
mbpdb_ace_000212,MBPDB_P05814_KIYPSFQPQPLIYP_54-67,KIYPSFQPQPLIYP,14,8.6,6.0,uM,=,6.0,exact_molar,single_numeric_uM_value_from_tsv,1,6.0,6.0,6.0,6.0,ACE-inhibitory,Homo sapiens,
mbpdb_ace_000213,MBPDB_P02666_KIHPFAQTQSLVYP_63-76,KIHPFAQTQSLVYP,14,39.0,0.0,uM,=,0.0,exact_molar,single_numeric_uM_value_from_tsv,1,0.0,0.0,0.0,0.0,ACE-inhibitory,Bos taurus,
mbpdb_ace_000214,MBPDB_P33048_KIHPFAQAQ_63-71,KIHPFAQAQ,9,132.6,6.0,uM,=,6.0,exact_molar,single_numeric_uM_value_from_tsv,1,6.0,6.0,6.0,6.0,ACE-inhibitory,Capra hircus,
mbpdb_ace_000215,MBPDB_P05814_IYPSFQPQPLIYP_55-67,IYPSFQPQPLIYP,13,7.6,6.0,uM,=,6.0,exact_molar,single_numeric_uM_value_from_tsv,1,6.0,6.0,6.0,6.0,ACE-inhibitory,Homo sapiens,
mbpdb_ace_000216,MBPDB_P05814_IYP_55-57_65-67_210-212,IYP,3,61.0,0.0,uM,=,0.0,exact_molar,single_numeric_uM_value_from_tsv,1,0.0,0.0,0.0,0.0,ACE-inhibitory,Homo sapiens,
mbpdb_ace_000217,MBPDB_P02666_IQA_202-204,IQA,3,32.9,9.0,uM,=,9.0,exact_molar,single_numeric_uM_value_from_tsv,1,9.0,9.0,9.0,9.0,ACE-inhibitory,Bos taurus,
mbpdb_ace_000218,MBPDB_P05814_ILP_81-83,ILP,3,270.0,0.0,uM,=,0.0,exact_molar,single_numeric_uM_value_from_tsv,1,0.0,0.0,0.0,0.0,ACE-inhibitory,Homo sapiens,
mbpdb_ace_000219,MBPDB_P02666_IHPFAQTQSLVYP_64-76,IHPFAQTQSLVYP,13,19.0,0.0,uM,=,0.0,exact_molar,single_numeric_uM_value_from_tsv,1,0.0,0.0,0.0,0.0,ACE-inhibitory,Bos taurus,
mbpdb_ace_000220,MBPDB_P02666_HQP_160-162_163-165,HQP,3,134.7,7.0,uM,=,7.0,exact_molar,single_numeric_uM_value_from_tsv,1,7.0,7.0,7.0,7.0,ACE-inhibitory,Bos taurus,
mbpdb_ace_000221,MBPDB_P05814_HQIYP_208-212,HQIYP,5,110.0,0.0,uM,=,0.0,exact_molar,single_numeric_uM_value_from_tsv,1,0.0,0.0,0.0,0.0,ACE-inhibitory,Homo sapiens,
mbpdb_ace_000222,MBPDB_P02666_HPFAQTQSLVYP_65-76,HPFAQTQSLVYP,12,26.0,0.0,uM,=,0.0,exact_molar,single_numeric_uM_value_from_tsv,1,0.0,0.0,0.0,0.0,ACE-inhibitory,Bos taurus,
mbpdb_ace_000223,MBPDB_P33048_HPFAQ_65-69,HPFAQ,5,465.0,0.0,uM,=,0.0,exact_molar,single_numeric_uM_value_from_tsv,1,0.0,0.0,0.0,0.0,ACE-inhibitory,Capra hircus,
mbpdb_ace_000224,MBPDB_P05814_HLPLP_140-144,HLPLP,5,"1) 41.0, 3) 21.6",3.0,uM,=,3.0,exact_molar,multi_value_median_used_n=2,2,0.0,6.0,3.0,0.0 | 6.0,ACE-inhibitory,Homo sapiens,multiple_ic50_values_in_single_cell
mbpdb_ace_000225,MBPDB_P33048_GVPKVKETMVPKH_109-121,GVPKVKETMVPKH,13,223.2,2.0,uM,=,2.0,exact_molar,single_numeric_uM_value_from_tsv,1,2.0,2.0,2.0,2.0,ACE-inhibitory,Capra hircus,
mbpdb_ace_000226,MBPDB_P33048_GVPKVKETMVPK_109-120,GVPKVKETMVPK,12,376.1,1.0,uM,=,1.0,exact_molar,single_numeric_uM_value_from_tsv,1,1.0,1.0,1.0,1.0,ACE-inhibitory,Capra hircus,
mbpdb_ace_000227,MBPDB_P05814_GRVMP_112-116,GRVMP,5,250.0,0.0,uM,=,0.0,exact_molar,single_numeric_uM_value_from_tsv,1,0.0,0.0,0.0,0.0,ACE-inhibitory,Homo sapiens,
mbpdb_ace_000228,MBPDB_P02666_GP_79-80_214-215_218-219,GP,2,252.6,6.0,uM,=,6.0,exact_molar,single_numeric_uM_value_from_tsv,1,6.0,6.0,6.0,6.0,ACE-inhibitory,Bos taurus,
mbpdb_ace_000229,MBPDB_P05814_FQPQPLIYP_59-67,FQPQPLIYP,9,1.8,8.0,uM,=,8.0,exact_molar,single_numeric_uM_value_from_tsv,1,8.0,8.0,8.0,8.0,ACE-inhibitory,Homo sapiens,
mbpdb_ace_000230,MBPDB_P02666_FAQTQSLVYP_67-76,FAQTQSLVYP,10,25.0,0.0,uM,=,0.0,exact_molar,single_numeric_uM_value_from_tsv,1,0.0,0.0,0.0,0.0,ACE-inhibitory,Bos taurus,
mbpdb_ace_000231,MBPDB_P02666_FA_67-68,FA,2,487.1,1.0,uM,=,1.0,exact_molar,single_numeric_uM_value_from_tsv,1,1.0,1.0,1.0,1.0,ACE-inhibitory,Bos taurus,
mbpdb_ace_000232,MBPDB_P05814_EVPKA_100-104,EVPKA,5,324.77,77.0,uM,=,77.0,exact_molar,single_numeric_uM_value_from_tsv,1,77.0,77.0,77.0,77.0,ACE-inhibitory,Homo sapiens,
mbpdb_ace_000233,MBPDB_P02666_EPVLGPVRGPFP_210-221,EPVLGPVRGPFP,12,790.0,0.0,uM,=,0.0,exact_molar,single_numeric_uM_value_from_tsv,1,0.0,0.0,0.0,0.0,ACE-inhibitory,Bos taurus,
mbpdb_ace_000234,MBPDB_P05814_EPIPYGFLP_70-78,EPIPYGFLP,9,180.0,0.0,uM,=,0.0,exact_molar,single_numeric_uM_value_from_tsv,1,0.0,0.0,0.0,0.0,ACE-inhibitory,Homo sapiens,
mbpdb_ace_000235,MBPDB_P02666_ENLHLPLPLL_146-155,ENLHLPLPLL,10,250.0,0.0,uM,=,0.0,exact_molar,single_numeric_uM_value_from_tsv,1,0.0,0.0,0.0,0.0,ACE-inhibitory,Bos taurus,
mbpdb_ace_000236,MBPDB_P05814_ENLHLPLP_137-144,ENLHLPLP,8,155.0,0.0,uM,=,0.0,exact_molar,single_numeric_uM_value_from_tsv,1,0.0,0.0,0.0,0.0,ACE-inhibitory,Homo sapiens,
mbpdb_ace_000237,MBPDB_P05814_DKIYPSFQPQPLIYP_53-67,DKIYPSFQPQPLIYP,15,107.0,0.0,uM,=,0.0,exact_molar,single_numeric_uM_value_from_tsv,1,0.0,0.0,0.0,0.0,ACE-inhibitory,Homo sapiens,
mbpdb_ace_000238,MBPDB_P02666_DKIHPF_62-67,DKIHPF,6,256.8,8.0,uM,=,8.0,exact_molar,single_numeric_uM_value_from_tsv,1,8.0,8.0,8.0,8.0,ACE-inhibitory,Bos taurus,
mbpdb_ace_000239,MBPDB_P11839_DKIHP_62-66,DKIHP,5,"1) 113.1, 2) 113.1",1.0,uM,=,1.0,exact_molar,multi_value_median_used_n=2,2,1.0,1.0,1.0,1.0 | 1.0,ACE-inhibitory,Ovis aries,multiple_ic50_values_in_single_cell
mbpdb_ace_000240,MBPDB_P02666_DELQDKIHPFAQTQSLVYPFPGPIPNS_58-84,DELQDKIHPFAQTQSLVYPFPGPIPNS,27,4.0,0.0,uM,=,0.0,exact_molar,single_numeric_uM_value_from_tsv,1,0.0,0.0,0.0,0.0,ACE-inhibitory,Bos taurus,
mbpdb_ace_000241,MBPDB_P02666_AVPYP_192-196,AVPYP,5,80.0,0.0,uM,=,0.0,exact_molar,single_numeric_uM_value_from_tsv,1,0.0,0.0,0.0,0.0,ACE-inhibitory,Bos taurus,
mbpdb_ace_000242,MBPDB_P02666_AQTQSLVYP_68-76,AQTQSLVYP,9,76.0,0.0,uM,=,0.0,exact_molar,single_numeric_uM_value_from_tsv,1,0.0,0.0,0.0,0.0,ACE-inhibitory,Bos taurus,
mbpdb_ace_000243,MBPDB_P05814_ALPP_162-165,ALPP,4,280.0,0.0,uM,=,0.0,exact_molar,single_numeric_uM_value_from_tsv,1,0.0,0.0,0.0,0.0,ACE-inhibitory,Homo sapiens,
mbpdb_ace_000244,MBPDB_P00711_YGLF_69-72,YGLF,4,733.0,0.0,uM,=,0.0,exact_molar,single_numeric_uM_value_from_tsv,1,0.0,0.0,0.0,0.0,ACE-inhibitory,Bos taurus,
mbpdb_ace_000245,MBPDB_P00711_WLAHKAL_123-129,WLAHKAL,7,29.0,0.0,uM,=,0.0,exact_molar,single_numeric_uM_value_from_tsv,1,0.0,0.0,0.0,0.0,ACE-inhibitory,Bos taurus,
mbpdb_ace_000246,MBPDB_P00711_WL_123-124_137-138,WL,2,10.0,0.0,uM,=,0.0,exact_molar,single_numeric_uM_value_from_tsv,1,0.0,0.0,0.0,0.0,ACE-inhibitory,Bos taurus,
mbpdb_ace_000247,MBPDB_P00711_WLAHK_123-127,WLAHK,5,"1) 0.6, 2) 77.0",3.0,uM,=,3.0,exact_molar,multi_value_median_used_n=2,2,0.0,6.0,3.0,0.0 | 6.0,ACE-inhibitory,Bos taurus,multiple_ic50_values_in_single_cell
mbpdb_ace_000248,MBPDB_P00711_YGL_69-71,YGL,3,409.0,0.0,uM,=,0.0,exact_molar,single_numeric_uM_value_from_tsv,1,0.0,0.0,0.0,0.0,ACE-inhibitory,Bos taurus,
mbpdb_ace_000249,MBPDB_P00711_YGGVSLPEW_37-45,YGGVSLPEW,9,16.0,0.0,uM,=,0.0,exact_molar,single_numeric_uM_value_from_tsv,1,0.0,0.0,0.0,0.0,ACE-inhibitory,Bos taurus,
mbpdb_ace_000250,MBPDB_P00711_VSLPEW_40-45,VSLPEW,6,57.0,0.0,uM,=,0.0,exact_molar,single_numeric_uM_value_from_tsv,1,0.0,0.0,0.0,0.0,ACE-inhibitory,Bos taurus,
mbpdb_ace_000251,MBPDB_P00711_LKGYGGVSLPEW_34-45,LKGYGGVSLPEW,12,83.0,0.0,uM,=,0.0,exact_molar,single_numeric_uM_value_from_tsv,1,0.0,0.0,0.0,0.0,ACE-inhibitory,Bos taurus,
mbpdb_ace_000252,MBPDB_P00711_LAHKAL_124-129,LAHKAL,6,621.0,0.0,uM,=,0.0,exact_molar,single_numeric_uM_value_from_tsv,1,0.0,0.0,0.0,0.0,ACE-inhibitory,Bos taurus,
mbpdb_ace_000253,MBPDB_P00711_KGYGGVSLPEW_35-45,KGYGGVSLPEW,11,"1) 0.7, 2) 0.71",39.0,uM,=,39.0,exact_molar,multi_value_median_used_n=2,2,7.0,71.0,39.0,7.0 | 71.0,ACE-inhibitory,Bos taurus,multiple_ic50_values_in_single_cell
mbpdb_ace_000254,MBPDB_P00711_KGYGGVSL_35-42,KGYGGVSL,8,"1) 300.9, 2) 325.2",5.5,uM,=,5.5,exact_molar,multi_value_median_used_n=2,2,2.0,9.0,5.5,2.0 | 9.0,ACE-inhibitory,Bos taurus,multiple_ic50_values_in_single_cell
mbpdb_ace_000255,MBPDB_P00711_IW_78-79,IW,2,0.7,7.0,uM,=,7.0,exact_molar,single_numeric_uM_value_from_tsv,1,7.0,7.0,7.0,7.0,ACE-inhibitory,Bos taurus,
mbpdb_ace_000256,MBPDB_P00711_GYGGVSLPEW_36-45,GYGGVSLPEW,10,2.0,0.0,uM,=,0.0,exact_molar,single_numeric_uM_value_from_tsv,1,0.0,0.0,0.0,0.0,ACE-inhibitory,Bos taurus,
mbpdb_ace_000257,MBPDB_P00711_GVSLPEW_39-45,GVSLPEW,7,30.0,0.0,uM,=,0.0,exact_molar,single_numeric_uM_value_from_tsv,1,0.0,0.0,0.0,0.0,ACE-inhibitory,Bos taurus,
mbpdb_ace_000258,MBPDB_P00711_DKVGINYW_116-123,DKVGINYW,8,"1) 25.4, 2) 25.35",19.5,uM,=,19.5,exact_molar,multi_value_median_used_n=2,2,4.0,35.0,19.5,4.0 | 35.0,ACE-inhibitory,Bos taurus,multiple_ic50_values_in_single_cell
mbpdb_ace_000259,MBPDB_P00711_DKVGINY_116-122,DKVGINY,7,"1) 99.9, 2) 104.22",15.5,uM,=,15.5,exact_molar,multi_value_median_used_n=2,2,9.0,22.0,15.5,9.0 | 22.0,ACE-inhibitory,Bos taurus,multiple_ic50_values_in_single_cell
mbpdb_ace_000260,MBPDB_P02663_WIQP_208-211,WIQP,4,14.2,2.0,uM,=,2.0,exact_molar,single_numeric_uM_value_from_tsv,1,2.0,2.0,2.0,2.0,ACE-inhibitory,Bos taurus,
mbpdb_ace_000261,MBPDB_P33049_YQKFPQY_105-111,YQKFPQY,7,"1) 98.1, 2) 20.08",4.5,uM,=,4.5,exact_molar,multi_value_median_used_n=2,2,1.0,8.0,4.5,1.0 | 8.0,ACE-inhibitory,Capra hircus,multiple_ic50_values_in_single_cell
mbpdb_ace_000262,MBPDB_P02663_YQK_93-95_104-106_186-188,YQK,3,312.23,23.0,uM,=,23.0,exact_molar,single_numeric_uM_value_from_tsv,1,23.0,23.0,23.0,23.0,ACE-inhibitory,Bos taurus,
mbpdb_ace_000263,MBPDB_P02663_PYVRYL_217-222,PYVRYL,6,"1) 2.4, 2) 7.0",2.0,uM,=,2.0,exact_molar,multi_value_median_used_n=2,2,0.0,4.0,2.0,0.0 | 4.0,ACE-inhibitory,Bos taurus,multiple_ic50_values_in_single_cell; inhibition_type_present
mbpdb_ace_000264,MBPDB_P02663_FPQY_107-110,FPQY,4,300.74,74.0,uM,=,74.0,exact_molar,single_numeric_uM_value_from_tsv,1,74.0,74.0,74.0,74.0,ACE-inhibitory,Bos taurus,
mbpdb_ace_000265,MBPDB_P02663_FALPQYLK_189-196,FALPQYLK,8,"1) 11.9, 2) 4.3",6.0,uM,=,6.0,exact_molar,multi_value_median_used_n=2,2,3.0,9.0,6.0,3.0 | 9.0,ACE-inhibitory,Bos taurus,multiple_ic50_values_in_single_cell
mbpdb_ace_000266,MBPDB_P04654_VRYL_220-223,VRYL,4,24.1,1.0,uM,=,1.0,exact_molar,single_numeric_uM_value_from_tsv,1,1.0,1.0,1.0,1.0,ACE-inhibitory,Ovis aries,
mbpdb_ace_000267,MBPDB_P02663_VIP_215-217,VIP,3,26.1,1.0,uM,=,1.0,exact_molar,single_numeric_uM_value_from_tsv,1,1.0,1.0,1.0,1.0,ACE-inhibitory,Bos taurus,
mbpdb_ace_000268,MBPDB_P02663_TYKQE_34-38,TYKQE,5,18.6,6.0,uM,=,6.0,exact_molar,single_numeric_uM_value_from_tsv,1,6.0,6.0,6.0,6.0,ACE-inhibitory,Bos taurus,
mbpdb_ace_000269,MBPDB_P02663_TVY_197-199,TVY,3,15.0,0.0,uM,=,0.0,exact_molar,single_numeric_uM_value_from_tsv,1,0.0,0.0,0.0,0.0,ACE-inhibitory,Bos taurus,
mbpdb_ace_000270,MBPDB_P33049_TVDQHQ_198-203,TVDQHQ,6,210.5,5.0,uM,=,5.0,exact_molar,single_numeric_uM_value_from_tsv,1,5.0,5.0,5.0,5.0,ACE-inhibitory,Capra hircus,
mbpdb_ace_000271,MBPDB_P02663_TKVIP_213-217,TKVIP,5,400.0,0.0,uM,=,0.0,exact_molar,single_numeric_uM_value_from_tsv,1,0.0,0.0,0.0,0.0,ACE-inhibitory,Bos taurus,
mbpdb_ace_000272,MBPDB_P04654_PRKEKLCTTS_46-55,PRKEKLCTTS,10,142.0,0.0,uM,=,0.0,exact_molar,single_numeric_uM_value_from_tsv,1,0.0,0.0,0.0,0.0,ACE-inhibitory,Ovis aries,
mbpdb_ace_000273,MBPDB_P02663_NMAINPSK_40-47,NMAINPSK,8,60.0,0.0,uM,=,0.0,exact_molar,single_numeric_uM_value_from_tsv,1,0.0,0.0,0.0,0.0,ACE-inhibitory,Bos taurus,
mbpdb_ace_000274,MBPDB_P02663_MKPWIQPK_205-212,MKPWIQPK,8,300.0,0.0,uM,=,0.0,exact_molar,single_numeric_uM_value_from_tsv,1,0.0,0.0,0.0,0.0,ACE-inhibitory,Bos taurus,
mbpdb_ace_000275,MBPDB_P02663_MKP_205-207,MKP,3,"1) 0.3, 2) 0.43",23.0,uM,=,23.0,exact_molar,multi_value_median_used_n=2,2,3.0,43.0,23.0,3.0 | 43.0,ACE-inhibitory,Bos taurus,multiple_ic50_values_in_single_cell
mbpdb_ace_000276,MBPDB_P33049_KFAWPQ_189-194,KFAWPQ,6,177.1,1.0,uM,=,1.0,exact_molar,single_numeric_uM_value_from_tsv,1,1.0,1.0,1.0,1.0,ACE-inhibitory,Capra hircus,
mbpdb_ace_000277,MBPDB_P02663_ITP_134-136,ITP,3,14.9,9.0,uM,=,9.0,exact_molar,single_numeric_uM_value_from_tsv,1,9.0,9.0,9.0,9.0,ACE-inhibitory,Bos taurus,
mbpdb_ace_000278,MBPDB_P02663_IQP_209-211,IQP,3,106.7,7.0,uM,=,7.0,exact_molar,single_numeric_uM_value_from_tsv,1,7.0,7.0,7.0,7.0,ACE-inhibitory,Bos taurus,
mbpdb_ace_000279,MBPDB_P04654_IPY_217-219,IPY,3,206.0,0.0,uM,=,0.0,exact_molar,single_numeric_uM_value_from_tsv,1,0.0,0.0,0.0,0.0,ACE-inhibitory,Ovis aries,
mbpdb_ace_000280,MBPDB_P02663_INP_43-45,INP,3,71.2,2.0,uM,=,2.0,exact_molar,single_numeric_uM_value_from_tsv,1,2.0,2.0,2.0,2.0,ACE-inhibitory,Bos taurus,
mbpdb_ace_000281,MBPDB_P02663_FPQYLQY_107-113,FPQYLQY,7,14.0,0.0,uM,=,0.0,exact_molar,single_numeric_uM_value_from_tsv,1,0.0,0.0,0.0,0.0,ACE-inhibitory,Bos taurus,
mbpdb_ace_000282,MBPDB_P02663_FALPQY_189-194,FALPQY,6,4.3,3.0,uM,=,3.0,exact_molar,single_numeric_uM_value_from_tsv,1,3.0,3.0,3.0,3.0,ACE-inhibitory,Bos taurus,
mbpdb_ace_000283,MBPDB_P02663_AMKPWIQPK_204-212,AMKPWIQPK,9,600.0,0.0,uM,=,0.0,exact_molar,single_numeric_uM_value_from_tsv,1,0.0,0.0,0.0,0.0,ACE-inhibitory,Bos taurus,
mbpdb_ace_000284,MBPDB_P02663_AMKPW_204-208,AMKPW,5,580.0,0.0,uM,=,0.0,exact_molar,single_numeric_uM_value_from_tsv,1,0.0,0.0,0.0,0.0,ACE-inhibitory,Bos taurus,
mbpdb_ace_000285,MBPDB_P02663_ALNEINQFYQK_96-106,ALNEINQFYQK,11,264.0,0.0,uM,=,0.0,exact_molar,single_numeric_uM_value_from_tsv,1,0.0,0.0,0.0,0.0,ACE-inhibitory,Bos taurus,
mbpdb_ace_000286,MBPDB_P02663_ALNEINQFY_96-104,ALNEINQFY,9,219.0,0.0,uM,=,0.0,exact_molar,single_numeric_uM_value_from_tsv,1,0.0,0.0,0.0,0.0,ACE-inhibitory,Bos taurus,
mbpdb_ace_000287,MBPDB_P02662_YLGYLE_106-111,YLGYLE,6,85.76,76.0,uM,=,76.0,exact_molar,single_numeric_uM_value_from_tsv,1,76.0,76.0,76.0,76.0,ACE-inhibitory,Bos taurus,
mbpdb_ace_000288,MBPDB_P02662_YFYPEL_159-164,YFYPEL,6,8.82,82.0,uM,=,82.0,exact_molar,single_numeric_uM_value_from_tsv,1,82.0,82.0,82.0,82.0,ACE-inhibitory,Bos taurus,
mbpdb_ace_000289,MBPDB_P02662_RYLGY_105-109,RYLGY,5,"1) 0.71, 2) 3.08",39.5,uM,=,39.5,exact_molar,multi_value_median_used_n=2,2,8.0,71.0,39.5,8.0 | 71.0,ACE-inhibitory,Bos taurus,multiple_ic50_values_in_single_cell
mbpdb_ace_000290,MBPDB_P02662_AYFYPEL_158-164,AYFYPEL,7,6.58,58.0,uM,=,58.0,exact_molar,single_numeric_uM_value_from_tsv,1,58.0,58.0,58.0,58.0,ACE-inhibitory,Bos taurus,
mbpdb_ace_000291,MBPDB_P02662_YLGY_106-109,YLGY,4,"1) 41.86, 2) 9.87",86.5,uM,=,86.5,exact_molar,multi_value_median_used_n=2,2,86.0,87.0,86.5,86.0 | 87.0,ACE-inhibitory,Bos taurus,multiple_ic50_values_in_single_cell
mbpdb_ace_000292,MBPDB_P02662_RYLG_105-108,RYLG,4,224.69,69.0,uM,=,69.0,exact_molar,single_numeric_uM_value_from_tsv,1,69.0,69.0,69.0,69.0,ACE-inhibitory,Bos taurus,
mbpdb_ace_000293,MBPDB_P02662_RYL_105-107,RYL,3,106.64,64.0,uM,=,64.0,exact_molar,single_numeric_uM_value_from_tsv,1,64.0,64.0,64.0,64.0,ACE-inhibitory,Bos taurus,
mbpdb_ace_000294,MBPDB_P02662_RY_105-106,RY,2,54.43,43.0,uM,=,43.0,exact_molar,single_numeric_uM_value_from_tsv,1,43.0,43.0,43.0,43.0,ACE-inhibitory,Bos taurus,
mbpdb_ace_000295,MBPDB_P02662_LGY_107-109,LGY,3,"1) 21.46, 2) 26.1",23.5,uM,=,23.5,exact_molar,multi_value_median_used_n=2,2,1.0,46.0,23.5,1.0 | 46.0,ACE-inhibitory,Bos taurus,multiple_ic50_values_in_single_cell
mbpdb_ace_000296,MBPDB_P02662_FYPEL_160-164,FYPEL,5,"1) 80.6, 2) 62.0",3.0,uM,=,3.0,exact_molar,multi_value_median_used_n=2,2,0.0,6.0,3.0,0.0 | 6.0,ACE-inhibitory,Bos taurus,multiple_ic50_values_in_single_cell
mbpdb_ace_000297,MBPDB_P02662_AYFYPE_158-163,AYFYPE,6,"1) 260.82, 2) 106.0, 3) 774.36",36.0,uM,=,36.0,exact_molar,multi_value_median_used_n=3,3,0.0,82.0,36.0,0.0 | 36.0 | 82.0,ACE-inhibitory,Bos taurus,multiple_ic50_values_in_single_cell
mbpdb_ace_000298,MBPDB_P02662_TTMPLW_209-214,TTMPLW,6,"1) 51.0, 2) 12.0, 3) 16.0",0.0,uM,=,0.0,exact_molar,multi_value_median_used_n=3,3,0.0,0.0,0.0,0.0 | 0.0 | 0.0,ACE-inhibitory,Bos taurus,multiple_ic50_values_in_single_cell
mbpdb_ace_000299,MBPDB_P02662_RPK_16-18,RPK,3,91.8,8.0,uM,=,8.0,exact_molar,single_numeric_uM_value_from_tsv,1,8.0,8.0,8.0,8.0,ACE-inhibitory,Bos taurus,
mbpdb_ace_000300,MBPDB_P02662_YY_180-181,YY,2,9.0,0.0,uM,=,0.0,exact_molar,single_numeric_uM_value_from_tsv,1,0.0,0.0,0.0,0.0,ACE-inhibitory,Bos taurus,
mbpdb_ace_000301,MBPDB_P02662_YL_106-107_109-110,YL,2,122.1,1.0,uM,=,1.0,exact_molar,single_numeric_uM_value_from_tsv,1,1.0,1.0,1.0,1.0,ACE-inhibitory,Bos taurus,
mbpdb_ace_000302,MBPDB_P02662_YKVPQL_119-124,YKVPQL,6,22.0,0.0,uM,=,0.0,exact_molar,single_numeric_uM_value_from_tsv,1,0.0,0.0,0.0,0.0,ACE-inhibitory,Bos taurus,
mbpdb_ace_000303,MBPDB_P04653_VPSERYL_101-107,VPSERYL,7,249.5,5.0,uM,=,5.0,exact_molar,single_numeric_uM_value_from_tsv,1,5.0,5.0,5.0,5.0,ACE-inhibitory,Ovis aries,
mbpdb_ace_000304,MBPDB_P04653_VPSERY_101-106,VPSERY,6,706.1,1.0,uM,=,1.0,exact_molar,single_numeric_uM_value_from_tsv,1,1.0,1.0,1.0,1.0,ACE-inhibitory,Ovis aries,
mbpdb_ace_000305,MBPDB_P02662_TTMP_209-212,TTMP,4,51.0,0.0,uM,=,0.0,exact_molar,single_numeric_uM_value_from_tsv,1,0.0,0.0,0.0,0.0,ACE-inhibitory,Bos taurus,
mbpdb_ace_000306,MBPDB_P02662_RPKHPIKHQ_16-24,RPKHPIKHQ,9,13.4,4.0,uM,=,4.0,exact_molar,single_numeric_uM_value_from_tsv,1,4.0,4.0,4.0,4.0,ACE-inhibitory,Bos taurus,
mbpdb_ace_000307,MBPDB_P04653_RPKHPI_16-21,RPKHPI,6,40.3,3.0,uM,=,3.0,exact_molar,single_numeric_uM_value_from_tsv,1,3.0,3.0,3.0,3.0,ACE-inhibitory,Ovis aries,
mbpdb_ace_000308,MBPDB_P02662_PKHP_17-20,PKHP,4,709.1,1.0,uM,=,1.0,exact_molar,single_numeric_uM_value_from_tsv,1,1.0,1.0,1.0,1.0,ACE-inhibitory,Bos taurus,
mbpdb_ace_000309,MBPDB_P02662_NENLLRFFVAPFPEVFG_32-48,NENLLRFFVAPFPEVFG,17,55.0,0.0,uM,=,0.0,exact_molar,single_numeric_uM_value_from_tsv,1,0.0,0.0,0.0,0.0,ACE-inhibitory,Bos taurus,
mbpdb_ace_000310,MBPDB_P02662_LW_213-214,LW,2,"1) 15.0, 2) 50.0",0.0,uM,=,0.0,exact_molar,multi_value_median_used_n=2,2,0.0,0.0,0.0,0.0 | 0.0,ACE-inhibitory,Bos taurus,multiple_ic50_values_in_single_cell
mbpdb_ace_000311,MBPDB_P02662_LRFF_36-39,LRFF,4,116.9,9.0,uM,=,9.0,exact_molar,single_numeric_uM_value_from_tsv,1,9.0,9.0,9.0,9.0,ACE-inhibitory,Bos taurus,
mbpdb_ace_000312,MBPDB_P02662_LNENLLRFFVAPFPEVFG_31-48,LNENLLRFFVAPFPEVFG,18,280.0,0.0,uM,=,0.0,exact_molar,single_numeric_uM_value_from_tsv,1,0.0,0.0,0.0,0.0,ACE-inhibitory,Bos taurus,
mbpdb_ace_000313,MBPDB_P02662_LAYFYP_157-162,LAYFYP,6,65.0,0.0,uM,=,0.0,exact_molar,single_numeric_uM_value_from_tsv,1,0.0,0.0,0.0,0.0,ACE-inhibitory,Bos taurus,
mbpdb_ace_000314,MBPDB_P04653_KKYNVPQL_117-124,KKYNVPQL,8,77.1,1.0,uM,=,1.0,exact_molar,single_numeric_uM_value_from_tsv,1,1.0,1.0,1.0,1.0,ACE-inhibitory,Ovis aries,
mbpdb_ace_000315,MBPDB_P04653_KKYNVPQ_117-123,KKYNVPQ,7,716.9,9.0,uM,=,9.0,exact_molar,single_numeric_uM_value_from_tsv,1,9.0,9.0,9.0,9.0,ACE-inhibitory,Ovis aries,
mbpdb_ace_000316,MBPDB_P02662_IVP_86-88_126-128,IVP,3,49.7,7.0,uM,=,7.0,exact_molar,single_numeric_uM_value_from_tsv,1,7.0,7.0,7.0,7.0,ACE-inhibitory,Bos taurus,
mbpdb_ace_000317,MBPDB_P02662_IGSENSEKTTMP_201-212,IGSENSEKTTMP,12,773.1,1.0,uM,=,1.0,exact_molar,single_numeric_uM_value_from_tsv,1,1.0,1.0,1.0,1.0,ACE-inhibitory,Bos taurus,
mbpdb_ace_000318,MBPDB_P02662_GTQYTDAPSFSDIPNPIGSENSEKTTMPLW_185-214,GTQYTDAPSFSDIPNPIGSENSEKTTMPLW,30,346.0,0.0,uM,=,0.0,exact_molar,single_numeric_uM_value_from_tsv,1,0.0,0.0,0.0,0.0,ACE-inhibitory,Bos taurus,
mbpdb_ace_000319,MBPDB_P02662_GAW_177-179,GAW,3,240.0,0.0,uM,=,0.0,exact_molar,single_numeric_uM_value_from_tsv,1,0.0,0.0,0.0,0.0,ACE-inhibitory,Bos taurus,
mbpdb_ace_000320,MBPDB_P02662_FVAPFPEVFG_39-48,FVAPFPEVFG,10,650.0,0.0,uM,=,0.0,exact_molar,single_numeric_uM_value_from_tsv,1,0.0,0.0,0.0,0.0,ACE-inhibitory,Bos taurus,
mbpdb_ace_000321,MBPDB_P02662_FPEVFGK_43-49,FPEVFGK,7,140.0,0.0,uM,=,0.0,exact_molar,single_numeric_uM_value_from_tsv,1,0.0,0.0,0.0,0.0,ACE-inhibitory,Bos taurus,
mbpdb_ace_000322,MBPDB_P02662_FFVAPFPEVFGK_38-49,FFVAPFPEVFGK,12,"1) 52.0, 2) 77.0, 3) 18.0",0.0,uM,=,0.0,exact_molar,multi_value_median_used_n=3,3,0.0,0.0,0.0,0.0 | 0.0 | 0.0,ACE-inhibitory,Bos taurus,multiple_ic50_values_in_single_cell
mbpdb_ace_000323,MBPDB_P02662_FFVAP_38-42,FFVAP,5,6.0,0.0,uM,=,0.0,exact_molar,single_numeric_uM_value_from_tsv,1,0.0,0.0,0.0,0.0,ACE-inhibitory,Bos taurus,
mbpdb_ace_000324,MBPDB_P02662_ENLLRFFVAPFPEVFG_33-48,ENLLRFFVAPFPEVFG,16,250.0,0.0,uM,=,0.0,exact_molar,single_numeric_uM_value_from_tsv,1,0.0,0.0,0.0,0.0,ACE-inhibitory,Bos taurus,
mbpdb_ace_000325,MBPDB_P18626_ENLLRF_33-38,ENLLRF,6,82.4,4.0,uM,=,4.0,exact_molar,single_numeric_uM_value_from_tsv,1,4.0,4.0,4.0,4.0,ACE-inhibitory,Capra hircus,
mbpdb_ace_000326,MBPDB_P02662_DAYPSGAW_172-179,DAYPSGAW,8,98.0,0.0,uM,=,0.0,exact_molar,single_numeric_uM_value_from_tsv,1,0.0,0.0,0.0,0.0,ACE-inhibitory,Bos taurus,
mbpdb_ace_000327,MBPDB_P01966_KLLSHSL_100-106,KLLSHSL,7,42.51,51.0,uM,=,51.0,exact_molar,single_numeric_uM_value_from_tsv,1,51.0,51.0,51.0,51.0,ACE-inhibitory,Bos taurus,
mbpdb_ace_000328,MBPDB_P02668 Genetic Variant G1_ACHP_117-120,ACHP,4,360.7,7.0,uM,=,7.0,exact_molar,single_numeric_uM_value_from_tsv,1,7.0,7.0,7.0,7.0,ACE-inhibitory,Bos taurus,
mbpdb_ace_000329,MBPDB_P02668 Genetic Variant C_AHHP_117-120,AHHP,4,847.6,6.0,uM,=,6.0,exact_molar,single_numeric_uM_value_from_tsv,1,6.0,6.0,6.0,6.0,ACE-inhibitory,Bos taurus,
mbpdb_ace_000330,MBPDB_P02668 Genetic Variant F1_VSP_169-171,VSP,3,21.8,8.0,uM,=,8.0,exact_molar,single_numeric_uM_value_from_tsv,1,8.0,8.0,8.0,8.0,ACE-inhibitory,Bos taurus,
mbpdb_ace_000331,"MBPDB_P02668 Genetic Variant B,F2,G1,G2,J_ASP_169-171_169-171_169-171_169-171_169-171",ASP,3,242.3,3.0,uM,=,3.0,exact_molar,single_numeric_uM_value_from_tsv,1,3.0,3.0,3.0,3.0,ACE-inhibitory,Bos taurus,
mbpdb_ace_000332,MBPDB_P02663_NMAINPSKENLCSTFCK_40-56,NMAINPSKENLCSTFCK,17,129.07,7.0,uM,=,7.0,exact_molar,single_numeric_uM_value_from_tsv,1,7.0,7.0,7.0,7.0,ACE-inhibitory,Bos taurus,
mbpdb_ace_000333,MBPDB_P07498_PNSHP_100-104,PNSHP,5,,,,,,missing,,0,,,,,ACE-inhibitory,Homo sapiens,ic50_missing
mbpdb_ace_000334,MBPDB_P05814_VPQP_93-96_153-156_171-174,VPQP,4,,,,,,missing,,0,,,,,ACE-inhibitory,Homo sapiens,ic50_missing
mbpdb_ace_000335,MBPDB_P05814_VLPIPQ_176-181,VLPIPQ,6,,,,,,missing,,0,,,,,ACE-inhibitory,Homo sapiens,ic50_missing
mbpdb_ace_000336,MBPDB_P05814_QNILP_79-83,QNILP,5,,,,,,missing,,0,,,,,ACE-inhibitory,Homo sapiens,ic50_missing
mbpdb_ace_000337,MBPDB_P05814_LTDLENLHLP_133-142,LTDLENLHLP,10,,,,,,missing,,0,,,,,ACE-inhibitory,Homo sapiens,ic50_missing
mbpdb_ace_000338,MBPDB_P05814_LLNP_203-206,LLNP,4,,,,,,missing,,0,,,,,ACE-inhibitory,Homo sapiens,ic50_missing
mbpdb_ace_000339,MBPDB_P05814_LENLHLP_136-142,LENLHLP,7,,,,,,missing,,0,,,,,ACE-inhibitory,Homo sapiens,ic50_missing
mbpdb_ace_000340,MBPDB_P05814_FVEPIP_68-73,FVEPIP,6,,,,,,missing,,0,,,,,ACE-inhibitory,Homo sapiens,ic50_missing
mbpdb_ace_000341,MBPDB_P05814_ENLHLP_137-142,ENLHLP,6,,,,,,missing,,0,,,,,ACE-inhibitory,Homo sapiens,ic50_missing
mbpdb_ace_000342,MBPDB_P02754_YLL_118-120,YLL,3,518.54,54.0,uM,=,54.0,exact_molar,single_numeric_uM_value_from_tsv,1,54.0,54.0,54.0,54.0,ACE-inhibitory,Bos taurus,
mbpdb_ace_000343,MBPDB_P05814_YGFL_74-77,YGFL,4,292.53,53.0,uM,=,53.0,exact_molar,single_numeric_uM_value_from_tsv,1,53.0,53.0,53.0,53.0,ACE-inhibitory,Homo sapiens,
mbpdb_ace_000344,MBPDB_P05814_YPFVEP_66-71,YPFVEP,6,7.48,48.0,uM,=,48.0,exact_molar,single_numeric_uM_value_from_tsv,1,48.0,48.0,48.0,48.0,ACE-inhibitory,Homo sapiens,
mbpdb_ace_000345,MBPDB_P02666_YPFPGPIP_75-82,YPFPGPIP,8,224.05,5.0,uM,=,5.0,exact_molar,single_numeric_uM_value_from_tsv,1,5.0,5.0,5.0,5.0,ACE-inhibitory,Bos taurus,
mbpdb_ace_000346,MBPDB_P00711_LDQWLCEK_134-141,LDQWLCEK,8,,,,,,missing,,0,,,,,ACE-inhibitory,Bos taurus,ic50_missing
mbpdb_ace_000347,MBPDB_P02666_LYQEPVLGPVR_207-217,LYQEPVLGPVR,11,,,,,,missing,,0,,,,,ACE-inhibitory,Bos taurus,ic50_missing
mbpdb_ace_000348,MBPDB_P02666_WMHQPHQPLPPT_158-169,WMHQPHQPLPPT,12,,,,,,missing,,0,,,,,ACE-inhibitory,Bos taurus,ic50_missing
mbpdb_ace_000349,MBPDB_P02666_HQPHQPLPPTVMFPPQ_160-175,HQPHQPLPPTVMFPPQ,16,,,,,,missing,,0,,,,,ACE-inhibitory,Bos taurus,ic50_missing
mbpdb_ace_000350,MBPDB_P02662_PFPEVFGK_42-49,PFPEVFGK,8,108.0,0.0,uM,=,0.0,exact_molar,single_numeric_uM_value_from_tsv,1,0.0,0.0,0.0,0.0,ACE-inhibitory,Bos taurus,
mbpdb_ace_000351,MBPDB_P02756_PEQSLACQCL_131-140,PEQSLACQCL,10,,,,,,missing,,0,,,,,ACE-inhibitory,Capra hircus,ic50_missing
mbpdb_ace_000352,MBPDB_P02666_PFPGPIPN_76-83,PFPGPIPN,8,,,,,,missing,,0,,,,,ACE-inhibitory,Bos taurus,ic50_missing
mbpdb_ace_000353,MBPDB_P02663_YQKFPQYLQY_104-113,YQKFPQYLQY,10,,,,,,missing,,0,,,,,ACE-inhibitory,Bos taurus,ic50_missing
mbpdb_ace_000354,MBPDB_P00711_TTFHTSGY_48-55,TTFHTSGY,8,142.0,0.0,uM,=,0.0,exact_molar,single_numeric_uM_value_from_tsv,1,0.0,0.0,0.0,0.0,ACE-inhibitory,Bos taurus,
mbpdb_ace_000355,MBPDB_P02754_IAEK_88-91,IAEK,4,25.08,8.0,uM,=,8.0,exact_molar,single_numeric_uM_value_from_tsv,1,8.0,8.0,8.0,8.0,ACE-inhibitory,Bos taurus,
mbpdb_ace_000356,MBPDB_P02754_MHI_161-163,MHI,3,11.59,59.0,uM,=,59.0,exact_molar,single_numeric_uM_value_from_tsv,1,59.0,59.0,59.0,59.0,ACE-inhibitory,Bos taurus,
mbpdb_ace_000357,MBPDB_P02666_LLYQEPVLGPVR_206-217,LLYQEPVLGPVR,12,274.0,0.0,uM,=,0.0,exact_molar,single_numeric_uM_value_from_tsv,1,0.0,0.0,0.0,0.0,ACE-inhibitory,Bos taurus,
mbpdb_ace_000358,MBPDB_P02666_HQPHQPLPPT_160-169,HQPHQPLPPT,10,,,,,,missing,,0,,,,,ACE-inhibitory,Bos taurus,ic50_missing
mbpdb_ace_000359,MBPDB_P02668_HPHPHLSFMAIPP_119-131,HPHPHLSFMAIPP,13,,,,,,missing,,0,,,,,ACE-inhibitory,Bos taurus,ic50_missing
mbpdb_ace_000360,MBPDB_P33049_FPQYLQYPY_108-116,FPQYLQYPY,9,,,,,,missing,,0,,,,,ACE-inhibitory,Capra hircus,ic50_missing
mbpdb_ace_000361,MBPDB_P02754_PMHIR_160-164,PMHIR,5,,,,,,missing,,0,,,,,ACE-inhibitory,Bos taurus,ic50_missing
mbpdb_ace_000362,MBPDB_P24627_NLPEKADRD_236-244,NLPEKADRD,9,,,,,,missing,,0,,,,,ACE-inhibitory,Bos taurus,ic50_missing
mbpdb_ace_000363,MBPDB_P00711_VGINYWLAHK_118-127,VGINYWLAHK,10,327.0,0.0,uM,=,0.0,exact_molar,single_numeric_uM_value_from_tsv,1,0.0,0.0,0.0,0.0,ACE-inhibitory,Bos taurus,
mbpdb_ace_000364,MBPDB_#Advanced search parameters: Function: ACE-inhibitory_NA_NA,,,,,,,,missing,,0,,,,,,,sequence_missing; ic50_missing; doi_missing; title_missing
