序列,短肽类型,肽长,N端氨基酸,C端氨基酸,记录数,精确IC50唯一值个数,精确IC50最小值_uM,精确IC50最大值_uM,精确IC50中位数_uM,精确IC50几何均值_uM,log10_中位数IC50_uM,最大最小倍数,稳定性等级,稳定性判定说明,来源种类数,Assay种类数,方法种类数,模型种类数,来源列表,Assay列表,方法列表,模型列表,记录ID列表,是否存在反向序列,反向序列
FL,二肽,2,F,L,2,1,1.33,1.33,1.33,1.33,0.123852,1,稳定序列,仅有1个精确IC50值,1,1,1,0,Rapeseed (Canola meal defatted),"HPLC method by Wu,Aluko and Muir",GPC,,1219 | 1988,是,LF
DP,二肽,2,D,P,1,1,2.15,2.15,2.15,2.15,0.332438,1,稳定序列,仅有1个精确IC50值,1,1,1,0,Marine shrimp (acetes chinensis),He et al.,ESI-MS/MS,,2617,否,PD
ST,二肽,2,S,T,2,1,4.03,4.03,4.03,4.03,0.605305,1,稳定序列,仅有1个精确IC50值,2,1,2,0,Marine shrimp (acetes chinensis) | Shrimp,He et al.,"ESI-MS/MS | UF, GFC, RP-HPLC",,1044 | 2619,否,TS
PR,二肽,2,P,R,1,1,4.1,4.1,4.1,4.1,0.612784,1,稳定序列,仅有1个精确IC50值,1,0,0,0,Sake and sake lees,,,,6454,是,RP
FW,二肽,2,F,W,3,2,3.9,5.9,4.9,4.79687,0.690196,1.51282,稳定序列,多个精确IC50值，但最大最小倍数<=3,3,1,1,0,Cereals (Barley protein B-Hordein) | Egg proteins | Legume (Pea proteins),Cushman and Cheung (1971),HPLC,,1990 | 2005 | 2037,否,WF
WH,二肽,2,W,H,1,1,5.1,5.1,5.1,5.1,0.70757,1,稳定序列,仅有1个精确IC50值,1,0,0,0,Wakame (Undaria pinnatifida),,,,6931,否,HW
YH,二肽,2,Y,H,4,1,5.1,5.1,5.1,5.1,0.70757,1,稳定序列,仅有1个精确IC50值,2,1,2,1,Wakame (Undaria pinnatifida) | Wakame Seaweed,Cushman and Cheung (1971),"GFC, IEC, RP-HPLC | IEC, SEC, RPC",SHR,1815 | 4256 | 5183 | 6266,是,HY
MW,二肽,2,M,W,4,1,9.9,9.9,9.9,9.9,0.995635,1,稳定序列,仅有1个精确IC50值,3,2,2,1,Fish (Salmon (Oncorhynchus keta)) | Fish (Salmon) | Fish (Sardine),"Cushman and Cheung (1971) | Cushman and Cheung (1971), Yamamoto and others","GFC, RP-HPLC, HIC | RP-HPLC",SHR,1084 | 2029 | 5165 | 6159,是,WM
VK,二肽,2,V,K,1,1,13,13,13,13,1.11394,1,稳定序列,仅有1个精确IC50值,1,0,0,0,Soybean (Soy bioactive),,,,6544,否,KV
VL,二肽,2,V,L,1,1,13,13,13,13,1.11394,1,稳定序列,仅有1个精确IC50值,1,1,1,1,Cereals (Buckwheat),Modified Lieberman’s method,"SEC, RPC",SHR,1927,是,LV
RW,二肽,2,R,W,2,1,16,16,16,16,1.20412,1,稳定序列,仅有1个精确IC50值,1,0,0,0,Synthesized,,,,2848 | 6566,否,WR
KP,二肽,2,K,P,3,1,22,22,22,22,1.34242,1,稳定序列,仅有1个精确IC50值,2,1,1,0,Anchovy (sauce) | Fish (Fermented fish sauce),Cushman and Cheung (1971),"GFC, IEC, RP-HPLC",,5159 | 5640 | 6713,是,PK
HY,二肽,2,H,Y,4,1,26.1,26.1,26.1,26.1,1.41664,1,稳定序列,仅有1个精确IC50值,3,1,1,1,Cereals (Sake (Japanese alcoholic beverage made from rice)) | Legume (Mung bean sprout sake) | Sake and sake lees,Cushman and Cheung (1971),RP-HPLC,SHR,4240 | 5154 | 6150 | 6413,是,YH
KA,二肽,2,K,A,3,1,31.5,31.5,31.5,31.5,1.49831,1,稳定序列,仅有1个精确IC50值,2,1,0,0,Porcine muscle | Pork (Sus domesticus skeletal muscle),Sentandreu and Toldra (2006),,,5157 | 6113 | 6691,否,AK
NY,二肽,2,N,Y,5,1,32.6,32.6,32.6,32.6,1.51322,1,稳定序列,仅有1个精确IC50值,3,1,3,1,Garlic | Garlic (Allium sativum L) | Garlic (Allium sativum),Cushman and Cheung (1971),"GFC, IEC, RP-HPLC | IEC, GFC, RP-HPLC | RP-HPLC, FAB-MS",SHR,1811 | 2655 | 5169 | 5742 | 6668,是,YN
WY,二肽,2,W,Y,1,1,38.3,38.3,38.3,38.3,1.5832,1,稳定序列,仅有1个精确IC50值,1,0,0,0,Bovine (Bos taurus),,,,6963,是,YW
NF,二肽,2,N,F,5,1,46.3,46.3,46.3,46.3,1.66558,1,稳定序列,仅有1个精确IC50值,3,1,3,1,Garlic | Garlic (Allium sativum L) | Garlic (Allium sativum),Cushman and Cheung (1971),"GFC, IEC, RP-HPLC | IEC, GFC, RP-HPLC | RP-HPLC, FAB-MS",SHR,1814 | 2658 | 5167 | 5745 | 6669,否,FN
WL,二肽,2,W,L,5,2,29.9,65,47.45,44.0851,1.67624,2.17391,稳定序列,多个精确IC50值，但最大最小倍数<=3,4,2,4,0,"Soybean (Glycine max fermented food, tofuyo) | Soybean (Glycine max) | Soybean (Tofoyu) | Soybean (tofuyo fermented soybean food)",Cushman and Cheung (1971) | Lieberman's method,"GFC, IEC, RP-HPLC | GFC, RP-HPLC | IEC, RP-HPLC, UF | RPC, IEC, RP-HPLC",,1900 | 5181 | 6216 | 6220 | 6862,是,LW
KL,二肽,2,K,L,1,1,50.2,50.2,50.2,50.2,1.7007,1,稳定序列,仅有1个精确IC50值,0,0,0,0,,,,,6679,否,LK
YN,二肽,2,Y,N,3,1,51,51,51,51,1.70757,1,稳定序列,仅有1个精确IC50值,2,2,2,0,Hard clam | Hard clam (Meretrix lusoria),"Cushman and Cheung (1971) | Cushman and Cheung (1971), Wu and Ding (2002)","GFC, RP-HPLC | SEC, RP-HPLC, UC Spectrophotometry",,1045 | 5185 | 5750,是,NY
RS,二肽,2,R,S,1,1,61.5,61.5,61.5,61.5,1.78888,1,稳定序列,仅有1个精确IC50值,1,0,0,0,Hydrolysate (dipeptidyl peptidase),,,,6930,否,SR
QP,二肽,2,Q,P,1,1,65.8,65.8,65.8,65.8,1.81823,1,稳定序列,仅有1个精确IC50值,1,0,0,0,Chemically Synthesized,,,,6929,是,PQ
QN,二肽,2,Q,N,1,1,89,89,89,89,1.94939,1,稳定序列,仅有1个精确IC50值,1,1,1,1,Milk (Fermented Milk),Holmquist et al. (1979),RP-HPLC,SHR,3642,否,NQ
AR,二肽,2,A,R,3,1,95.5,95.5,95.5,95.5,1.98,1,稳定序列,仅有1个精确IC50值,2,1,0,0,Porcine muscle | Pork (Sus domesticus skeletal muscle),Sentandreu and Toldra (2006),,,5136 | 6110 | 6690,是,RA
WM,二肽,2,W,M,3,1,96.6,96.6,96.6,96.6,1.98498,1,稳定序列,仅有1个精确IC50值,2,2,2,1,Fish (Salmon (Oncorhynchus keta)) | Fish (Salmon),"Cushman and Cheung (1971) | Cushman and Cheung (1971), Yamamoto and others","GFC, RP-HPLC, HIC | RP-HPLC",SHR,1083 | 5182 | 6158,是,MW
YL,二肽,2,Y,L,5,2,82,122,102,100.02,2.0086,1.4878,稳定序列,多个精确IC50值，但最大最小倍数<=3,4,2,3,0,Alpha-lactalbumin and Beta Lactoglobulin | Fish (Sardine (Sardina pilchardus muscle)) | Fish (Sardine) | Whey protein (Beta Lactoglobulin),"2,4,6-trinitrobenzene sulfonate(TNBS) method | Cushman and Cheung (1971)","LC-MS | RP-GPC, HPLC | RP-HPLC",,1097 | 1316 | 5184 | 6175 | 6465,是,LY
IP,二肽,2,I,P,1,1,130,130,130,130,2.11394,1,稳定序列,仅有1个精确IC50值,0,0,0,0,,,,,6567,是,PI
SF,二肽,2,S,F,5,1,130.2,130.2,130.2,130.2,2.11461,1,稳定序列,仅有1个精确IC50值,3,1,3,1,Garlic | Garlic (Allium sativum L) | Garlic (Allium sativum),Cushman and Cheung (1971),"GFC, IEC, RP-HPLC | IEC, GFC, RP-HPLC | RP-HPLC, FAB-MS",SHR,1812 | 2656 | 5172 | 5743 | 6671,否,FS
MP,二肽,2,M,P,1,1,135.3,135.3,135.3,135.3,2.1313,1,稳定序列,仅有1个精确IC50值,1,0,0,0,Prince-of-Wales feather (Amaranthus hypochondriacus),,,,6968,否,PM
MA,二肽,2,M,A,1,1,152,152,152,152,2.18184,1,稳定序列,仅有1个精确IC50值,1,0,0,0,Prince-of-Wales feather (Amaranthus hypochondriacus),,,,6969,否,AM
IA,二肽,2,I,A,3,1,153,153,153,153,2.18469,1,稳定序列,仅有1个精确IC50值,2,1,2,1,Soybean | Soybean (Soy bioactive),Cushman and Cheung (1971),"IEC, GF, HPLC | IEC, GFC",SHR,1848 | 2666 | 6548,是,AI
MY,二肽,2,M,Y,5,2,193,194.98,193.99,193.987,2.28778,1.01026,稳定序列,多个精确IC50值，但最大最小倍数<=3,3,2,2,0,Fish (Sardine (Sardina pilchardus muscle)) | Fish (Sardine muscle) | Fish (Sardine),"2,4,6-trinitrobenzene sulfonate(TNBS) method | Cushman and Cheung (1971)","RP-GPC, HPLC | RP-HPLC",,1095 | 2792 | 5166 | 6173 | 6372,否,YM
WP,二肽,2,W,P,1,1,217.27,217.27,217.27,217.27,2.337,1,稳定序列,仅有1个精确IC50值,0,0,0,0,,,,,2795,否,PW
FK,二肽,2,F,K,1,1,265.43,265.43,265.43,265.43,2.42395,1,稳定序列,仅有1个精确IC50值,1,1,1,0,Sweet-potato tuber defensin,"TLC (Holmquist et al., 1979)",Ni2+-chelate AC,,1236,是,KF
RR,二肽,2,R,R,3,1,267.1,267.1,267.1,267.1,2.42667,1,稳定序列,仅有1个精确IC50值,2,1,0,0,Porcine muscle | Pork (Sus domesticus skeletal muscle),Sentandreu and Toldra (2006),,,5170 | 6108 | 6689,是,RR
WA,二肽,2,W,A,3,1,277.3,277.3,277.3,277.3,2.44295,1,稳定序列,仅有1个精确IC50值,2,2,2,1,Fish (Salmon (Oncorhynchus keta)) | Fish (Salmon),"Cushman and Cheung (1971) | Cushman and Cheung (1971), Yamamoto and others","GFC, RP-HPLC, HIC | RP-HPLC",SHR,1081 | 5180 | 6156,是,AW
TP,二肽,2,T,P,3,1,290,290,290,290,2.4624,1,稳定序列,仅有1个精确IC50值,2,1,1,0,Anchovy (sauce) | Fish (Sardine (Sardina pilchardus fermented sauce)),Cushman and Cheung (1971),"GFC, IEC, RP-HPLC",,5175 | 5644 | 6164,是,PT
LA,二肽,2,L,A,1,1,310,310,310,310,2.49136,1,稳定序列,仅有1个精确IC50值,0,0,0,0,,,,,6571,是,AL
FP,二肽,2,F,P,8,1,315,315,315,315,2.49831,1,稳定序列,仅有1个精确IC50值,6,2,5,1,Beta Casein albumin | Bovine Serum Albumin | Casein albumin | Cheese whey protein | Milk (cheese whey) | Whey protein,Cushman and Cheung (1971) | Yamamoto et al.,"Enzymatic Hydrolysis of milk proteins | GFC, RP-HPLC, HIC | RP-HPLC, GF | RP-HPLC, GFC | Spectrophotometric, HPLC, UPLC",SHR,1334 | 1664 | 1743 | 2580 | 5147 | 5565 | 5948 | 6421,是,PF
PL,二肽,2,P,L,1,1,337.32,337.32,337.32,337.32,2.52804,1,稳定序列,仅有1个精确IC50值,1,0,0,0,Fish (Alaska pollack (Theragra chalcogramma)),,,,6523,是,LP
LF,二肽,2,L,F,2,1,349,349,349,349,2.54283,1,稳定序列,仅有1个精确IC50值,2,0,0,0,Alpha-Lactoglobulin | Milk,,,,1330 | 6466,是,FL
DF,二肽,2,D,F,2,1,360,360,360,360,2.5563,1,稳定序列,仅有1个精确IC50值,1,1,1,0,Anchovy (sauce),Cushman and Cheung (1971),"GFC, IEC, RP-HPLC",,5140 | 5647,否,FD
KR,二肽,2,K,R,1,1,380,380,380,380,2.57978,1,稳定序列,仅有1个精确IC50值,0,0,0,0,,,,,6572,否,RK
YS,二肽,2,Y,S,1,1,412,412,412,412,2.6149,1,稳定序列,仅有1个精确IC50值,1,0,0,0,Chemically Synthesized,,,,6934,是,SY
RA,二肽,2,R,A,1,1,460,460,460,460,2.66276,1,稳定序列,仅有1个精确IC50值,0,0,0,0,,,,,6574,是,AR
YA,二肽,2,Y,A,1,1,460,460,460,460,2.66276,1,稳定序列,仅有1个精确IC50值,0,0,0,0,,,,,6575,是,AY
WV,二肽,2,W,V,1,1,500.5,500.5,500.5,500.5,2.6994,1,稳定序列,仅有1个精确IC50值,1,0,0,0,Chemically Synthesized,,,,6933,是,VW
DK,二肽,2,D,K,1,1,510,510,510,510,2.70757,1,稳定序列,仅有1个精确IC50值,1,0,0,0,Chemically Synthesized,,,,6928,否,KD
AH,二肽,2,A,H,1,1,523.5,523.5,523.5,523.5,2.71892,1,稳定序列,仅有1个精确IC50值,1,1,1,0,Sweet-potato tuber trypsin inhibitor,"TLC (Holmquist et al., 1979)",TrypsinSepharose-4B AC,,1253,否,HA
DM,二肽,2,D,M,2,1,600,600,600,600,2.77815,1,稳定序列,仅有1个精确IC50值,1,1,1,0,Fish (Sardine (Sardina pilchardus fermented sauce)),Cushman and Cheung (1971),"GFC, IEC, RP-HPLC",,5142 | 6167,否,MD
YK,二肽,2,Y,K,1,1,610,610,610,610,2.78533,1,稳定序列,仅有1个精确IC50值,0,0,0,0,,,,,6683,是,KY
WT,二肽,2,W,T,1,1,632,632,632,632,2.80072,1,稳定序列,仅有1个精确IC50值,1,0,0,0,Chemically Synthesized,,,,6932,否,TW
ER,二肽,2,E,R,2,1,667,667,667,667,2.82413,1,稳定序列,仅有1个精确IC50值,1,1,1,0,Pork (Sus domesticus),Sentandreu and Toldra (2006),RP-HPLC,,5144 | 6115,否,RE
YP,二肽,2,Y,P,7,1,720,720,720,720,2.85733,1,稳定序列,仅有1个精确IC50值,5,1,3,1,Casein | Fermentation with L. helveticus CPN4 | Hemorfin | Milk (Fermented Milk) | Yoghurt-like product,Cushman and Cheung (1971),"Enzymatic Hydrolysis of milk proteins | RP-HPLC | Spectrophotometric, HPLC, UPLC",SHR,1344 | 1673 | 1706 | 2683 | 3638 | 5574 | 6474,是,PY
RL,二肽,2,R,L,1,1,746.4,746.4,746.4,746.4,2.87297,1,稳定序列,仅有1个精确IC50值,1,1,1,0,Sweet-potato tuber trypsin inhibitor,"TLC (Holmquist et al., 1979)",TrypsinSepharose-4B AC,,1246,否,LR
NK,二肽,2,N,K,1,1,810,810,810,810,2.90849,1,稳定序列,仅有1个精确IC50值,0,0,0,0,,,,,6684,否,KN
QK,二肽,2,Q,K,1,1,885,885,885,885,2.94694,1,稳定序列,仅有1个精确IC50值,0,0,0,0,,,,,6666,否,KQ
FR,二肽,2,F,R,1,1,920,920,920,920,2.96379,1,稳定序列,仅有1个精确IC50值,0,0,0,0,,,,,6578,是,RF
EP,二肽,2,E,P,2,1,1200,1200,1200,1200,3.07918,1,稳定序列,仅有1个精确IC50值,1,1,1,0,Anchovy (sauce),Cushman and Cheung (1971),"GFC, IEC, RP-HPLC",,5143 | 5643,否,PE
IG,二肽,2,I,G,1,1,1200,1200,1200,1200,3.07918,1,稳定序列,仅有1个精确IC50值,0,0,0,0,,,,,6581,是,GI
GI,二肽,2,G,I,3,2,1200,1300,1250,1249,3.09691,1.08333,稳定序列,多个精确IC50值，但最大最小倍数<=3,1,1,1,0,Anchovy (sauce),Cushman and Cheung (1971),"GFC, IEC, RP-HPLC",,5150 | 5646 | 6582,是,IG
GM,二肽,2,G,M,1,1,1400,1400,1400,1400,3.14613,1,稳定序列,仅有1个精确IC50值,0,0,0,0,,,,,6583,是,MG
YG,二肽,2,Y,G,2,2,1522,1523,1522.5,1522.5,3.18256,1.00066,稳定序列,多个精确IC50值，但最大最小倍数<=3,2,0,0,0,Alpha-Lactoglobulin | Alpha-lactalbumin and Beta Lactoglobulin,,,,1327 | 6467,是,GY
DL,二肽,2,D,L,1,1,2000,2000,2000,2000,3.30103,1,稳定序列,仅有1个精确IC50值,1,1,1,0,Fish (Sardine (Sardina pilchardus fermented sauce)),Cushman and Cheung (1971),"GFC, IEC, RP-HPLC",,6168,是,LD
GA,二肽,2,G,A,1,1,2000,2000,2000,2000,3.30103,1,稳定序列,仅有1个精确IC50值,0,0,0,0,,,,,6584,是,AG
NP,二肽,2,N,P,2,1,2300,2300,2300,2300,3.36173,1,稳定序列,仅有1个精确IC50值,1,1,1,0,Fish (Sardine (Sardina pilchardus fermented sauce)),Cushman and Cheung (1971),"GFC, IEC, RP-HPLC",,5168 | 6166,否,PN
AG,二肽,2,A,G,1,1,2500,2500,2500,2500,3.39794,1,稳定序列,仅有1个精确IC50值,0,0,0,0,,,,,6586,是,GA
GL,二肽,2,G,L,1,1,2500,2500,2500,2500,3.39794,1,稳定序列,仅有1个精确IC50值,0,0,0,0,,,,,6585,是,LG
GH,二肽,2,G,H,1,1,3100,3100,3100,3100,3.49136,1,稳定序列,仅有1个精确IC50值,0,0,0,0,,,,,6587,是,HG
HL,二肽,2,H,L,1,1,3200,3200,3200,3200,3.50515,1,稳定序列,仅有1个精确IC50值,0,0,0,0,,,,,6588,否,LH
KG,二肽,2,K,G,1,1,3200,3200,3200,3200,3.50515,1,稳定序列,仅有1个精确IC50值,0,0,0,0,,,,,6590,是,GK
FG,二肽,2,F,G,1,1,3700,3700,3700,3700,3.5682,1,稳定序列,仅有1个精确IC50值,0,0,0,0,,,,,6591,是,GF
DA,二肽,2,D,A,1,1,3800,3800,3800,3800,3.57978,1,稳定序列,仅有1个精确IC50值,0,0,0,0,,,,,6592,是,AD
GS,二肽,2,G,S,1,1,3800,3800,3800,3800,3.57978,1,稳定序列,仅有1个精确IC50值,0,0,0,0,,,,,6593,是,SG
GV,二肽,2,G,V,1,1,4600,4600,4600,4600,3.66276,1,稳定序列,仅有1个精确IC50值,0,0,0,0,,,,,6594,是,VG
MG,二肽,2,M,G,1,1,4800,4800,4800,4800,3.68124,1,稳定序列,仅有1个精确IC50值,0,0,0,0,,,,,6595,是,GM
GE,二肽,2,G,E,1,1,5400,5400,5400,5400,3.73239,1,稳定序列,仅有1个精确IC50值,0,0,0,0,,,,,6601,是,EG
GK,二肽,2,G,K,1,1,5400,5400,5400,5400,3.73239,1,稳定序列,仅有1个精确IC50值,0,0,0,0,,,,,6597,是,KG
GT,二肽,2,G,T,1,1,5700,5700,5700,5700,3.75587,1,稳定序列,仅有1个精确IC50值,0,0,0,0,,,,,6598,是,TG
WG,二肽,2,W,G,1,1,5900,5900,5900,5900,3.77085,1,稳定序列,仅有1个精确IC50值,0,0,0,0,,,,,6599,是,GW
HG,二肽,2,H,G,1,1,6300,6300,6300,6300,3.79934,1,稳定序列,仅有1个精确IC50值,0,0,0,0,,,,,6600,是,GH
GG,二肽,2,G,G,1,1,7200,7200,7200,7200,3.85733,1,稳定序列,仅有1个精确IC50值,0,0,0,0,,,,,6602,是,GG
QG,二肽,2,Q,G,1,1,7400,7400,7400,7400,3.86923,1,稳定序列,仅有1个精确IC50值,0,0,0,0,,,,,6603,是,GQ
SG,二肽,2,S,G,1,1,8500,8500,8500,8500,3.92942,1,稳定序列,仅有1个精确IC50值,0,0,0,0,,,,,6605,是,GS
LG,二肽,2,L,G,1,1,8800,8800,8800,8800,3.94448,1,稳定序列,仅有1个精确IC50值,0,0,0,0,,,,,6606,是,GL
GD,二肽,2,G,D,1,1,9200,9200,9200,9200,3.96379,1,稳定序列,仅有1个精确IC50值,0,0,0,0,,,,,6607,是,DG
TG,二肽,2,T,G,1,1,9900,9900,9900,9900,3.99564,1,稳定序列,仅有1个精确IC50值,0,0,0,0,,,,,6608,是,GT
EA,二肽,2,E,A,1,1,10000,10000,10000,10000,4,1,稳定序列,仅有1个精确IC50值,0,0,0,0,,,,,6610,否,AE
EG,二肽,2,E,G,1,1,10000,10000,10000,10000,4,1,稳定序列,仅有1个精确IC50值,0,0,0,0,,,,,6609,是,GE
NG,二肽,2,N,G,1,1,12000,12000,12000,12000,4.07918,1,稳定序列,仅有1个精确IC50值,0,0,0,0,,,,,6611,否,GN
PG,二肽,2,P,G,1,1,17000,17000,17000,17000,4.23045,1,稳定序列,仅有1个精确IC50值,0,0,0,0,,,,,6612,是,GP
IW,二肽,2,I,W,11,5,1.5,12.4,4.7,3.89083,0.672098,8.26667,条件敏感序列,多个精确IC50值，且3<最大最小倍数<=10,8,3,5,1,Fish (Dried Bonito) | Fish (Salmon (Oncorhynchus keta)) | Fish (Salmon muscle) | Fish (Salmon) | Fish (Sardine) | Synthesized | Wakame | Wakame (Undaria pinnatifida),"Cushman and Cheung (1971) | Cushman and Cheung (1971), Yamamoto and others | Yamamoto et al.","GFC, IEC, RP-HPLC | GFC, RP-HPLC, HIC | HPLC, RP-HPLC | RP-HPLC | RP-HPLC, LC-MS",SHR,1074 | 1085 | 1859 | 2028 | 2847 | 4255 | 5155 | 6160 | 6264 | 6272 | 6531,否,WI
DG,二肽,2,D,G,7,2,2.15,12.3,7.225,5.14247,0.858838,5.72093,条件敏感序列,多个精确IC50值，且3<最大最小倍数<=10,5,3,4,0,Shrimp | Soybean | Soybean (Defatted soybean meal) | Soybean (Glycine max) | Soybean Protein,Cushman and Cheung (1971) | He et al. | RP-HPLC with Cushman and Cheung (1971),"IEC, UF | RP-HPLC | UF, GFC, RP-HPLC | UF, HPLC",,1042 | 1265 | 1830 | 2911 | 5141 | 6224 | 6667,是,GD
KY,二肽,2,K,Y,6,3,1.63,13,7.7,5.46438,0.886491,7.97546,条件敏感序列,多个精确IC50值，且3<最大最小倍数<=10,3,2,3,1,Fish (Sardine) | Wakame (Undaria pinnatifida) | Wakame Seaweed,"2,4,6-trinitrobenzene sulfonate(TNBS) method | Cushman and Cheung (1971)","GFC, IEC, RP-HPLC | IEC, SEC, RPC | RP-GPC, HPLC",SHR,1105 | 1816 | 4257 | 5161 | 6258 | 6677,是,YK
KW,二肽,2,K,W,5,3,1.63,10.8,7.8,5.15904,0.892095,6.62577,条件敏感序列,多个精确IC50值，且3<最大最小倍数<=10,4,1,2,0,Fish (Sardine (Sardina pilchardus muscle)) | Fish (Sardine muscle) | Synthesized | Wakame (Undaria pinnatifida),Cushman and Cheung (1971),"GFC, IEC, RP-HPLC | RP-HPLC",,2834 | 5160 | 6178 | 6257 | 6370,否,WK
YW,二肽,2,Y,W,9,3,8.2,43.6,10.5,15.5416,1.02119,5.31707,条件敏感序列,多个精确IC50值，且3<最大最小倍数<=10,6,1,3,1,Casein | Cereals (Sake (Japanese alcoholic beverage made from rice)) | Legume (Mung bean sprout sake) | Legumin | Sake and sake lees | Sake lees,Cushman and Cheung (1971),Enzymatic Hydrolysis of milk proteins | HPLC | RP-HPLC,SHR,1668 | 1998 | 1999 | 4244 | 4943 | 5186 | 5569 | 6149 | 6407,是,WY
AW,二肽,2,A,W,8,4,10,36.3636,27.5613,22.3229,1.4403,3.63636,条件敏感序列,多个精确IC50值，且3<最大最小倍数<=10,7,3,5,2,Cereals (Finnish) | Soybean | Soybean (Glycine max - Fermented soybean seasoning) | Soybean Sauce | Synthesized | Wakame | Wakame (Undaria pinnatifida),"ACE color kit (Fujirebio Corp., Tokyo, Japan), Ka | Cushman and Cheung (1971) | Kasahara and Ashihara (1981)","NMR, LC-MS, GPC | RP-HPLC | RP-HPLC, LC-MS | RP-HPLC, TLC | RPC, LC-MS/MS","SHR | SHR, Dahl salt-sensitive rats (DSSR)",1266 | 1856 | 1887 | 2844 | 5137 | 6206 | 6269 | 6530,是,WA
RY,二肽,2,R,Y,4,2,10.5,51,30.75,23.1409,1.48785,4.85714,条件敏感序列,多个精确IC50值，且3<最大最小倍数<=10,3,2,2,0,Fish (Sardine (Sardina pilchardus muscle)) | Fish (Sardine muscle) | Fish (Sardine),"2,4,6-trinitrobenzene sulfonate(TNBS) method | Cushman and Cheung (1971)","RP-GPC, HPLC | RP-HPLC",,1094 | 5171 | 6172 | 6364,否,YR
VF,二肽,2,V,F,8,3,9.2,49.7,43.7,27.1358,1.64048,5.40217,条件敏感序列,多个精确IC50值，且3<最大最小倍数<=10,7,3,4,0,Cereals (Rice (Oryza sativa red-mold rice)) | Cereals (Rice-koji) | Cereals (rice) | Fish (Sardine (Sardina pilchardus muscle)) | Fish (Sardine muscle) | Fish (Sardine) | Wakame (Undaria pinnatifida),"2,4,6-trinitrobenzene sulfonate(TNBS) method | Cushman and Cheung (1971) | Modified Lieberman’s method","GFC, IEC, RP-HPLC | IEC, SEC, RPC | RP-GPC, HPLC | RP-HPLC",,1099 | 1905 | 2585 | 5176 | 6145 | 6177 | 6262 | 6368,是,FV
KF,二肽,2,K,F,4,2,28.3,116,72.15,57.2957,1.85824,4.09894,条件敏感序列,多个精确IC50值，且3<最大最小倍数<=10,2,1,1,0,Synthesized | Wakame (Undaria pinnatifida),Cushman and Cheung (1971),"GFC, IEC, RP-HPLC",,2850 | 5158 | 6259 | 6678,是,FK
GW,二肽,2,G,W,5,3,30,114.943,114.819,73.4298,2.06002,3.83142,条件敏感序列,多个精确IC50值，且3<最大最小倍数<=10,4,2,3,1,Soybean | Soybean (Glycine max - Fermented soybean seasoning) | Soybean Sauce | Synthesized,"ACE color kit (Fujirebio Corp., Tokyo, Japan), Ka | Kasahara and Ashihara (1981)","NMR, LC-MS, GPC | RP-HPLC, TLC | RPC, LC-MS/MS","SHR, Dahl salt-sensitive rats (DSSR)",1267 | 1888 | 2846 | 6207 | 6565,是,WG
SY,二肽,2,S,Y,8,4,66.3,250,158.374,129.05,2.19968,3.77074,条件敏感序列,多个精确IC50值，且3<最大最小倍数<=10,6,3,6,2,Garlic | Garlic (Allium sativum L) | Garlic (Allium sativum) | Soybean | Soybean (Glycine max - Fermented soybean seasoning) | Soybean Sauce,"ACE color kit (Fujirebio Corp., Tokyo, Japan), Ka | Cushman and Cheung (1971) | Kasahara and Ashihara (1981)","GFC, IEC, RP-HPLC | IEC, GFC, RP-HPLC | NMR, LC-MS, GPC | RP-HPLC, FAB-MS | RP-HPLC, TLC | RPC, LC-MS/MS","SHR | SHR, Dahl salt-sensitive rats (DSSR)",1269 | 1808 | 1890 | 2652 | 5173 | 5746 | 6209 | 6670,是,YS
RF,二肽,2,R,F,4,2,93,392.2,242.6,190.983,2.38489,4.2172,条件敏感序列,多个精确IC50值，且3<最大最小倍数<=10,4,2,2,1,Cereals (Sake (Japanese alcoholic beverage made from rice)) | Legume (Mung bean sprout sake) | Sake and sake lees | Sweet-potato tuber trypsin inhibitor,"Cushman and Cheung (1971) | TLC (Holmquist et al., 1979)",RP-HPLC | TrypsinSepharose-4B AC,SHR,1251 | 4242 | 6155 | 6408,是,FR
GP,二肽,2,G,P,6,3,66,360,252.63,181.737,2.40248,5.45455,条件敏感序列,多个精确IC50值，且3<最大最小倍数<=10,5,2,1,0,Anchovy (sauce) | Fish (Alaska pollack (Theragra chalcogramma)) | Fish (Bonito (sarda fermented sauce)) | Fish (Sardine (Sardina pilchardus fermented sauce)) | Pork (Sus domesticus skeletal muscle),Cushman and Cheung (1971) | Sentandreu and Toldra (2006),"GFC, IEC, RP-HPLC",,5151 | 5642 | 5677 | 6111 | 6163 | 6522,是,PG
AF,二肽,2,A,F,5,4,165.3,805.085,497.082,377.619,2.69643,4.87045,条件敏感序列,多个精确IC50值，且3<最大最小倍数<=10,3,2,3,1,Soybean | Soybean (Glycine max - Fermented soybean seasoning) | Soybean Sauce,"ACE color kit (Fujirebio Corp., Tokyo, Japan), Ka | Kasahara and Ashihara (1981)","NMR, LC-MS, GPC | RP-HPLC, TLC | RPC, LC-MS/MS","SHR, Dahl salt-sensitive rats (DSSR)",1271 | 1892 | 1896 | 6211 | 6569,否,FA
VP,二肽,2,V,P,7,5,420,2242.99,570,895.981,2.75587,5.34045,条件敏感序列,多个精确IC50值，且3<最大最小倍数<=10,5,3,4,1,Anchovy (sauce) | Fish (Sardine (Sardina pilchardus fermented sauce)) | Soybean | Soybean (Glycine max - Fermented soybean seasoning) | Soybean Sauce,"ACE color kit (Fujirebio Corp., Tokyo, Japan), Ka | Cushman and Cheung (1971) | Kasahara and Ashihara (1981)","GFC, IEC, RP-HPLC | NMR, LC-MS, GPC | RP-HPLC, TLC | RPC, LC-MS/MS","SHR, Dahl salt-sensitive rats (DSSR)",1272 | 1893 | 5177 | 5645 | 6165 | 6212 | 6573,否,PV
GF,二肽,2,G,F,8,5,275.42,2564.79,630,614.415,2.79934,9.3123,条件敏感序列,多个精确IC50值，且3<最大最小倍数<=10,5,1,4,1,Fish (Sea bream scale) | Fish skin | Garlic | Garlic (Allium sativum L) | Garlic (Allium sativum),Cushman and Cheung (1971),"GF, IEC, RP-HPLC | GFC, IEC, RP-HPLC | IEC, GFC, RP-HPLC | RP-HPLC, FAB-MS",SHR,1112 | 1813 | 2657 | 2791 | 2936 | 5149 | 5744 | 6577,是,FG
GQ,二肽,2,G,Q,2,2,1910,7000,4455,3656.5,3.64885,3.66492,条件敏感序列,多个精确IC50值，且3<最大最小倍数<=10,1,0,0,0,Legumin,,,,1997 | 6596,是,QG
VG,二肽,2,V,G,4,3,1100,6321.84,6314.58,3527.99,3.80034,5.74713,条件敏感序列,多个精确IC50值，且3<最大最小倍数<=10,3,2,3,1,Soybean | Soybean (Glycine max - Fermented soybean seasoning) | Soybean Sauce,"ACE color kit (Fujirebio Corp., Tokyo, Japan), Ka | Kasahara and Ashihara (1981)","NMR, LC-MS, GPC | RP-HPLC, TLC | RPC, LC-MS/MS","SHR, Dahl salt-sensitive rats (DSSR)",1274 | 1895 | 6214 | 6580,是,GV
CF,二肽,2,C,F,5,3,1.96,1490.7,1.98,17.9516,0.296665,760.562,高冲突序列,多个精确IC50值，且最大最小倍数>10,3,2,3,0,Fish (Shark meat hydrolysate) | Fish (Shark meat) | Fish (Shark),Cushman and Cheung (1971) | He et al.,"GFC, RP-HPLC, UF | UF, GF and RP-HPLC | UF, GF, RP-HPLC",,1114 | 2818 | 5139 | 6192 | 6699,否,FC
VW,二肽,2,V,W,25,10,1.1,24,3.2,3.87256,0.50515,21.8182,高冲突序列,多个精确IC50值，且最大最小倍数>10,21,4,13,1,Alfalfa (Medicago sativa) | Antarctic krill (Euphausia superba) | Casein | Cereals (Rice (Oryza sativa red-mold rice)) | Cereals (Rice-koji) | Cereals (Sake (Japanese alcoholic beverage made from rice)) | Cereals (rice) | Fish (Alfalfa (Medicago sativa)) | Fish (Salmon (Oncorhynchus keta)) | Fish (Salmon) | Fish (Sardine) | Legume (Mung bean sprout sake) | Rapeseed | Rapeseed (Brassica napus) | Rapeseed protein | Rapeseed protein-derived peptides | Sake and sake lees | Sake lees | Synthesized | Wakame | Wakame (Undaria pinnatifida),"Cushman and Cheung (1971) | Cushman and Cheung (1971), Yamamoto and others | Holmquist et al. (1979) | Modified Lieberman’s method","CC | CE-ESI-IT-MS | ESI-MS, ES-FPLC, RP-HPLC | Enzymatic Hydrolysis of milk proteins | Fast(FPLC), RP-HPLC, ESI-MS | GFC, IEC, RP-HPLC | GFC, RP-HPLC | GFC, RP-HPLC, HIC | HPLC | IEC, SEC, RPC | RP-HPLC | RP-HPLC, LC-MS | SEC, UPLC-ESI-MS",SHR,1082 | 1667 | 1858 | 1902 | 1906 | 1950 | 2027 | 2586 | 2703 | 2751 | 2849 | 2954 | 4243 | 4245 | 5178 | 5568 | 5578 | 5648 | 6139 | 6146 | 6147 | 6157 | 6261 | 6271 | 6405,是,WV
IY,二肽,2,I,Y,22,8,2.1,37,3.85,5.35495,0.585461,17.619,高冲突序列,多个精确IC50值，且最大最小倍数>10,17,6,12,1,Cereals (Rice (Oryza sativa red-mold rice)) | Cereals (Rice-koji) | Cereals (Wheat (Triticum aestivum wheat bran)) | Cereals (Wheat bran) | Cereals (rice) | Fish (Bonito (Sarda - dried bonito (katsuobusi))) | Fish (Dried Bonito) | Fish (Sardine (Sardina pilchardus muscle)) | Fish (Sardine muscle) | Fish (Sardine) | Rapeseed | Rapeseed (Brassica napus) | Rapeseed protein | Rapeseed protein-derived peptides | Wakame | Wakame (Undaria pinnatifida) | Wakame Seaweed,"2,4,6-trinitrobenzene sulfonate(TNBS) method | Cushman and Cheung (1971) | Cushman and Cheung (1971), Yamamoto and others | Holmquist et al. (1979) | Modified Lieberman’s method | Yamamoto et al.","CC | GFC, IEC, RP-HPLC | GPC, RP-HPLC | HPLC | IEC, RP-HPLC, HIC | IEC, SEC, RPC | MALDI-TOF-MS, HPLC | RP-GPC, HPLC | RP-HPLC | RP-HPLC, HIC | RP-HPLC, LC-MS | RPC, SEC, RP-HPLC",SHR,1070 | 1098 | 1818 | 1855 | 1903 | 1934 | 1948 | 2583 | 2734 | 2956 | 4248 | 4253 | 4259 | 5156 | 5661 | 6140 | 6143 | 6176 | 6263 | 6268 | 6282 | 6367,否,YI
FY,二肽,2,F,Y,12,4,3.7,42.3,14.37,10.9986,1.15746,11.4324,高冲突序列,多个精确IC50值，且最大最小倍数>10,8,2,6,1,Alpha-zein | Cereals (Maize (Zea mays)) | Garlic | Garlic (Allium sativum L) | Garlic (Allium sativum) | Wakame | Wakame (Undaria pinnatifida) | Wakame Seaweed,Cushman and Cheung (1971) | Yamamoto et al.,"GFC, IEC, RP-HPLC | IEC, GFC, RP-HPLC | IEC, SEC, RPC | RP-HPLC | RP-HPLC, FAB-MS | RP-HPLC, LC-MS",SHR,1810 | 1817 | 1857 | 2654 | 4254 | 4258 | 5148 | 5741 | 5808 | 6260 | 6270 | 6469,是,YF
VY,二肽,2,V,Y,18,7,7.1,2033.39,16,29.4679,1.20412,286.393,高冲突序列,多个精确IC50值，且最大最小倍数>10,13,4,9,1,Casein | Cereals (Sake (Japanese alcoholic beverage made from rice)) | Cereals (Wheat (Triticum aestivum wheat bran)) | Cereals (Wheat bran) | Fish (Sardine) | Fish (Sea bream scale) | Fish skin | Legume (Mung bean sprout sake) | Milk (Fermented Milk) | Sake | Sake and sake lees | Wakame | Wakame (Undaria pinnatifida),"Cushman and Cheung (1971) | Cushman and Cheung (1971), Gonzalez-Gonzalez et al | Modified Lieberman’s method | Yamamoto et al.","Enzymatic Hydrolysis of milk proteins | GF, IEC, RP-HPLC | GFC, IEC, RP-HPLC | IEC, GFC, RP-HPLC | IEC, RP-HPLC, HIC | MALDI-TOF-MS, HPLC | RP-HPLC | RP-HPLC, LC-MS | RPC, SEC, RP-HPLC",SHR,1092 | 1111 | 1669 | 1854 | 1933 | 2733 | 2935 | 4241 | 4252 | 4456 | 4945 | 5179 | 5570 | 6151 | 6265 | 6267 | 6281 | 6411,是,YV
LW,二肽,2,L,W,7,4,4.4,50,20.5,17.3369,1.31175,11.3636,高冲突序列,多个精确IC50值，且最大最小倍数>10,6,2,3,1,Casein | Egg proteins | Fish (Salmon (Oncorhynchus keta)) | Fish (Salmon) | Wakame | Wakame (Undaria pinnatifida),"Cushman and Cheung (1971) | Cushman and Cheung (1971), Yamamoto and others","GFC, RP-HPLC, HIC | RP-HPLC | RP-HPLC, LC-MS",SHR,1086 | 1860 | 2043 | 5162 | 6161 | 6273 | 6373,是,WL
LY,二肽,2,L,Y,7,4,6.8,110,28.25,26.8323,1.45102,16.1765,高冲突序列,多个精确IC50值，且最大最小倍数>10,6,4,4,1,Egg proteins | Fish (Sardine (Sardina pilchardus muscle)) | Fish (Sardine muscle) | Fish (Sardine) | Rapeseed protein | Rapeseed proteins,"2,4,6-trinitrobenzene sulfonate(TNBS) method | Cushman and Cheung (1971) | Cushman and Cheung (1971), Majumder & Wu (2009) | Holmquist et al. (1979)","GPC, RP-HPLC | LC-MS/MS | RP-GPC, HPLC | RP-HPLC",SHR,1096 | 1976 | 2958 | 5163 | 5546 | 6174 | 6365,是,YL
MF,二肽,2,M,F,7,4,0.92,1349.62,44.85,39.7539,1.65176,1466.98,高冲突序列,多个精确IC50值，且最大最小倍数>10,5,3,5,0,Fish (Sardine (Sardina pilchardus muscle)) | Fish (Sardine muscle) | Fish (Sardine) | Fish (Shark meat) | Fish (Shark),"2,4,6-trinitrobenzene sulfonate(TNBS) method | Cushman and Cheung (1971) | He et al.","GFC, RP-HPLC, UF | RP-GPC, HPLC | RP-HPLC | UF, GF and RP-HPLC | UF, GF, RP-HPLC",,1093 | 1116 | 2820 | 5164 | 6171 | 6194 | 6369,否,FM
AY,二肽,2,A,Y,9,5,14.2,190.476,48,54.2375,1.68124,13.4138,高冲突序列,多个精确IC50值，且最大最小倍数>10,8,3,7,2,Alpha-zein | Cereals (Corn (Zea mays)) | Cereals (Corn Gluten meal) | Cereals (Corn gluten meal) | Cereals (Maize (Zea mays)) | Soybean | Soybean (Glycine max - Fermented soybean seasoning) | Soybean Sauce,"ACE color kit (Fujirebio Corp., Tokyo, Japan), Ka | Cushman and Cheung (1971) | Kasahara and Ashihara (1981)","GFC, RP-HPLC | HPLC-ESI-MS | NMR, LC-MS, GPC | RP-HPLC | RP-HPLC, TLC | RPC, LC-MS/MS | UF, SEC, RPC, LC/MS","SHR | SHR, Dahl salt-sensitive rats (DSSR)",1268 | 1877 | 1889 | 2650 | 5138 | 5719 | 5782 | 6208 | 6472,是,YA
RP,二肽,2,R,P,5,4,15.2,181.97,100.5,56.8635,2.00217,11.9717,高冲突序列,多个精确IC50值，且最大最小倍数>10,3,2,1,0,Anchovy (sauce) | Fish (Bonito (sarda fermented sauce)) | Pork (Sus domesticus skeletal muscle),Cushman and Cheung (1971) | Sentandreu and Toldra (2006),"GFC, IEC, RP-HPLC",,2793 | 5641 | 5676 | 6114 | 6568,是,PR
DW,二肽,2,D,W,2,2,13,257.93,135.465,57.9059,2.13183,19.8408,高冲突序列,多个精确IC50值，且最大最小倍数>10,1,0,0,0,Synthesized,,,,2794 | 2845,否,WD
GY,二肽,2,G,Y,13,10,68,2392.55,233.52,255.645,2.36832,35.1845,高冲突序列,多个精确IC50值，且最大最小倍数>10,10,3,9,2,Fish (Sea bream scale) | Fish skin | Garlic | Garlic (Allium sativum L) | Garlic (Allium sativum) | Silk fibroin | Silkworm fibroin | Soybean | Soybean (Glycine max - Fermented soybean seasoning) | Soybean Sauce,"ACE color kit (Fujirebio Corp., Tokyo, Japan), Ka | Cushman and Cheung (1971) | Kasahara and Ashihara (1981)","GF, IEC, RP-HPLC | GFC, IEC, RP-HPLC | HPLC, LC/MS/MS | IEC, GFC, RP-HPLC | NMR, LC-MS, GPC | RP-HPLC, FAB-MS | RP-HPLC, LC-ESI/MS | RP-HPLC, TLC | RPC, LC-MS/MS","SHR | SHR, Dahl salt-sensitive rats (DSSR)",1110 | 1270 | 1809 | 1891 | 2653 | 2790 | 2934 | 4250 | 4251 | 5153 | 5740 | 6210 | 6450,是,YG
AP,二肽,2,A,P,7,4,29,322.269,276,162.2,2.44091,11.1127,高冲突序列,多个精确IC50值，且最大最小倍数>10,5,2,2,0,Anchovy (sauce) | Arachin | Fish (Atlantic salmon) | Fish (Bonito (sarda fermented sauce)) | Fish (Sardine (Sardina pilchardus fermented sauce)),"Cushman and Cheung (1971) | Cushman and Cheung (1971), Wang et al.","GFC, IEC, RP-HPLC | RP-HPLC",,1079 | 3706 | 5135 | 5639 | 5675 | 6162 | 6570,是,PA
AA,二肽,2,A,A,3,2,51.4,620,335.7,178.516,2.52595,12.0623,高冲突序列,多个精确IC50值，且最大最小倍数>10,1,1,0,0,Pork (Sus domesticus skeletal muscle),Sentandreu and Toldra (2006),,,5134 | 6112 | 6576,是,AA
TF,二肽,2,T,F,7,2,18,810,414,120.748,2.617,45,高冲突序列,多个精确IC50值，且最大最小倍数>10,4,3,5,1,Cereals (Wheat (Triticum aestivum wheat bran)) | Cereals (Wheat bran) | Rapeseed protein | Rapeseed proteins,Cushman and Cheung (1971) | Holmquist et al. (1979) | Modified Lieberman’s method,"GPC, RP-HPLC | IEC, RP-HPLC, HIC | MALDI-TOF-MS, HPLC | RP-HPLC | RPC, SEC, RP-HPLC",SHR,1935 | 2735 | 2959 | 5174 | 5547 | 6283 | 6759,否,FT
IF,二肽,2,I,F,2,2,65.8,930,497.9,247.374,2.69714,14.1337,高冲突序列,多个精确IC50值，且最大最小倍数>10,1,1,1,1,Soybean Sauce,Kasahara and Ashihara (1981),"NMR, LC-MS, GPC","SHR, Dahl salt-sensitive rats (DSSR)",1897 | 6579,是,FI
EY,二肽,2,E,Y,5,2,2.68,1289.03,645.857,58.7759,2.81014,480.983,高冲突序列,多个精确IC50值，且最大最小倍数>10,3,2,3,0,Fish (Shark meat hydrolysate) | Fish (Shark meat) | Fish (Shark),Cushman and Cheung (1971) | He et al.,"GFC, RP-HPLC, UF | UF, GF and RP-HPLC | UF, GF, RP-HPLC",,1115 | 2819 | 5145 | 6193 | 6700,是,YE
VR,二肽,2,V,R,5,4,52.8,1214.78,656,295.559,2.8169,23.0072,高冲突序列,多个精确IC50值，且最大最小倍数>10,5,2,2,0,Arachin | Fish (Atlantic salmon) | Legumin | Milk (Ovine milk product) | Milk (Ovine milk proteins),"Cushman and Cheung (1971) | Cushman and Cheung (1971), Wang et al.","RP-HPLC | UF, FPLC, RP-HPLC, IT-MS (CE-MS)",,1002 | 1080 | 1996 | 3707 | 6615,否,RV
FE,二肽,2,F,E,4,2,1.45,1359.11,680.281,44.3927,2.83269,937.318,高冲突序列,多个精确IC50值，且最大最小倍数>10,2,2,3,0,Fish (Shark meat) | Fish (Shark),Cushman and Cheung (1971) | He et al.,"GFC, RP-HPLC, UF | UF, GF and RP-HPLC | UF, GF, RP-HPLC",,1117 | 2821 | 5146 | 6195,否,EF
GR,二肽,2,G,R,3,2,162.2,3200,1681.1,720.444,3.22559,19.7287,高冲突序列,多个精确IC50值，且最大最小倍数>10,1,1,0,0,Pork (Sus domesticus skeletal muscle),Sentandreu and Toldra (2006),,,5152 | 6109 | 6589,是,RG
AI,二肽,2,A,I,4,4,3.41,3415.84,2050.81,406.926,3.31193,1001.71,高冲突序列,多个精确IC50值，且最大最小倍数>10,4,2,3,1,Soybean | Soybean (Glycine max - Fermented soybean seasoning) | Soybean (Soy sauce) | Soybean Sauce,"ACE color kit (Fujirebio Corp., Tokyo, Japan), Ka | Kasahara and Ashihara (1981)","NMR, LC-MS, GPC | RP-HPLC, TLC | RPC, LC-MS/MS","SHR, Dahl salt-sensitive rats (DSSR)",1273 | 1894 | 6213 | 6604,是,IA
VPK,三肽,3,V,K,1,1,0,0,0,,,1,稳定序列,仅有1个精确IC50值,1,0,0,0,Whey protein,,,,6482,否,KPV
VSV,三肽,3,V,V,3,1,0.15,0.15,0.15,0.15,-0.823909,1,稳定序列,仅有1个精确IC50值,1,1,1,0,Rapeseed (Canola meal defatted),"HPLC method by Wu,Aluko and Muir",GPC,,1218 | 1987 | 2912,是,VSV
IKW,三肽,3,I,W,7,1,0.21,0.21,0.21,0.21,-0.677781,1,稳定序列,仅有1个精确IC50值,4,2,3,1,Chicken muscle | Chicken muscle proteins | Food-protein | Synthesized,"Cushman and Cheung (1971) | Cushman and Cheung (1971), Yamamoto and others",GFC | HPLC | RP-HPLC,SHR,2021 | 2855 | 2859 | 2894 | 5061 | 5718 | 6532,否,WKI
IRY,三肽,3,I,Y,2,2,0.59,0.6,0.595,0.594979,-0.225483,1.01695,稳定序列,多个精确IC50值，但最大最小倍数<=3,1,1,1,0,Egg proteins,"Cushman and Cheung (1971), Majumder & Wu (2009)",LC-MS/MS,,1968 | 1971,否,YRI
IRW,三肽,3,I,W,1,1,0.6,0.6,0.6,0.6,-0.221849,1,稳定序列,仅有1个精确IC50值,1,0,0,0,Egg proteins,,,,2041,否,WRI
LGP,三肽,3,L,P,2,1,0.72,0.72,0.72,0.72,-0.142668,1,稳定序列,仅有1个精确IC50值,2,1,1,0,Fish (Alaska pollack (Theragra chalcogramma)) | Synthesized,Cushman and Cheung (1971),HPLC,,5075 | 6518,是,PGL
MAP,三肽,3,M,P,1,1,0.8,0.8,0.8,0.8,-0.09691,1,稳定序列,仅有1个精确IC50值,1,1,1,1,Cheese,Cushman and Cheung (1971),"HPLC, LC/MSD",SHR,2759,否,PAM
LIY,三肽,3,L,Y,3,2,0.8,0.82,0.81,0.809938,-0.091515,1.025,稳定序列,多个精确IC50值，但最大最小倍数<=3,2,1,1,0,Human α2-macroglobulin | Synthesized,Cushman and Cheung (1971),"GF, CEC, RP-HPLC, iHPLC",,2860 | 5098 | 6644,否,YIL
GGY,三肽,3,G,Y,1,1,1.3,1.3,1.3,1.3,0.113943,1,稳定序列,仅有1个精确IC50值,1,0,0,0,Sake and sake lees,,,,6434,是,YGG
VRF,三肽,3,V,F,1,1,1.3,1.3,1.3,1.3,0.113943,1,稳定序列,仅有1个精确IC50值,1,0,0,0,Soybean proteins,,,,1985,否,FRV
IQW,三肽,3,I,W,1,1,1.4,1.4,1.4,1.4,0.146128,1,稳定序列,仅有1个精确IC50值,1,0,0,0,Egg proteins,,,,2042,否,WQI
IEP,三肽,3,I,P,1,1,1.6,1.6,1.6,1.6,0.20412,1,稳定序列,仅有1个精确IC50值,0,0,0,0,,,,,6748,否,PEI
GLP,三肽,3,G,P,2,1,1.62,1.62,1.62,1.62,0.209515,1,稳定序列,仅有1个精确IC50值,2,1,1,0,Fish (Alaska pollack (Theragra chalcogramma)) | Synthesized,Cushman and Cheung (1971),HPLC,,5076 | 6519,是,PLG
LSP,三肽,3,L,P,8,1,1.7,1.7,1.7,1.7,0.230449,1,稳定序列,仅有1个精确IC50值,6,1,5,1,Cereals (Corn endosperm) | Cereals (Maize (Zea mays)) | Cereals (Maize Standard (Native alpha-zein)) | Cereals (Maize alpha-zein) | Cereals (Maize lines) | Α-zein,Cushman and Cheung (1971),"CC, HPLC | GF, TLC, IEC | GFC, IEC, RP-HPLC | RP-HPLC, FAB-MS | UF, RP-HPLC",SHR,1281 | 1872 | 1875 | 2664 | 5111 | 5238 | 5801 | 6458,否,PSL
LVY,三肽,3,L,Y,4,1,1.8,1.8,1.8,1.8,0.255273,1,稳定序列,仅有1个精确IC50值,3,2,3,1,Milk (Fermented Milk) | Sesame | Sesame (Sesamum indicum),"Cushman and Cheung (1971), Gonzalez-Gonzalez et al | Friedland and Silverstein (1976)","GFC, RP-HPLC | RP-HPLC, LC-MS/MS | SEC, RPC",SHR,1878 | 4457 | 5239 | 6185,否,YVL
IRP,三肽,3,I,P,6,2,1.8,1.9,1.85,1.84932,0.267172,1.05556,稳定序列,多个精确IC50值，但最大最小倍数<=3,4,2,3,0,Cereals (Finnish) | Egg proteins | Fish (Bonito (Sarda bowel autolysate)) | Fish (Bonito bowel),"Cushman and Cheung (1971) | Cushman and Cheung (1971), Maruyama and Suzuki","GFC, IEC, RP-HPLC, HIC | HPLC | RP-HPLC, IEC",,2038 | 2571 | 5097 | 5222 | 5670 | 6533,否,PRI
VRP,三肽,3,V,P,7,1,2.2,2.2,2.2,2.2,0.342423,1,稳定序列,仅有1个精确IC50值,5,3,3,0,Casein (Beta Casein) | Fish (Bonito (Sarda bowel autolysate)) | Fish (Bonito bowel) | Milk (human casein) | Milk derived,"Cushman and Cheung (1971) | Cushman and Cheung (1971), Maruyama and Suzuki | Kasahara and Ashihara (1981)","GFC, IEC, RP-HPLC, HIC | HPLC | RP-HPLC, IEC",,2264 | 2568 | 5093 | 5264 | 5665 | 6035 | 6382,否,PRV
TKY,三肽,3,T,Y,1,1,2.3,2.3,2.3,2.3,0.361728,1,稳定序列,仅有1个精确IC50值,1,0,0,0,Synthesized,,,,2857,否,YKT
PRY,三肽,3,P,Y,1,1,2.5,2.5,2.5,2.5,0.39794,1,稳定序列,仅有1个精确IC50值,1,0,0,0,Sake and sake lees,,,,6453,否,YRP
GPL,三肽,3,G,L,9,3,2.55,2.65,2.6,2.59968,0.414973,1.03922,稳定序列,多个精确IC50值，但最大最小倍数<=3,4,2,7,0,Bovine skin gelatin | Fish (Alaska pollack (Theragra chalcogramma)) | Fish skin | Gelatin hydrolysate,Cushman and Cheung (1971) | He et al.,"GF, IEC, RP-HPLC | GF, IEC, and RP-HPLC | GFC, IEC, RP-HPLC | GFC, IEC, RP-HPLC, UF | HPLC | RP-HPLC | SEC, RP-HPLC",,1108 | 2015 | 2757 | 2963 | 4629 | 5073 | 5209 | 5575 | 6516,是,LPG
IQY,三肽,3,I,Y,2,2,2.8,2.9,2.85,2.84956,0.454845,1.03571,稳定序列,多个精确IC50值，但最大最小倍数<=3,1,1,1,0,Egg proteins,"Cushman and Cheung (1971), Majumder & Wu (2009)",LC-MS/MS,,1970 | 1973,否,YQI
VAW,三肽,3,V,W,1,1,2.86,2.86,2.86,2.86,0.456366,1,稳定序列,仅有1个精确IC50值,1,1,1,0,Egg (Hen egg white),Cushman and Cheung (1971),"RP-HPLC, UPLC–MS/MS",,5545,否,WAV
ARF,三肽,3,A,F,1,1,3,3,3,3,0.477121,1,稳定序列,仅有1个精确IC50值,1,0,0,0,Soybean proteins,,,,1986,否,FRA
AKK,三肽,3,A,K,6,3,3.1,3.2,3.13,3.14306,0.495544,1.03226,稳定序列,多个精确IC50值，但最大最小倍数<=3,4,2,3,0,Fish (Sardine (Sardina pilchardus muscle)) | Fish (Sardine muscle) | Fish (Sardine) | Synthesized,"2,4,6-trinitrobenzene sulfonate(TNBS) method | Cushman and Cheung (1971)","GPC, HPLC | RP-GPC, HPLC | RP-HPLC",,1102 | 2851 | 5083 | 5192 | 6181 | 6363,否,KKA
IWH,三肽,3,I,H,4,1,3.5,3.5,3.5,3.5,0.544068,1,稳定序列,仅有1个精确IC50值,4,1,2,1,Actin | Cereals (Finnish) | Fish (Bonito muscle) | Fish (Dried Bonito),"Cushman and Cheung (1971), Yamamoto and others","HPLC | HPLC, RP-HPLC",SHR,1075 | 5063 | 5080 | 6534,否,HWI
LAP,三肽,3,L,P,4,1,3.5,3.5,3.5,3.5,0.544068,1,稳定序列,仅有1个精确IC50值,2,2,2,1,Chicken muscle | Food-protein,"Cushman and Cheung (1971) | Cushman and Cheung (1971), Yamamoto and others",GFC | HPLC,SHR,2893 | 4627 | 5060 | 6556,否,PAL
TAP,三肽,3,T,P,4,1,3.5,3.5,3.5,3.5,0.544068,1,稳定序列,仅有1个精确IC50值,3,1,0,0,Casein (Beta Casein) | Milk (human casein) | Milk derived,Kasahara and Ashihara (1981),,,2265 | 5251 | 6031 | 6384,否,PAT
FAP,三肽,3,F,P,4,1,3.8,3.8,3.8,3.8,0.579784,1,稳定序列,仅有1个精确IC50值,3,1,1,1,Casein | Casein (Αs1-casein) | Milk (bovine casein),Cushman and Cheung (1971),"HPLC, TLC, IRRC",Female wistar rat,5109 | 5199 | 5849 | 6375,否,PAF
IEF,三肽,3,I,F,1,1,3.8,3.8,3.8,3.8,0.579784,1,稳定序列,仅有1个精确IC50值,1,0,0,0,Chicken muscle,,,,2023,否,FEI
LAY,三肽,3,L,Y,3,1,3.9,3.9,3.9,3.9,0.591065,1,稳定序列,仅有1个精确IC50值,2,1,1,0,Alpha-zein | Cereals (Maize (Zea mays)),Cushman and Cheung (1971),"GFC, IEC, RP-HPLC",,5227 | 5807 | 6471,否,YAL
YQY,三肽,3,Y,Y,3,1,4,4,4,4,0.60206,1,稳定序列,仅有1个精确IC50值,2,1,2,1,Cereals (Buckwheat) | Cereals (Finnish),Modified Lieberman’s method,"GPC, HPLC | SEC, RPC",SHR,1926 | 5120 | 6537,是,YQY
VWP,三肽,3,V,P,1,1,4.5,4.5,4.5,4.5,0.653213,1,稳定序列,仅有1个精确IC50值,1,1,1,1,Cereals (rice),"Chen, J., Wang, Y., Zhong, Q., Wu, Y., & Xia, W. (","UF, RP-HPLC",SHR,3756,否,PWV
APP,三肽,3,A,P,1,1,4.6,4.6,4.6,4.6,0.662758,1,稳定序列,仅有1个精确IC50值,0,0,0,0,,,,,4640,否,PPA
GPV,三肽,3,G,V,2,2,4.67,4.7,4.685,4.68498,0.67071,1.00642,稳定序列,多个精确IC50值，但最大最小倍数<=3,1,1,1,0,Bovine skin gelatin,Cushman and Cheung (1971),"GFC, IEC, RP-HPLC",,2016 | 6529,否,VPG
PLG,三肽,3,P,G,2,1,4.74,4.74,4.74,4.74,0.675778,1,稳定序列,仅有1个精确IC50值,2,1,1,0,Fish (Alaska pollack (Theragra chalcogramma)) | Synthesized,Cushman and Cheung (1971),HPLC,,5077 | 6520,是,GLP
IQP,三肽,3,I,P,7,2,3.8,5.77,4.785,4.68252,0.679882,1.51842,稳定序列,多个精确IC50值，但最大最小倍数<=3,4,2,4,1,Algae (Spirulina platensis) | Cereals (Wheat (Triticum aestivum wheat bran)) | Cereals (Wheat bran) | Nori (Porphyra yezoensis),Cushman and Cheung (1971) | Modified Lieberman’s method,"IEC, RP-HPLC, HIC | MALDI-TOF-MS, HPLC | RP-HPLC, UF | RPC, SEC, RP-HPLC",SHR,1931 | 2731 | 4261 | 5115 | 5220 | 6279 | 6758,否,PQI
DLP,三肽,3,D,P,8,1,4.8,4.8,4.8,4.8,0.681241,1,稳定序列,仅有1个精确IC50值,6,1,3,0,Cereals (Finnish) | Soybean | Soybean (Defatted soybean meal) | Soybean (Glycine max) | Soybean Protein | Soybean-derived,Cushman and Cheung (1971),"IEC, UF | RP-HPLC | UF, HPLC",,1264 | 1829 | 1979 | 2910 | 5116 | 5198 | 6223 | 6528,否,PLD
IPP,三肽,3,I,P,15,2,5,5.15,5.075,5.07445,0.705436,1.03,稳定序列,多个精确IC50值，但最大最小倍数<=3,12,2,7,1,Casein | Casein β-lg f | Cereals (Rye) | Cheese (Swiss) | Fermentation with L. helveticus and S. cerevisiae | Milk | Milk (Skimmed milk) | Milk (human casein) | Milk (sour milk) | Milk derived | Sour milk | Β- and κ-casein,Cushman and Cheung (1971) | Kasahara and Ashihara (1981),"Enzymatic Hydrolysis of milk proteins | GFC, RP-HPLC, UF | HPLC | HPLC, LC-MS | RP-HPLC | Spectrophotometric, HPLC, UPLC | UF, LC-MS",SHR,1276 | 1672 | 1710 | 2243 | 2741 | 2970 | 3629 | 4965 | 5126 | 5219 | 5514 | 5573 | 6046 | 6093 | 6440,否,PPI
LRY,三肽,3,L,Y,1,1,5.1,5.1,5.1,5.1,0.70757,1,稳定序列,仅有1个精确IC50值,0,0,0,0,,,,,6636,否,YRL
GTG,三肽,3,G,G,3,1,5.54,5.54,5.54,5.54,0.74351,1,稳定序列,仅有1个精确IC50值,2,1,3,0,Marine shrimp (acetes chinensis) | Shrimp,He et al.,"ESI-MS/MS | GF, IEC, RP-HPLC | UF, GFC, RP-HPLC",,1043 | 2618 | 2961,是,GTG
LPG,三肽,3,L,G,2,1,5.73,5.73,5.73,5.73,0.758155,1,稳定序列,仅有1个精确IC50值,2,1,1,0,Fish (Alaska pollack (Theragra chalcogramma)) | Synthesized,Cushman and Cheung (1971),HPLC,,5078 | 6521,是,GPL
IRA,三肽,3,I,A,4,1,6.4,6.4,6.4,6.4,0.80618,1,稳定序列,仅有1个精确IC50值,3,1,2,0,Alpha-zein | Cereals (Maize (Zea mays)) | Α-zein,Cushman and Cheung (1971),"GFC, IEC, RP-HPLC | HPLC",,5099 | 5221 | 5809 | 6464,否,ARI
VNP,三肽,3,V,P,1,1,6.4,6.4,6.4,6.4,0.80618,1,稳定序列,仅有1个精确IC50值,1,1,1,1,Cereals (rice),"Chen, J., Wang, Y., Zhong, Q., Wu, Y., & Xia, W. (","UF, RP-HPLC",SHR,3755,否,PNV
AWW,三肽,3,A,W,1,1,6.5,6.5,6.5,6.5,0.812913,1,稳定序列,仅有1个精确IC50值,1,0,0,0,Soybean proteins,,,,1983,否,WWA
VDF,三肽,3,V,F,1,1,6.59,6.59,6.59,6.59,0.818885,1,稳定序列,仅有1个精确IC50值,1,0,1,0,Egg (cooked egg protein),,"CEC, GF, LC-MS",,5103,否,FDV
LYP,三肽,3,L,P,2,1,6.6,6.6,6.6,6.6,0.819544,1,稳定序列,仅有1个精确IC50值,2,1,1,0,Cereals (Finnish) | Synthesized,"Cushman and Cheung (1971), Yamamoto and others",HPLC,,5069 | 6536,否,PYL
FRC,三肽,3,F,C,1,1,7,7,7,7,0.845098,1,稳定序列,仅有1个精确IC50值,1,0,0,0,Legume (Pea proteins),,,,1991,否,CRF
MKY,三肽,3,M,Y,1,1,7.3,7.3,7.3,7.3,0.863323,1,稳定序列,仅有1个精确IC50值,0,0,0,0,,,,,6637,否,YKM
VIF,三肽,3,V,F,1,1,7.5,7.5,7.5,7.5,0.875061,1,稳定序列,仅有1个精确IC50值,1,1,1,1,Fish (Sea bream scale),Cushman and Cheung (1971),"GF, IEC, RP-HPLC",SHR,1113,是,FIV
LSA,三肽,3,L,A,3,1,7.81,7.81,7.81,7.81,0.892651,1,稳定序列,仅有1个精确IC50值,2,1,2,1,Sesame | Sesame (Sesamum indicum),Friedland and Silverstein (1976),"GFC, RP-HPLC | SEC, RPC",SHR,1879 | 5237 | 6186,否,ASL
LKA,三肽,3,L,A,4,1,8.5,8.5,8.5,8.5,0.929419,1,稳定序列,仅有1个精确IC50值,4,2,3,1,Chicken muscle proteins | Creatine Kinase | Creatine kinase | Food-protein,"Cushman and Cheung (1971) | Cushman and Cheung (1971), Yamamoto and others",GFC | HPLC | RP-HPLC,SHR,2019 | 2891 | 5058 | 6555,否,AKL
IPF,三肽,3,I,F,1,1,8.78,8.78,8.78,8.78,0.943495,1,稳定序列,仅有1个精确IC50值,1,0,1,0,Egg (cooked egg protein),,"CEC, GF, LC-MS",,5106,否,FPI
VPP,三肽,3,V,P,14,2,9,9.13,9.065,9.06477,0.957368,1.01444,稳定序列,多个精确IC50值，但最大最小倍数<=3,12,1,7,1,Casein | Casein (Beta Casein) | Casein (Β-casein) | Casein β-lg f | Cereals (Rye) | Cheese (Swiss) | Fermentation with L. helveticus and S. cerevisiae | Milk | Milk (Skimmed milk) | Milk (sour milk) | Milk derived | Sour milk,Cushman and Cheung (1971),"Enzymatic Hydrolysis of milk proteins | GFC, RP-HPLC, UF | HPLC | HPLC, LC-MS | RP-HPLC | Spectrophotometric, HPLC, UPLC | UF, LC-MS",SHR,1275 | 1671 | 1711 | 2244 | 2740 | 2971 | 3628 | 4963 | 5125 | 5262 | 5515 | 5572 | 6092 | 6442,否,PPV
VIP,三肽,3,V,P,2,1,9.2,9.2,9.2,9.2,0.963788,1,稳定序列,仅有1个精确IC50值,2,0,0,0,Legume (Pea proteins) | Soybean proteins,,,,1982 | 1994,否,PIV
GAP,三肽,3,G,P,1,1,9.3,9.3,9.3,9.3,0.968483,1,稳定序列,仅有1个精确IC50值,0,0,0,0,,,,,4639,否,PAG
VWY,三肽,3,V,Y,3,1,9.4,9.4,9.4,9.4,0.973128,1,稳定序列,仅有1个精确IC50值,2,1,1,0,Cereals (Sake (Japanese alcoholic beverage made from rice)) | Sake and sake lees,Cushman and Cheung (1971),RP-HPLC,,5267 | 6148 | 6406,否,YWV
ITP,三肽,3,I,P,1,1,9.5,9.5,9.5,9.5,0.977724,1,稳定序列,仅有1个精确IC50值,1,1,1,1,Sweet-potato protein isolate,Cushman and Cheung (1971),"Absorption Chromatography, RP-HPLC",SHR,1231,否,PTI
ATF,三肽,3,A,F,1,1,9.6,9.6,9.6,9.6,0.982271,1,稳定序列,仅有1个精确IC50值,1,0,0,0,Cereals (Barley protein B-Hordein),,,,2007,否,FTA
LPP,三肽,3,L,P,4,1,9.6,9.6,9.6,9.6,0.982271,1,稳定序列,仅有1个精确IC50值,3,1,2,0,Casein | Cereals (Maize (Zea mays)) | Γ-zein,Cushman and Cheung (1971),"GFC, IEC, RP-HPLC, UF | RP-HPLC",,5110 | 5233 | 5758 | 6374,是,PPL
MYY,三肽,3,M,Y,4,1,9.6,9.6,9.6,9.6,0.982271,1,稳定序列,仅有1个精确IC50值,3,1,0,0,Casein (Beta Casein) | Milk (human casein) | Milk derived,Kasahara and Ashihara (1981),,,2254 | 5242 | 6051 | 6385,否,YYM
LVP,三肽,3,L,P,1,1,9.9,9.9,9.9,9.9,0.995635,1,稳定序列,仅有1个精确IC50值,1,0,0,0,Legume (Pea proteins),,,,1992,否,PVL
LPF,三肽,3,L,F,1,1,10.59,10.59,10.59,10.59,1.0249,1,稳定序列,仅有1个精确IC50值,1,0,1,0,Egg (cooked egg protein),,"CEC, GF, LC-MS",,5104,否,FPL
FCF,三肽,3,F,F,2,1,11,11,11,11,1.04139,1,稳定序列,仅有1个精确IC50值,1,1,1,1,Egg (Ovalbumin),"Cushman and Cheung (1971), Yamamoto and others",HPLC,SHR,5062 | 6635,是,FCF
LVL,三肽,3,L,L,1,1,12.3,12.3,12.3,12.3,1.08991,1,稳定序列,仅有1个精确IC50值,1,0,0,0,Porcine plasma,,,,6395,是,LVL
LAA,三肽,3,L,A,3,1,13,13,13,13,1.11394,1,稳定序列,仅有1个精确IC50值,2,1,1,0,Alpha-zein | Cereals (Maize (Zea mays)),Cushman and Cheung (1971),"GFC, IEC, RP-HPLC",,5226 | 5810 | 6456,否,AAL
VAA,三肽,3,V,A,3,1,13,13,13,13,1.11394,1,稳定序列,仅有1个精确IC50值,2,1,1,0,Alpha-zein | Cereals (Maize (Zea mays)),Cushman and Cheung (1971),"GFC, IEC, RP-HPLC",,5253 | 5811 | 6437,否,AAV
YKW,三肽,3,Y,W,1,1,13.3,13.3,13.3,13.3,1.12385,1,稳定序列,仅有1个精确IC50值,1,0,0,0,Synthesized,,,,2839,否,WKY
PGL,三肽,3,P,L,2,1,13.93,13.93,13.93,13.93,1.14395,1,稳定序列,仅有1个精确IC50值,2,1,1,0,Fish (Alaska pollack (Theragra chalcogramma)) | Synthesized,Cushman and Cheung (1971),HPLC,,5074 | 6517,是,LGP
LVR,三肽,3,L,R,1,1,14,14,14,14,1.14613,1,稳定序列,仅有1个精确IC50值,1,0,0,0,Cereals (Maize endosperm),,,,6446,否,RVL
LVE,三肽,3,L,E,1,1,14.2,14.2,14.2,14.2,1.15229,1,稳定序列,仅有1个精确IC50值,1,0,0,0,Bulfrog (Rana catesbeiana Shaw) muscle protein,,,,6694,否,EVL
YAP,三肽,3,Y,P,1,1,14.7348,14.7348,14.7348,14.7348,1.16834,1,稳定序列,仅有1个精确IC50值,1,1,1,0,Cuttlefish skin gelatin,Nakamura et al. (1995),"GFC, RP-HPLC",,3710,否,PAY
TVY,三肽,3,T,Y,4,1,15,15,15,15,1.17609,1,稳定序列,仅有1个精确IC50值,3,1,1,0,Casein | Milk (bovine casein) | Milk derived,Cushman and Cheung (1971),RP-HPLC,,2250 | 5252 | 5842 | 6508,否,YVT
VSP,三肽,3,V,P,4,2,10,21.8,15.9,14.7648,1.2014,2.18,稳定序列,多个精确IC50值，但最大最小倍数<=3,3,1,1,0,Alpha-zein | Cereals (Maize (Zea mays)) | Milk (bovine lactoglobulin),Cushman and Cheung (1971),"GFC, IEC, RP-HPLC",,5265 | 5802 | 5872 | 6455,否,PSV
PSY,三肽,3,P,Y,3,1,16,16,16,16,1.20412,1,稳定序列,仅有1个精确IC50值,2,1,2,1,Cereals (Buckwheat) | Soybean (Soy bioactive),Modified Lieberman’s method,"GPC, HPLC | SEC, RPC",SHR,1928 | 5121 | 6545,否,YSP
VAY,三肽,3,V,Y,3,1,16,16,16,16,1.20412,1,稳定序列,仅有1个精确IC50值,2,1,1,0,Alpha-zein | Cereals (Maize (Zea mays)),Cushman and Cheung (1971),"GFC, IEC, RP-HPLC",,5256 | 5806 | 6463,否,YAV
YPR,三肽,3,Y,R,1,1,16.5,16.5,16.5,16.5,1.21748,1,稳定序列,仅有1个精确IC50值,1,0,0,0,Sake and sake lees,,,,6452,否,RPY
GPM,三肽,3,G,M,6,2,17.13,17.3,17.215,17.2148,1.23591,1.00992,稳定序列,多个精确IC50值，但最大最小倍数<=3,3,3,4,0,Fish (Alaska pollack (Theragra chalcogramma)) | Fish skin | Gelatin hydrolysate,"Cushman and Cheung (1971) | Cushman and Cheung (1971), Yamamoto and others | He et al.","GF, IEC, RP-HPLC | GF, IEC, and RP-HPLC | GFC, IEC, RP-HPLC, UF | SEC, RP-HPLC",,1109 | 2756 | 2962 | 5072 | 5210 | 5576,否,MPG
MPF,三肽,3,M,F,1,1,17.98,17.98,17.98,17.98,1.25479,1,稳定序列,仅有1个精确IC50值,1,0,1,0,Egg (cooked egg protein),,"CEC, GF, LC-MS",,5105,否,FPM
FWN,三肽,3,F,N,3,1,18.3,18.3,18.3,18.3,1.26245,1,稳定序列,仅有1个精确IC50值,2,1,1,0,Cereals (Sake (Japanese alcoholic beverage made from rice)) | Sake and sake lees,Cushman and Cheung (1971),RP-HPLC,,5204 | 6153 | 6409,否,NWF
GRP,三肽,3,G,P,6,2,19.9,20,19.95,19.9499,1.29994,1.00503,稳定序列,多个精确IC50值，但最大最小倍数<=3,3,2,3,0,Fish (Sardine (Sardina pilchardus muscle)) | Fish (Sardine muscle) | Fish (Sardine),"2,4,6-trinitrobenzene sulfonate(TNBS) method | Cushman and Cheung (1971)","GPC, HPLC | RP-GPC, HPLC | RP-HPLC",,1100 | 4630 | 5081 | 5211 | 6179 | 6362,否,PRG
VVW,三肽,3,V,W,1,1,22,22,22,22,1.34242,1,稳定序列,仅有1个精确IC50值,1,1,1,0,Cereals (Rice-koji),Cushman and Cheung (1971),"IEC, SEC, RPC",,1904,否,WVV
VVY,三肽,3,V,Y,3,1,22,22,22,22,1.34242,1,稳定序列,仅有1个精确IC50值,2,2,2,0,Cereals (Rice (Oryza sativa red-mold rice)) | Cereals (rice),Cushman and Cheung (1971) | Modified Lieberman’s method,"GFC, IEC, RP-HPLC | RP-HPLC",,2584 | 5266 | 6144,否,YVV
HLL,三肽,3,H,L,1,1,22.2,22.2,22.2,22.2,1.34635,1,稳定序列,仅有1个精确IC50值,1,0,0,0,WIPO,,,,6491,否,LLH
GPP,三肽,3,G,P,3,3,23.1,23.2342,23.2083,23.1808,1.36564,1.00581,稳定序列,多个精确IC50值，但最大最小倍数<=3,1,1,2,0,Cereals (Buckwheat),Cushman and Cheung (1971),"GFC, IEC, RP-HPLC | IEC, GFC, RP-HPLC",,1819 | 5684 | 6723,是,PPG
TTI,三肽,3,T,I,1,1,24.94,24.94,24.94,24.94,1.3969,1,稳定序列,仅有1个精确IC50值,1,0,1,0,Egg (cooked egg protein),,"CEC, GF, LC-MS",,5107,是,ITT
MKR,三肽,3,M,R,1,1,25.7,25.7,25.7,25.7,1.40993,1,稳定序列,仅有1个精确IC50值,1,1,1,0,Egg (Hen egg white),Cushman and Cheung (1971),"RP-HPLC, UPLC–MS/MS",,5543,否,RKM
YPK,三肽,3,Y,K,2,2,25.8315,25.8621,25.8468,25.8468,1.41241,1.00118,稳定序列,多个精确IC50值，但最大最小倍数<=3,1,1,2,0,Broccoli (Brassica oleracea Italica),Cushman and Cheung (1971),"GFC, IEC, RP-HPLC | RPC, IEC, SEC",,1820 | 5683,否,KPY
FAL,三肽,3,F,L,5,1,26.3,26.3,26.3,26.3,1.41996,1,稳定序列,仅有1个精确IC50值,2,1,2,1,Algae (Chlorella vulgaris) | Microalgae,Cushman and Cheung (1971),"IEC, GFC, HPLC | RP-HPLC",SHR,1032 | 1863 | 1867 | 5100 | 6726,否,LAF
RIY,三肽,3,R,Y,7,1,28,28,28,28,1.44716,1,稳定序列,仅有1个精确IC50值,4,3,4,1,Rapeseed | Rapeseed (Brassica napus) | Rapeseed protein | Rapeseed protein-derived peptides,"Cushman and Cheung (1971) | Cushman and Cheung (1971), Yamamoto and others | Holmquist et al. (1979)","CC | GPC, RP-HPLC | HPLC | RP-HPLC",SHR,1949 | 2957 | 4247 | 5114 | 5247 | 6142 | 6724,否,YIR
LGI,三肽,3,L,I,1,1,29,29,29,29,1.4624,1,稳定序列,仅有1个精确IC50值,1,1,1,1,Cereals (Buckwheat),Modified Lieberman’s method,"GPC, HPLC",SHR,5122,否,IGL
VMP,三肽,3,V,P,5,1,29,29,29,29,1.4624,1,稳定序列,仅有1个精确IC50值,4,1,2,0,Human (Human Beta Casein) | Human (Synthetic peptide of Human beta casein) | Human β-casein | Milk (human β casein),Kasahara and Ashihara (1981),"RP-HPLC, TLC | RP-HPLC, TLC, FAB-MS",,5101 | 5261 | 5990 | 6286 | 6815,否,PMV
IVF,三肽,3,I,F,1,1,33.11,33.11,33.11,33.11,1.51996,1,稳定序列,仅有1个精确IC50值,1,0,0,1,Egg (Ovalbumin),,,SHR,5113,否,FVI
IKY,三肽,3,I,Y,1,1,34,34,34,34,1.53148,1,稳定序列,仅有1个精确IC50值,1,0,0,0,Arachin,,,,6766,否,YKI
IAE,三肽,3,I,E,3,1,34.7,34.7,34.7,34.7,1.54033,1,稳定序列,仅有1个精确IC50值,1,1,1,1,Algae (Spirulina platensis),Cushman and Cheung (1971),"IEC, GFC, HPLC",SHR,1036 | 1866 | 6727,否,EAI
VAF,三肽,3,V,F,2,1,35.8,35.8,35.8,35.8,1.55388,1,稳定序列,仅有1个精确IC50值,1,1,1,1,Algae (Spirulina platensis),Cushman and Cheung (1971),"IEC, GFC, HPLC",SHR,1038 | 1870,否,FAV
PLW,三肽,3,P,W,3,1,36,36,36,36,1.5563,1,稳定序列,仅有1个精确IC50值,3,1,1,0,A-casein | Casein (Αs1-Casein) | Milk derived,Kasahara and Ashihara (1981),"RP-HPLC, TLC",,2245 | 5102 | 6449,是,WLP
FFL,三肽,3,F,L,4,1,37,37,37,37,1.5682,1,稳定序列,仅有1个精确IC50值,2,1,3,1,Soybean | Soybean (Soy bioactive),Cushman and Cheung (1971),"IEC, GF, HPLC | IEC, GFC | RP-HPLC",SHR,1845 | 2668 | 5117 | 6546,否,LFF
LNP,三肽,3,L,P,3,1,43,43,43,43,1.63347,1,稳定序列,仅有1个精确IC50值,2,1,1,0,Alpha-zein | Cereals (Maize (Zea mays)),Cushman and Cheung (1971),"GFC, IEC, RP-HPLC",,5232 | 5804 | 6461,否,PNL
YKY,三肽,3,Y,Y,1,1,43.5,43.5,43.5,43.5,1.63849,1,稳定序列,仅有1个精确IC50值,0,0,0,0,,,,,6638,是,YKY
KWL,三肽,3,K,L,1,1,43.6,43.6,43.6,43.6,1.63949,1,稳定序列,仅有1个精确IC50值,1,0,0,0,Synthesized,,,,2840,否,LWK
DFG,三肽,3,D,G,3,1,44.7,44.7,44.7,44.7,1.65031,1,稳定序列,仅有1个精确IC50值,2,2,2,0,Cuttlefish (Muscle of cuttlefish) | Cuttlefish (Sepia officinalis),Cushman and Cheung (1971) | Nakamura et al. (1995),"GFC, RP-HPLC | RP-HPLC",,1060 | 5197 | 5729,否,GFD
IFL,三肽,3,I,L,5,1,44.8,44.8,44.8,44.8,1.65128,1,稳定序列,仅有1个精确IC50值,4,3,4,0,"Soybean | Soybean (Glycine max fermented food, tofuyo) | Soybean (Tofoyu) | Soybean (tofuyo fermented soybean food)",Cushman and Cheung (1971) | Lieberman's method | Modified Lieberman’s method,"GFC, IEC, RP-HPLC | GFC, RP-HPLC | RP-HPLC | RPC, IEC, RP-HPLC",,1899 | 5118 | 5215 | 6215 | 6861,否,LFI
KFY,三肽,3,K,Y,1,1,45,45,45,45,1.65321,1,稳定序列,仅有1个精确IC50值,0,0,0,0,,,,,6639,否,YFK
MKG,三肽,3,M,G,4,2,24,71.8,47.9,41.5114,1.68034,2.99167,稳定序列,多个精确IC50值，但最大最小倍数<=3,3,0,0,0,Casein β-lg f | Milk derived | Whey protein (Beta Lactoglobulin),,,,1307 | 2263 | 5131 | 6619,否,GKM
ITF,三肽,3,I,F,1,1,49,49,49,49,1.6902,1,稳定序列,仅有1个精确IC50值,1,1,1,1,Cereals (Buckwheat),Modified Lieberman’s method,"GPC, HPLC",SHR,5123,否,FTI
GQY,三肽,3,G,Y,1,1,52.3,52.3,52.3,52.3,1.7185,1,稳定序列,仅有1个精确IC50值,1,1,1,1,Sweet-potato protein isolate,Cushman and Cheung (1971),"Absorption Chromatography, RP-HPLC",SHR,1233,否,YQG
YPI,三肽,3,Y,I,1,1,52.3156,52.3156,52.3156,52.3156,1.71863,1,稳定序列,仅有1个精确IC50值,1,1,1,1,Egg white,Cushman and Cheung (1971),RP-HPLC,SHR,2900,是,IPY
LLP,三肽,3,L,P,4,1,57,57,57,57,1.75587,1,稳定序列,仅有1个精确IC50值,3,1,2,1,Alpha-zein | Cereals (Maize (Zea mays)) | Cereals (Rye),Cushman and Cheung (1971),"GFC, IEC, RP-HPLC | UF, LC-MS",SHR,1278 | 5231 | 5805 | 6475,否,PLL
AEL,三肽,3,A,L,3,1,57.1,57.1,57.1,57.1,1.75664,1,稳定序列,仅有1个精确IC50值,2,1,1,1,Algae (Chlorella vulgaris) | Algae (Spirulina platensis),Cushman and Cheung (1971),"IEC, GFC, HPLC",SHR,1033 | 1864 | 1868,否,LEA
IYP,三肽,3,I,P,6,1,61,61,61,61,1.78533,1,稳定序列,仅有1个精确IC50值,4,1,1,1,Human (Human Beta Casein) | Human (Synthetic peptide of Human beta casein) | Milk | Milk (human β casein),Kasahara and Ashihara (1981),"RP-HPLC, TLC, FAB-MS",Rat,3663 | 5224 | 5966 | 6296 | 6783 | 6791,否,PYI
RGY,三肽,3,R,Y,1,1,61.9,61.9,61.9,61.9,1.79169,1,稳定序列,仅有1个精确IC50值,1,1,1,0,Egg (Hen egg white),Cushman and Cheung (1971),"RP-HPLC, UPLC–MS/MS",,5544,否,YGR
RPK,三肽,3,R,K,2,2,36.7,91.8171,64.2585,58.049,1.80793,2.50183,稳定序列,多个精确IC50值，但最大最小倍数<=3,2,1,1,0,Milk-Cheese (Goat milk protein and cheeses) | Milk-Cheese (Sheep milk and cheeses proteins),Vermeirssen et al.,RP-HPLC,,4279 | 4309,否,KPR
AFL,三肽,3,A,L,4,2,63.8,65.2,64.5,64.4962,1.80956,1.02194,稳定序列,多个精确IC50值，但最大最小倍数<=3,2,1,2,1,Algae (Chlorella vulgaris) | Shrimp (Acetes chinensis),Cushman and Cheung (1971),"GFC, RP-HPLC, UF | IEC, GFC, HPLC",SHR,1031 | 1862 | 5188 | 6200,否,LFA
AVV,三肽,3,A,V,3,1,66.6,66.6,66.6,66.6,1.82347,1,稳定序列,仅有1个精确IC50值,2,2,2,0,Cuttlefish (Muscle of cuttlefish) | Cuttlefish (Sepia officinalis),Cushman and Cheung (1971) | Nakamura et al. (1995),"GFC, RP-HPLC | RP-HPLC",,1062 | 5196 | 5731,否,VVA
MNP,三肽,3,M,P,2,1,66.6,66.6,66.6,66.6,1.82347,1,稳定序列,仅有1个精确IC50值,2,1,1,0,Porcine skeletal muscle | Porcine skeletal muscle protein,Cushman and Cheung (1971),RP-HPLC,,5085 | 6627,否,PNM
KYY,三肽,3,K,Y,1,1,79,79,79,79,1.89763,1,稳定序列,仅有1个精确IC50值,0,0,0,0,,,,,6640,否,YYK
IIP,三肽,3,I,P,1,1,80.8,80.8,80.8,80.8,1.90741,1,稳定序列,仅有1个精确IC50值,1,1,1,1,Sweet-potato protein isolate,Cushman and Cheung (1971),"Absorption Chromatography, RP-HPLC",SHR,1232,否,PII
LNY,三肽,3,L,Y,1,1,81,81,81,81,1.90849,1,稳定序列,仅有1个精确IC50值,1,1,1,0,Synthesized,"Cushman and Cheung (1971), Yamamoto and others",HPLC,,5065,否,YNL
FGG,三肽,3,F,G,3,1,82.5,82.5,82.5,82.5,1.91645,1,稳定序列,仅有1个精确IC50值,2,2,2,0,Cuttlefish (Muscle of cuttlefish) | Cuttlefish (Sepia officinalis),Cushman and Cheung (1971) | Nakamura et al. (1995),"GFC, RP-HPLC | RP-HPLC",,1061 | 5200 | 5730,是,GGF
PAP,三肽,3,P,P,4,1,87,87,87,87,1.93952,1,稳定序列,仅有1个精确IC50值,2,1,0,0,Milk (human casein) | Milk derived,Kasahara and Ashihara (1981),,,2266 | 5243 | 6049 | 6620,是,PAP
NKL,三肽,3,N,L,1,1,88,88,88,88,1.94448,1,稳定序列,仅有1个精确IC50值,0,0,0,0,,,,,6641,是,LKN
GFR,三肽,3,G,R,1,1,94.25,94.25,94.25,94.25,1.97428,1,稳定序列,仅有1个精确IC50值,1,1,1,0,Sweet-potato tuber defensin,"TLC (Holmquist et al., 1979)",Ni2+-chelate AC,,1235,否,RFG
LQQ,三肽,3,L,Q,3,1,100,100,100,100,2,1,稳定序列,仅有1个精确IC50值,2,1,1,0,Alpha-zein | Cereals (Maize (Zea mays)),Cushman and Cheung (1971),"GFC, IEC, RP-HPLC",,5235 | 5812 | 6476,否,QQL
IEW,三肽,3,I,W,1,1,104,104,104,104,2.01703,1,稳定序列,仅有1个精确IC50值,1,0,0,0,Arachin,,,,6765,否,WEI
GHG,三肽,3,G,G,2,1,122,122,122,122,2.08636,1,稳定序列,仅有1个精确IC50值,1,1,1,0,Cuttlefish (Sepia officinalis),Cushman and Cheung (1971),"GFC, RP-HPLC",,5206 | 5722,是,GHG
GHS,三肽,3,G,S,1,1,122,122,122,122,2.08636,1,稳定序列,仅有1个精确IC50值,1,1,1,0,Cuttlefish (Muscle of cuttlefish),Nakamura et al. (1995),RP-HPLC,,1053,否,SHG
YNK,三肽,3,Y,K,1,1,125,125,125,125,2.09691,1,稳定序列,仅有1个精确IC50值,0,0,0,0,,,,,6642,否,KNY
IPA,三肽,3,I,A,9,1,141,141,141,141,2.14922,1,稳定序列,仅有1个精确IC50值,8,2,5,1,Beta Lactoglobulin | Cheese whey protein | Enzymatic-hydrolysis (Hydrolysis with proteinase K) | Lactogloblin | Milk (cheese whey) | Milk derived | Whey (Whole whey protein) | Whey protein,Cushman and Cheung (1971) | Yamamoto et al.,"Enzymatic Hydrolysis of milk proteins | GFC, RP-HPLC, HIC | HIC, RP-HPLC | RP-HPLC, GF | Spectrophotometric, HPLC, UPLC",SHR,1300 | 1661 | 1740 | 2261 | 2579 | 5218 | 5562 | 5947 | 6426,否,API
IPN,三肽,3,I,N,1,1,141,141,141,141,2.14922,1,稳定序列,仅有1个精确IC50值,1,1,1,1,Casein β-lg f,Yamamoto et al.,RP-HPLC,SHR,5127,否,NPI
PFP,三肽,3,P,P,1,1,144,144,144,144,2.15836,1,稳定序列,仅有1个精确IC50值,1,0,1,0,Milk-Cheese (Sheep milk and cheeses proteins),,HPLC-MS/MS,,4315,是,PFP
FHG,三肽,3,F,G,1,1,145.682,145.682,145.682,145.682,2.16341,1,稳定序列,仅有1个精确IC50值,1,1,0,0,Beef (Biceps femoris),Cushman and Cheung (1971),,,5654,是,GHF
IAV,三肽,3,I,V,2,1,153.4,153.4,153.4,153.4,2.18583,1,稳定序列,仅有1个精确IC50值,2,2,2,0,Cuttlefish (Muscle of cuttlefish) | Cuttlefish (Sepia officinalis),Cushman and Cheung (1971) | Nakamura et al. (1995),"GFC, RP-HPLC | RP-HPLC",,1063 | 5732,否,VAI
FGK,三肽,3,F,K,4,1,160,160,160,160,2.20412,1,稳定序列,仅有1个精确IC50值,3,1,0,0,Casein | Milk (bovine casein) | Milk derived,Cushman and Cheung (1971),,,2246 | 5201 | 5852 | 6361,否,KGF
GYK,三肽,3,G,K,1,1,160,160,160,160,2.20412,1,稳定序列,仅有1个精确IC50值,0,0,0,0,,,,,6633,否,KYG
IYK,三肽,3,I,K,1,1,177,177,177,177,2.24797,1,稳定序列,仅有1个精确IC50值,0,0,0,0,,,,,6643,否,KYI
IEY,三肽,3,I,Y,3,1,182,182,182,182,2.26007,1,稳定序列,仅有1个精确IC50值,2,1,1,0,Arachin | Legume (Peanut (Arachis hypogaea)),Jimsheena and Gowda (2009),RP-HPLC,,5214 | 6101 | 6764,否,YEI
LKL,三肽,3,L,L,1,1,188,188,188,188,2.27416,1,稳定序列,仅有1个精确IC50值,1,0,0,0,Fish (Sardine),,,,6349,是,LKL
YVP,三肽,3,Y,P,4,1,200,200,200,200,2.30103,1,稳定序列,仅有1个精确IC50值,2,1,0,0,Milk (human casein) | Milk derived,Kasahara and Ashihara (1981),,,2255 | 5269 | 6034 | 6621,否,PVY
RVY,三肽,3,R,Y,4,1,205.6,205.6,205.6,205.6,2.31302,1,稳定序列,仅有1个精确IC50值,3,2,3,0,Fish (Sardine (Sardina pilchardus muscle)) | Fish (Sardine muscle) | Fish (Sardine),"2,4,6-trinitrobenzene sulfonate(TNBS) method | Cushman and Cheung (1971)","GPC, HPLC | RP-GPC, HPLC | RP-HPLC",,1103 | 5084 | 5249 | 6182,否,YVR
IPY,三肽,3,I,Y,2,1,206,206,206,206,2.31387,1,稳定序列,仅有1个精确IC50值,1,0,0,0,Milk derived,,,,2259 | 6706,是,YPI
TNP,三肽,3,T,P,2,1,207.4,207.4,207.4,207.4,2.31681,1,稳定序列,仅有1个精确IC50值,2,1,1,0,Porcine skeletal muscle | Porcine skeletal muscle protein,Cushman and Cheung (1971),RP-HPLC,,5090 | 6628,否,PNT
VRL,三肽,3,V,L,1,1,208.6,208.6,208.6,208.6,2.31931,1,稳定序列,仅有1个精确IC50值,1,1,1,0,Sweet-potato tuber trypsin inhibitor,"TLC (Holmquist et al., 1979)",TrypsinSepharose-4B AC,,1248,否,LRV
PYP,三肽,3,P,P,4,1,220,220,220,220,2.34242,1,稳定序列,仅有1个精确IC50值,3,1,0,0,Casein | Milk (bovine casein) | Milk derived,Cushman and Cheung (1971),,,2247 | 5245 | 5855 | 6357,是,PYP
ALP,三肽,3,A,P,1,1,240,240,240,240,2.38021,1,稳定序列,仅有1个精确IC50值,1,1,1,0,Synthesized,"Cushman and Cheung (1971), Yamamoto and others",HPLC,,5068,否,PLA
GAW,三肽,3,G,W,1,1,240,240,240,240,2.38021,1,稳定序列,仅有1个精确IC50值,1,0,0,0,Casein (Αs1-casein f),,,,5133,否,WAG
GVW,三肽,3,G,W,4,1,240,240,240,240,2.38021,1,稳定序列,仅有1个精确IC50值,2,1,1,1,Milk | Milk (Fermented Milk),Cushman and Cheung (1971),"GFC, RP-HPLC",SHR,3651 | 5213 | 5815 | 6501,否,WVG
ASP,三肽,3,A,P,2,1,242.3,242.3,242.3,242.3,2.38435,1,稳定序列,仅有1个精确IC50值,1,1,0,0,Milk (bovine lactoglobulin),Cushman and Cheung (1971),,,5193 | 5871,否,PSA
VAV,三肽,3,V,V,3,1,260,260,260,260,2.41497,1,稳定序列,仅有1个精确IC50值,1,1,0,0,Milk (human casein),Kasahara and Ashihara (1981),,,5255 | 6052 | 6622,是,VAV
ILP,三肽,3,I,P,4,1,270,270,270,270,2.43136,1,稳定序列,仅有1个精确IC50值,3,1,1,0,Human (Human Beta Casein) | Human (Synthetic peptide of Human beta casein) | Milk (human β casein),Kasahara and Ashihara (1981),"RP-HPLC, TLC, FAB-MS",,5217 | 5982 | 6309 | 6807,否,PLI
SHP,三肽,3,S,P,4,1,280,280,280,280,2.44716,1,稳定序列,仅有1个精确IC50值,2,1,0,0,Milk (human casein) | Milk derived,Kasahara and Ashihara (1981),,,2257 | 5250 | 6042 | 6623,否,PHS
NPP,三肽,3,N,P,2,1,290.5,290.5,290.5,290.5,2.46315,1,稳定序列,仅有1个精确IC50值,2,1,1,0,Porcine skeletal muscle | Porcine skeletal muscle protein,Cushman and Cheung (1971),RP-HPLC,,5086 | 6629,否,PPN
VLP,三肽,3,V,P,4,1,320,320,320,320,2.50515,1,稳定序列,仅有1个精确IC50值,3,1,1,0,Human (Human Beta Casein) | Human (Synthetic peptide of Human beta casein) | Milk (human β casein),Kasahara and Ashihara (1981),"RP-HPLC, TLC, FAB-MS",,5260 | 6015 | 6317 | 6840,否,PLV
LTF,三肽,3,L,F,1,1,330,330,330,330,2.51851,1,稳定序列,仅有1个精确IC50值,0,0,0,0,,,,,6625,否,FTL
RFH,三肽,3,R,H,5,2,330,331,330.5,330.5,2.51917,1.00303,稳定序列,多个精确IC50值，但最大最小倍数<=3,3,2,3,0,Fish (Sardine (Sardina pilchardus muscle)) | Fish (Sardine muscle) | Fish (Sardine),"2,4,6-trinitrobenzene sulfonate(TNBS) method | Cushman and Cheung (1971)","GPC, HPLC | RP-GPC, HPLC | RP-HPLC",,1101 | 5082 | 5246 | 6180 | 6371,否,HFR
FNQ,三肽,3,F,Q,3,1,335,335,335,335,2.52504,1,稳定序列,仅有1个精确IC50值,2,1,1,0,Alpha-zein | Cereals (Maize (Zea mays)),Cushman and Cheung (1971),RP-HPLC,,5202 | 5767 | 6470,否,QNF
AVP,三肽,3,A,P,4,1,340,340,340,340,2.53148,1,稳定序列,仅有1个精确IC50值,3,1,0,0,Casein | Milk (bovine casein) | Milk derived,Cushman and Cheung (1971),,,2249 | 5195 | 5854 | 6355,否,PVA
GKP,三肽,3,G,P,8,1,352,352,352,352,2.54654,1,稳定序列,仅有1个精确IC50值,7,1,3,1,Beta microglobulin | Cheese whey protein | Microglobulin | Milk (cheese whey) | Milk derived | Synthesized | Whey protein,Yamamoto et al.,"Enzymatic Hydrolysis of milk proteins | GFC, RP-HPLC, HIC | RP-HPLC, GF",SHR,1663 | 2252 | 2578 | 2852 | 5207 | 5564 | 5946 | 6425,否,PKG
RPR,三肽,3,R,R,2,1,382,382,382,382,2.58206,1,稳定序列,仅有1个精确IC50值,1,1,1,0,Pork (Sus domesticus),Sentandreu and Toldra (2006),RP-HPLC,,5248 | 6123,是,RPR
WLP,三肽,3,W,P,1,1,400,400,400,400,2.60206,1,稳定序列,仅有1个精确IC50值,1,0,0,0,Synthesized,,,,2836,是,PLW
PQR,三肽,3,P,R,1,1,401,401,401,401,2.60314,1,稳定序列,仅有1个精确IC50值,1,0,0,0,Casein,,,,6358,否,RQP
GPA,三肽,3,G,A,4,1,405,405,405,405,2.60746,1,稳定序列,仅有1个精确IC50值,2,1,1,0,Gelatin | Milk derived,"Using the synthetic substrate, benzoyl-Gly-Gly-Gly","GFC, IEC, AF , PC",,2253 | 5208 | 5748 | 6339,否,APG
YGL,三肽,3,Y,L,4,1,409,409,409,409,2.61172,1,稳定序列,仅有1个精确IC50值,4,1,1,0,Alpha-Lactoglobulin | Casein α-la f | Milk derived | Whey protein,Vermeirssen et al.,"SDS-PAGE, RP-HPLC",,1328 | 2251 | 5128 | 6480,否,LGY
PLP,三肽,3,P,P,5,1,430,430,430,430,2.63347,1,稳定序列,仅有1个精确IC50值,4,2,2,0,Human (Human Beta Casein) | Human (Synthetic peptide of Human beta casein) | Milk (Fermented Milk) | Milk (human β casein),"Cushman and Cheung (1971), Gonzalez-Gonzalez et al | Kasahara and Ashihara (1981)","RP-HPLC, LC-MS | RP-HPLC, TLC, FAB-MS",,4455 | 5244 | 5999 | 6327 | 6824,是,PLP
GTW,三肽,3,G,W,6,3,464,464.6,464.4,464.333,2.66689,1.00129,稳定序列,多个精确IC50值，但最大最小倍数<=3,4,1,1,1,Casein β-lg f | Milk | Milk (Fermented Milk) | Whey (Whole whey protein),Cushman and Cheung (1971),"GFC, RP-HPLC",SHR,1298 | 3650 | 5132 | 5212 | 5814 | 6500,否,WTG
KLP,三肽,3,K,P,2,1,500,500,500,500,2.69897,1,稳定序列,仅有1个精确IC50值,1,1,1,0,Pork (Sus domesticus),Sentandreu and Toldra (2006),RP-HPLC,,5225 | 6118,否,PLK
WYS,三肽,3,W,S,1,1,500,500,500,500,2.69897,1,稳定序列,仅有1个精确IC50值,1,1,0,0,Casein β-lg f,Cushman and Cheung (1971),,,5091,否,SYW
AIP,三肽,3,A,P,5,2,350,670,510,484.252,2.70757,1.91429,稳定序列,多个精确IC50值，但最大最小倍数<=3,3,1,0,0,Casein (Beta Casein) | Milk (human casein) | Milk derived,Kasahara and Ashihara (1981),,,2258 | 2268 | 5191 | 6044 | 6473,否,PIA
AGS,三肽,3,A,S,3,1,527.9,527.9,527.9,527.9,2.72255,1,稳定序列,仅有1个精确IC50值,2,2,2,0,Cuttlefish (Muscle of cuttlefish) | Cuttlefish (Sepia officinalis),Cushman and Cheung (1971) | Nakamura et al. (1995),"GFC, RP-HPLC | RP-HPLC",,1055 | 5190 | 5724,否,SGA
AGP,三肽,3,A,P,2,1,560,560,560,560,2.74819,1,稳定序列,仅有1个精确IC50值,1,1,1,0,Fish (Bonito (sarda fermented sauce)),Cushman and Cheung (1971),"GFC, IEC, RP-HPLC",,5189 | 5678,否,PGA
AFP,三肽,3,A,P,1,1,610,610,610,610,2.78533,1,稳定序列,仅有1个精确IC50值,1,0,0,0,Milk derived,,,,2267,否,PFA
TTN,三肽,3,T,N,2,1,672.7,672.7,672.7,672.7,2.82782,1,稳定序列,仅有1个精确IC50值,2,1,1,0,Porcine skeletal muscle | Porcine skeletal muscle protein,Cushman and Cheung (1971),RP-HPLC,,5089 | 6630,否,NTT
ITT,三肽,3,I,T,2,1,678.5,678.5,678.5,678.5,2.83155,1,稳定序列,仅有1个精确IC50值,2,1,1,0,Porcine skeletal muscle | Porcine skeletal muscle protein,Cushman and Cheung (1971),RP-HPLC,,5088 | 6631,是,TTI
VRK,三肽,3,V,K,2,1,700,700,700,700,2.8451,1,稳定序列,仅有1个精确IC50值,1,1,1,0,Hard clam (Meretrix lusoria),Cushman and Cheung (1971),"GFC, RP-HPLC",,5263 | 5749,否,KRV
HQG,三肽,3,H,G,1,1,745,745,745,745,2.87216,1,稳定序列,仅有1个精确IC50值,1,1,1,0,Synthesized,"Cushman and Cheung (1971), Yamamoto and others",HPLC,,5066,否,GQH
HHT,三肽,3,H,T,1,1,800,800,800,800,2.90309,1,稳定序列,仅有1个精确IC50值,1,1,1,0,Synthesized,"Cushman and Cheung (1971), Yamamoto and others",HPLC,,5067,否,THH
LEK,三肽,3,L,K,1,1,800,800,800,800,2.90309,1,稳定序列,仅有1个精确IC50值,1,0,0,0,Synthesized,,,,2856,否,KEL
HIR,三肽,3,H,R,2,1,953,953,953,953,2.97909,1,稳定序列,仅有1个精确IC50值,2,1,1,1,Milk derived | Synthetic,Abubakar et al.,"GF, RP-HPLC",SHR,2248 | 5130,否,RIH
PPK,三肽,3,P,K,2,2,1000,1001,1000.5,1000.5,3.00022,1.001,稳定序列,多个精确IC50值，但最大最小倍数<=3,1,1,1,0,Porcine skeletal muscle protein,Cushman and Cheung (1971),RP-HPLC,,5087 | 6632,否,KPP
IFG,三肽,3,I,G,1,1,1001,1001,1001,1001,3.00043,1,稳定序列,仅有1个精确IC50值,0,0,0,0,,,,,6626,否,GFI
YGG,三肽,3,Y,G,1,1,1001,1001,1001,1001,3.00043,1,稳定序列,仅有1个精确IC50值,0,0,0,0,,,,,6634,是,GGY
VFK,三肽,3,V,K,3,1,1029,1029,1029,1029,3.01242,1,稳定序列,仅有1个精确IC50值,3,1,1,0,Casein β-lg f | Milk derived | Whey protein,Vermeirssen et al.,"SDS-PAGE, RP-HPLC",,2262 | 5129 | 6499,否,KFV
VKF,三肽,3,V,F,1,1,1029,1029,1029,1029,3.01242,1,稳定序列,仅有1个精确IC50值,1,1,1,0,Whey protein (Beta Lactoglobulin),Vermeirssen et al.,"SDS-PAGE, RP-HPLC",,1314,否,FKV
GHF,三肽,3,G,F,5,2,1001,1100,1050.5,1049.33,3.0214,1.0989,稳定序列,多个精确IC50值，但最大最小倍数<=3,2,2,3,0,Fish (Bonito (Sarda bowel autolysate)) | Fish (Bonito bowel),"Cushman and Cheung (1971) | Cushman and Cheung (1971), Maruyama and Suzuki","GFC, IEC, RP-HPLC, HIC | HPLC | RP-HPLC, IEC",,2567 | 5096 | 5205 | 5668 | 6624,是,FHG
AQK,三肽,3,A,K,1,1,1800,1800,1800,1800,3.25527,1,稳定序列,仅有1个精确IC50值,1,1,1,0,Synthesized,"Cushman and Cheung (1971), Yamamoto and others",HPLC,,5071,否,KQA
AVF,三肽,3,A,F,2,1,2123,2123,2123,2123,3.32695,1,稳定序列,仅有1个精确IC50值,1,1,1,0,Cotton leafworm (Spodoptera littoralis),Cushman and Cheung (1971),"GFC, RP-HPLC",,5194 | 5720,否,FVA
PYK,三肽,3,P,K,1,1,2400,2400,2400,2400,3.38021,1,稳定序列,仅有1个精确IC50值,1,0,0,0,Synthesized,,,,2835,是,KYP
LHP,三肽,3,L,P,3,2,2107.11,3201.71,2654.41,2597.37,3.42397,1.51948,稳定序列,多个精确IC50值，但最大最小倍数<=3,3,1,1,1,Marine shrimp meat | Shrimp | Shrimp meat,Cushman and Cheung (1971),"GFC, RP-HPLC",SHR,2825 | 2925 | 3688,否,PHL
DYG,三肽,3,D,G,1,1,2700,2700,2700,2700,3.43136,1,稳定序列,仅有1个精确IC50值,1,1,1,0,Synthesized,"Cushman and Cheung (1971), Yamamoto and others",HPLC,,5070,否,GYD
LRP,三肽,3,L,P,14,4,0.21,1,0.28,0.358093,-0.552842,4.7619,条件敏感序列,多个精确IC50值，且3<最大最小倍数<=10,11,3,10,1,Cereals (Corn endosperm) | Cereals (Maize (Zea mays)) | Cereals (Maize Standard (Native alpha-zein)) | Cereals (Maize alpha-zein) | Cereals (Maize lines) | Cereals (Wheat (Triticum aestivum wheat bran)) | Cereals (Wheat bran) | Fish (Bonito (Sarda bowel autolysate)) | Fish (Bonito bowel) | Synthesized | Α-zein,"Cushman and Cheung (1971) | Cushman and Cheung (1971), Maruyama and Suzuki | Modified Lieberman’s method","CC, HPLC | GFC, IEC, RP-HPLC | GFC, IEC, RP-HPLC, HIC | HPLC | IEC, RP-HPLC, HIC | MALDI-TOF-MS, HPLC | RP-HPLC, FAB-MS | RP-HPLC, IEC | RPC, SEC, RP-HPLC | UF, RP-HPLC",SHR,1280 | 1871 | 1876 | 1932 | 2570 | 2663 | 2732 | 2862 | 5094 | 5236 | 5669 | 5800 | 6280 | 6460,否,PRL
LKP,三肽,3,L,P,15,3,0.32,1.6,1.4,0.894951,0.146128,5,条件敏感序列,多个精确IC50值，且3<最大最小倍数<=10,9,3,6,1,Aldolase | Chicken muscle | Chicken muscle proteins | Egg proteins | Fish | Fish (Dried Bonito) | Fish proteins | Food-protein | Synthesized,"Cushman and Cheung (1971) | Cushman and Cheung (1971), Majumder & Wu (2009) | Cushman and Cheung (1971), Yamamoto and others","Enzymatic Hydrolysis of milk proteins | GFC | HPLC | HPLC, RP-HPLC | LC-MS/MS | RP-HPLC",SHR,1073 | 1660 | 1953 | 1969 | 1972 | 2002 | 2020 | 2025 | 2861 | 2892 | 2945 | 5059 | 5513 | 5561 | 6535,否,PKL
LQP,三肽,3,L,P,15,5,1.04,3.4,2,1.96854,0.30103,3.26923,条件敏感序列,多个精确IC50值，且3<最大最小倍数<=10,12,3,12,1,Alpha-zein | Cereals (Maize (Zea mays)) | Cereals (Maize Standard (Native alpha-zein)) | Cereals (Maize alpha-zein) | Cereals (Maize lines) | Cereals (Rye) | Cereals (Wheat (Triticum aestivum wheat bran)) | Cereals (Wheat bran) | Cheese | Sesame | Sesame (Sesamum indicum) | Α-zein,Cushman and Cheung (1971) | Friedland and Silverstein (1976) | Modified Lieberman’s method,"CC, HPLC | GF, TLC, IEC | GFC, IEC, RP-HPLC | GFC, RP-HPLC | HPLC, LC/MSD | IEC, RP-HPLC, HIC | MALDI-TOF-MS, HPLC | RP-HPLC, FAB-MS | RPC, SEC, RP-HPLC | SEC, RPC | UF, LC-MS | UF, RP-HPLC",SHR,1277 | 1282 | 1873 | 1874 | 1880 | 1930 | 2665 | 2730 | 2758 | 5112 | 5234 | 5803 | 6187 | 6278 | 6459,否,PQL
IKP,三肽,3,I,P,9,5,1.7,7,2.5,3.4262,0.39794,4.11765,条件敏感序列,多个精确IC50值，且3<最大最小倍数<=10,7,4,4,1,Fish (Bonito (Sarda bowel autolysate)) | Fish (Bonito bowel) | Fish (Bonito muscle) | Fish (Dried bonito) | Fish (chum salmon fish) | Legume (Peanut protein) | Synthesized,"Cushman and Cheung (1971) | Cushman and Cheung (1971), Maruyama and Suzuki | Cushman and Cheung (1971), Yamamoto and others | RP-HPLC Assay","GFC, IEC, RP-HPLC, HIC | HPLC | RP-HPLC | RP-HPLC, IEC",SHR,2032 | 2569 | 2854 | 5079 | 5095 | 5216 | 5516 | 5666 | 6346,否,PKI
HHL,三肽,3,H,L,5,4,2.2,21.8,5.42902,6.13169,0.734721,9.90909,条件敏感序列,多个精确IC50值，且3<最大最小倍数<=10,5,1,2,1,Soybean (Fermented soybean paste) | Soybean (Glycine max) | Soybean (Korean fermented soybean paste) | Soybean-derived | WIPO,Cushman and Cheung (1971),"IEC, RP-HPLC | SEC, HPLC",SHR,1901 | 1980 | 2783 | 6225 | 6488,否,LHH
VYP,三肽,3,V,P,8,3,44,288.4,288,154.033,2.45939,6.55455,条件敏感序列,多个精确IC50值，且3<最大最小倍数<=10,7,3,3,1,"Cheese | Cheese whey protein | Enzymatic-hydrolysis (Hydrolysis with proteinase K) | Milk (bovine, buffalo and ovine β-casein) | Milk (cheese whey) | Milk derived | Whey protein",Cushman and Cheung (1971) | Kasahara and Ashihara (1981) | Yamamoto et al.,"GFC, RP-HPLC, HIC | RP-HPLC, GF | Spectrophotometric, HPLC, UPLC",SHR,1726 | 2260 | 2581 | 3759 | 5268 | 5908 | 5949 | 6424,否,PYV
LKY,三肽,3,L,Y,6,2,0.78,10.1,5.44,2.80678,0.735599,12.9487,高冲突序列,多个精确IC50值，且最大最小倍数>10,3,2,4,1,Antarctic krill (Euphausia superba) | Sesame | Sesame (Sesamum indicum),Friedland and Silverstein (1976) | Holmquist et al. (1979),"GFC, IEC, RP-HPLC | GFC, RP-HPLC | SEC, RPC | SEC, UPLC-ESI-MS",SHR,1881 | 2752 | 5228 | 5229 | 5649 | 6188,否,YKL
MAW,三肽,3,M,W,6,4,6.1,2927.43,12.4352,39.7312,1.09465,479.906,高冲突序列,多个精确IC50值，且最大最小倍数>10,5,2,1,0,Cuttlefish | Cuttlefish (Muscle of cuttlefish) | Cuttlefish (Sepia officinalis) | Cuttlefish muscle | Cuttlefish skin gelatin,Cushman and Cheung (1971) | Nakamura et al. (1995),"GFC, RP-HPLC",,1052 | 2827 | 2920 | 3712 | 5240 | 5733,否,WAM
MRW,三肽,3,M,W,6,2,0.6,58,29.3,5.89915,1.46687,96.6667,高冲突序列,多个精确IC50值，且最大最小倍数>10,4,2,3,1,Spinach | Spinach (Spinacia oleracea) | Spinach Rubisco | Spinach rubisco,"Cushman and Cheung (1971) | Cushman and Cheung (1971), Maruyama and Suzuki","HPLC | IEC, RP-HPLC | RPC, CC",SHR,1923 | 2574 | 5124 | 5241 | 6226 | 6229,否,WRM
VKP,三肽,3,V,P,4,3,3.7,105.128,58.51,28.3389,1.76723,28.4129,高冲突序列,多个精确IC50值，且最大最小倍数>10,3,1,2,1,Fresh water clam (Corbicula fluminea) | Fresh water clam solid wastes | Hard clam mantle,Cushman and Cheung (1971),"GFC, RP-HPLC | SEC, RP-HPLC",SHR,2816 | 3696 | 5259 | 5738,否,PKV
FTY,三肽,3,F,Y,3,3,2.09561,81.4958,59.3,21.6355,1.77305,38.8889,高冲突序列,多个精确IC50值，且最大最小倍数>10,3,1,2,1,Fish (Northern Shrimp head and scales shells) | Shrimp by-product | Shrimp heads and Scales,Vermeirssen et al.,"CEC, RPC, LC-MS/MS | RP-HPLC",SHR,2800 | 2943 | 3715,否,YTF
FSY,三肽,3,F,Y,3,3,2.2,180.527,61.3792,28.9954,1.78802,82.0578,高冲突序列,多个精确IC50值，且最大最小倍数>10,3,1,2,1,Fish (Northern Shrimp head and scales shells) | Shrimp by-product | Shrimp heads and Scales,Vermeirssen et al.,"CEC, RPC, LC-MS/MS | RP-HPLC",SHR,2799 | 2942 | 3716,否,YSF
GEP,三肽,3,G,P,5,4,0.04,3200,66.5781,8.5208,1.82333,80000,高冲突序列,多个精确IC50值，且最大最小倍数>10,3,1,3,1,Fungi (Mushroom (Hypsizygus marmoreus)) | Fungi (Mushroom (Tricholoma giganteum)) | Fungi (Mushroom Tricholoma Giganteum),Cushman and Cheung (1971),"GFC, RP-HPLC, HIC | UF, EC, RP-HPLC | UF, SEC, RPC",SHR,1295 | 1821 | 6098 | 6540 | 6720,否,PEG
LLF,三肽,3,L,F,8,4,3.5,203.826,81.1,46.5387,1.90902,58.2361,高冲突序列,多个精确IC50值，且最大最小倍数>10,6,1,4,1,Enzymatic-hydrolysis (Hydrolysis with thermolysin) | Milk (caprine lactoglobulin) | Milk-Cheese (Sheep milk and cheeses proteins) | Whey | Whey protein (Beta Lactoglobulin) | Βeta-lactoglobulin,Cushman and Cheung (1971),"RP-HPLC | RP-HPLC-MS/MS | SEC, RP-HPLC | Spectrophotometric, HPLC, UPLC",SHR,1318 | 1741 | 2011 | 4301 | 4327 | 5230 | 5925 | 6710,否,FLL
VKK,三肽,3,V,K,4,3,58.51,1045,96.3855,180.628,1.98401,17.8602,高冲突序列,多个精确IC50值，且最大最小倍数>10,3,1,2,1,Fresh water clam (Corbicula fluminea) | Fresh water clam solid wastes | Hard clam mantle,Cushman and Cheung (1971),"GFC, RP-HPLC | SEC, RP-HPLC",SHR,2817 | 3697 | 5258 | 5739,否,KKV
VAP,三肽,3,V,P,12,6,2,3056,106.259,68.9237,2.02637,1528,高冲突序列,多个精确IC50值，且最大最小倍数>10,8,2,3,1,A-casein | Casein (Αs1-casein) | Fish (Grass carp muscle) | Fish muscle proteins | Grass carp | Grass carp protein hydrolysate | Milk (bovine casein) | Milk derived,"Cushman and Cheung (1971) | Wu J et al., 2002","HPLC, TLC, IRRC | RP-HPLC | UF, RP-HPLC",Female wistar rat,2242 | 2256 | 2823 | 2916 | 2946 | 2965 | 3719 | 3760 | 5108 | 5254 | 5847 | 6439,否,PAV
VIY,三肽,3,V,Y,6,4,4.5,1448.61,125.738,58.7684,2.09947,321.914,高冲突序列,多个精确IC50值，且最大最小倍数>10,5,2,4,1,Bulfrog (Rana catesbeiana Shaw) muscle protein | Fish skin | Sea-bream skin | Sesame | Sesame (Sesamum indicum),Cushman and Cheung (1971) | Friedland and Silverstein (1976),"GF, IEC, RP-HPLC | GFC | GFC, RP-HPLC | SEC, RPC",SHR,1883 | 2937 | 3689 | 5257 | 6190 | 6697,否,YIV
IVY,三肽,3,I,Y,10,5,0.48,14740,479,164.331,2.68034,30708.3,高冲突序列,多个精确IC50值，且最大最小倍数>10,5,3,3,1,Cereals (Wheat Gliadin) | Cereals (Wheat germ) | Sesame | Sesame (Sesamum indicum) | Synthesized,"2,4,6-trinitrobenzene sulfonate(TNBS) method | Cushman and Cheung (1971) | Friedland and Silverstein (1976)","GFC, RP-HPLC | RP-HPLC | SEC, RPC",SHR,1882 | 1886 | 2858 | 5092 | 5223 | 5517 | 5518 | 5519 | 6189 | 6527,否,YVI
IAP,三肽,3,I,P,6,3,2.7,25120,2692,567.309,3.43008,9303.7,高冲突序列,多个精确IC50值，且最大最小倍数>10,3,1,2,1,Cereals (Wheat Gliadin) | Cereals (Wheat gliadin hydrolysate) | Cereals (Wheat gliadin),Friedland and Silverstein (1976),"IEC, SEC, RP-HPLC | IEC, SECC",SHR,1885 | 2671 | 5119 | 5520 | 5521 | 6722,否,PAI
IAK,三肽,3,I,K,5,2,15.7,15700,7857.85,496.478,3.8953,1000,高冲突序列,多个精确IC50值，且最大最小倍数>10,5,1,3,1,Enzymatic-hydrolysis (Hydrolysis with digestive enzymes) | Milk (Ovine milk product) | Milk (Ovine milk proteins) | Milk Casein derived | Milk-Cheese (Sheep milk and cheeses proteins),Cushman and Cheung (1971),"RP-HPLC | Spectrophotometric, HPLC, UPLC | UF, FPLC, RP-HPLC, IT-MS (CE-MS)",SHR,1001 | 1733 | 4187 | 4322 | 6613,否,KAI
LRW,三肽,3,L,W,2,2,0,0.23,0.115,,-0.939302,,无法判定,存在非正IC50值，无法计算倍数,1,1,1,0,Legume (Pea proteins),Cushman and Cheung (1971),HPLC,,1989 | 6489,否,WRL
FQP,三肽,3,F,P,5,2,0,12,6,,0.778151,,无法判定,存在非正IC50值，无法计算倍数,4,2,2,0,Actin | Fish (Bonito (Sarda - dried bonito (katsuobusi))) | Fish (Dried Bonito) | Fish (Dried bonito),"Cushman and Cheung (1971) | Cushman and Cheung (1971), Yamamoto and others","HPLC | RP-HPLC, HIC",,1069 | 5064 | 5203 | 5662 | 6338,否,PQF
AAP,三肽,3,A,P,3,2,0,30,15,,1.17609,,无法判定,存在非正IC50值，无法计算倍数,2,1,0,0,Casein | Milk (bovine casein),Cushman and Cheung (1971),,,5187 | 5850 | 6360,否,PAA
