sequence,peptide_length,record_count,source_record_id_list,record_id_list,activity_label_set,food_matrix_set,protein_set,culture_set,hydrolysis_set,experiment_set,model_set,assay_set,method_of_analysis_set,pubmed_id_set,title_set,ic50_status_set,ic50_relation_set,ic50_uM_min,ic50_uM_max,ic50_uM_mean,ic50_uM_median,ic50_spread_ratio_max_min,stability_flag,stability_note,bibliographic_year_min,bibliographic_year_max
AF,2,4,FMDB1999 | FMDB2203 | FMDB847 | FMDB851,fermfoodb_ace_000252 | fermfoodb_ace_000256 | fermfoodb_ace_000772 | fermfoodb_ace_000857,Ace-inhibitory | Ace-inhibitory;Anti-hypertensive,Fermented soyabean seasoning | Salt free soy sauce | salt free soy sauce,,"A. sojae | Aspergillus oryzae | Tane koji, rich in conidia of A. sojae",peptidase,In vitro | In vitro and In vivo,spontaneously Hypertensive Rats,ACE color kit and Spectrophotometric assay using HHL as substate | ACE color kit conatining p-hydroxybenzoylglycyl-L-histidyl-L-leucine as substrate | Spectrophotometric assay using HHL as substate,LC-MS/MS | LCMS/MS | Two step RPHPLC,18160180 | 19994857,Identification of ACE-inhibitory peptides in salt-free soy sauce that are transportable across caco-2 cell monolayers,exact_molar | rescued_numeric_no_unit,=,165.3,804.6889479107057,331.3222369776764,177.65,4.868051711498522,within_range_consistent,spread_ratio=4.8681,,
AI,2,1,FMDB849,fermfoodb_ace_000254,Ace-inhibitory,Fermented soyabean seasoning,,A. sojae,peptidase,In vitro and In vivo,spontaneously Hypertensive Rats,ACE color kit conatining p-hydroxybenzoylglycyl-L-histidyl-L-leucine as substrate,LCMS/MS,19994857,,exact_molar,=,3413.6154674973595,3413.6154674973595,3413.6154674973595,3413.6154674973595,1.0,singleton,only_one_record_in_fermfoodb,,
AW,2,4,FMDB1982 | FMDB1989 | FMDB1994 | FMDB842,fermfoodb_ace_000247 | fermfoodb_ace_000755 | fermfoodb_ace_000762 | fermfoodb_ace_000767,Ace-inhibitory | Ace-inhibitory;Anti-hypertensive,Fermented soyabean seasoning | Wakame Hydrolysates,,"A. sojae | Tane koji, rich in conidia of A. sojae | “Amano” (from Bacillus stearothermophilus)",Protease S | peptidase,In vitro | In vitro and In vivo | In vivo,spontaneously Hypertensive Rats,ACE color kit and Spectrophotometric assay using HHL as substate | ACE color kit conatining p-hydroxybenzoylglycyl-L-histidyl-L-leucine as substrate | Spectrophotometric assay using HHL as substate,LC-MS | LC-MS/MS | LCMS/MS,12358510 | 19994857,,exact_molar | rescued_numeric_no_unit,=,10.0,36.34685336930606,20.986713342326517,18.8,3.6346853369306062,within_range_consistent,spread_ratio=3.6347,,
AY,2,1,FMDB844,fermfoodb_ace_000249,Ace-inhibitory,Fermented soyabean seasoning,,A. sojae,peptidase,In vitro and In vivo,spontaneously Hypertensive Rats,ACE color kit conatining p-hydroxybenzoylglycyl-L-histidyl-L-leucine as substrate,LCMS/MS,19994857,,exact_molar,=,190.39232718921428,190.39232718921428,190.39232718921428,190.39232718921428,1.0,singleton,only_one_record_in_fermfoodb,,
DP,2,1,FMDB1,fermfoodb_ace_000001,Ace-inhibitory,Acetes chinensis (shrimp sp. ),Marine Protein,Lactobacillus fermentum SM 605,Proteases,,,,LC-MS,18521593,,exact_molar,=,2.15,2.15,2.15,2.15,1.0,singleton,only_one_record_in_fermfoodb,,
FP,2,2,FMDB1627 | FMDB1639,fermfoodb_ace_000704 | fermfoodb_ace_000713,Ace-inhibitory,WSE of Idiaz´abal cheese ( Ovine Milk) | WSE of commercial manchego cheese ( ewe's Milk),Various fragments,,,In vitro,,spectrophotometric assay using HHL as substrate,RP-HPLC-MS/MS and off-line ESI-MS/MS,,Identification of ACE-inhibitory peptides in different Spanish cheeses by tandem mass spectrometry,exact_molar,=,1215.7,1215.7,1215.7,1215.7,1.0,within_range_consistent,spread_ratio=1.0000,,
FY,2,2,FMDB1983 | FMDB1990,fermfoodb_ace_000756 | fermfoodb_ace_000763,Ace-inhibitory,Wakame Hydrolysates,,“Amano” (from Bacillus stearothermophilus),Protease S,In vitro | In vivo,spontaneously Hypertensive Rats,Spectrophotometric assay using HHL as substate,LC-MS,12358510,,exact_molar,=,42.3,42.3,42.3,42.3,1.0,within_range_consistent,spread_ratio=1.0000,,
GW,2,1,FMDB843,fermfoodb_ace_000248,Ace-inhibitory,Fermented soyabean seasoning,,A. sojae,peptidase,In vitro and In vivo,spontaneously Hypertensive Rats,ACE color kit conatining p-hydroxybenzoylglycyl-L-histidyl-L-leucine as substrate,LCMS/MS,19994857,,exact_molar,=,114.89352070628263,114.89352070628263,114.89352070628263,114.89352070628263,1.0,singleton,only_one_record_in_fermfoodb,,
GY,2,1,FMDB846,fermfoodb_ace_000251,Ace-inhibitory,Fermented soyabean seasoning,,A. sojae,peptidase,In vitro and In vivo,spontaneously Hypertensive Rats,ACE color kit conatining p-hydroxybenzoylglycyl-L-histidyl-L-leucine as substrate,LCMS/MS,19994857,,exact_molar,=,281.39986774206216,281.39986774206216,281.39986774206216,281.39986774206216,1.0,singleton,only_one_record_in_fermfoodb,,
IF,2,2,FMDB2205 | FMDB852,fermfoodb_ace_000257 | fermfoodb_ace_000859,Ace-inhibitory,Salt free soy sauce | salt free soy sauce,,A. sojae | Aspergillus oryzae,peptidase,In vitro,,Spectrophotometric assay using HHL as substate,Two step RPHPLC,18160180,Identification of ACE-inhibitory peptides in salt-free soy sauce that are transportable across caco-2 cell monolayers,exact_molar,=,65.8,65.8,65.8,65.8,1.0,within_range_consistent,spread_ratio=1.0000,,
IW,2,2,FMDB1985 | FMDB1992,fermfoodb_ace_000758 | fermfoodb_ace_000765,Ace-inhibitory,Wakame Hydrolysates,,“Amano” (from Bacillus stearothermophilus),Protease S,In vitro | In vivo,spontaneously Hypertensive Rats,Spectrophotometric assay using HHL as substate,LC-MS,12358510,,exact_molar,=,1.5,1.5,1.5,1.5,1.0,within_range_consistent,spread_ratio=1.0000,,
IY,2,3,FMDB1010 | FMDB1981 | FMDB1988,fermfoodb_ace_000397 | fermfoodb_ace_000754 | fermfoodb_ace_000761,Ace-inhibitory,Red mold rice ( non glutinous rice) | Wakame Hydrolysates,,M. purpureus IFO 4489 | “Amano” (from Bacillus stearothermophilus),Protease S | proteinase,In vitro | In vivo,spontaneously Hypertensive Rats,Spectrophotometric assay using HHL as substate | Spectrophotometric assay using HHL as substrate,Automated Edman degradation with a gas/liquid phase protein sequencer | LC-MS,12358510,Angiotensin I-converting enzyme inhibitory peptides in red-mold rice made by Monascus purpureus,exact_molar,=,4.0,6.1,5.3999999999999995,6.1,1.525,within_range_consistent,spread_ratio=1.5250,,
LW,2,2,FMDB1986 | FMDB1993,fermfoodb_ace_000759 | fermfoodb_ace_000766,Ace-inhibitory,Wakame Hydrolysates,,“Amano” (from Bacillus stearothermophilus),Protease S,In vitro | In vivo,spontaneously Hypertensive Rats,Spectrophotometric assay using HHL as substate,LC-MS,12358510,,exact_molar,=,23.6,23.6,23.6,23.6,1.0,within_range_consistent,spread_ratio=1.0000,,
PP,2,4,FMDB1600 | FMDB1609 | FMDB1626 | FMDB1630,fermfoodb_ace_000696 | fermfoodb_ace_000697 | fermfoodb_ace_000703 | fermfoodb_ace_000707,Ace-inhibitory,WSE of commercial Cabrales cheese ( cow Milk + Ewe Milk + goat Milk ) | WSE of commercial goat cheese | WSE of commercial manchego cheese ( ewe's Milk) | WSE of roncal cheese,Various fragments,,,In vitro,,spectrophotometric assay using HHL as substrate,RP-HPLC-MS/MS and off-line ESI-MS/MS,,Identification of ACE-inhibitory peptides in different Spanish cheeses by tandem mass spectrometry,exact_molar,=,2284.7,2284.7,2284.7,2284.7,1.0,within_range_consistent,spread_ratio=1.0000,,
QP,2,4,FMDB1599 | FMDB1625 | FMDB1629 | FMDB1638,fermfoodb_ace_000695 | fermfoodb_ace_000702 | fermfoodb_ace_000706 | fermfoodb_ace_000712,Ace-inhibitory,WSE of Idiaz´abal cheese ( Ovine Milk) | WSE of commercial goat cheese | WSE of commercial manchego cheese ( ewe's Milk) | WSE of roncal cheese,Various fragments,,,In vitro,,spectrophotometric assay using HHL as substrate,RP-HPLC-MS/MS and off-line ESI-MS/MS,,Identification of ACE-inhibitory peptides in different Spanish cheeses by tandem mass spectrometry,exact_molar,=,598.1,598.1,598.1,598.1,1.0,within_range_consistent,spread_ratio=1.0000,,
RY,2,1,FMDB946,fermfoodb_ace_000344,Ace-inhibitory,WSE of commercial fermented Milk spain,Various Caseins,,,In vitro,,Spectrophotometric assay using hippuryl-L-histidyl-L-leucine substrate,RP-HPLC– tandem mass spectrometry (MS/MS),,Identification of antioxidant and ACE-inhibitory peptides in fermented Milk,exact_molar,=,10.5,10.5,10.5,10.5,1.0,singleton,only_one_record_in_fermfoodb,,
ST,2,1,FMDB3,fermfoodb_ace_000003,Ace-inhibitory,Acetes chinensis (shrimp sp. ),Marine Protein,Lactobacillus fermentum SM 605,Proteases,,,,LC-MS,18521593,,exact_molar,=,4.03,4.03,4.03,4.03,1.0,singleton,only_one_record_in_fermfoodb,,
SY,2,1,FMDB845,fermfoodb_ace_000250,Ace-inhibitory,Fermented soyabean seasoning,,A. sojae,peptidase,In vitro and In vivo,spontaneously Hypertensive Rats,ACE color kit conatining p-hydroxybenzoylglycyl-L-histidyl-L-leucine as substrate,LCMS/MS,19994857,,exact_molar,=,249.9012330649021,249.9012330649021,249.9012330649021,249.9012330649021,1.0,singleton,only_one_record_in_fermfoodb,,
VF,2,1,FMDB1012,fermfoodb_ace_000399,Ace-inhibitory,Red mold rice ( non glutinous rice),,M. purpureus IFO 4489,proteinase,In vitro,,Spectrophotometric assay using HHL as substrate,Automated Edman degradation with a gas/liquid phase protein sequencer,,Angiotensin I-converting enzyme inhibitory peptides in red-mold rice made by Monascus purpureus,exact_molar,=,49.7,49.7,49.7,49.7,1.0,singleton,only_one_record_in_fermfoodb,,
VG,2,1,FMDB850,fermfoodb_ace_000255,Ace-inhibitory,Fermented soyabean seasoning,,A. sojae,peptidase,In vitro and In vivo,spontaneously Hypertensive Rats,ACE color kit conatining p-hydroxybenzoylglycyl-L-histidyl-L-leucine as substrate,LCMS/MS,19994857,,exact_molar,=,6318.192321523847,6318.192321523847,6318.192321523847,6318.192321523847,1.0,singleton,only_one_record_in_fermfoodb,,
VP,2,1,FMDB848,fermfoodb_ace_000253,Ace-inhibitory,Fermented soyabean seasoning,,A. sojae,peptidase,In vitro and In vivo,spontaneously Hypertensive Rats,ACE color kit conatining p-hydroxybenzoylglycyl-L-histidyl-L-leucine as substrate,LCMS/MS,19994857,,exact_molar,=,2241.6108065815374,2241.6108065815374,2241.6108065815374,2241.6108065815374,1.0,singleton,only_one_record_in_fermfoodb,,
VW,2,3,FMDB1013 | FMDB1984 | FMDB1991,fermfoodb_ace_000400 | fermfoodb_ace_000757 | fermfoodb_ace_000764,Ace-inhibitory,Red mold rice ( non glutinous rice) | Wakame Hydrolysates,,M. purpureus IFO 4489 | “Amano” (from Bacillus stearothermophilus),Protease S | proteinase,In vitro | In vivo,spontaneously Hypertensive Rats,Spectrophotometric assay using HHL as substate | Spectrophotometric assay using HHL as substrate,Automated Edman degradation with a gas/liquid phase protein sequencer | LC-MS,12358510,Angiotensin I-converting enzyme inhibitory peptides in red-mold rice made by Monascus purpureus,exact_molar,=,3.1,3.3,3.2333333333333334,3.3,1.064516129032258,within_range_consistent,spread_ratio=1.0645,,
VY,2,2,FMDB1980 | FMDB1987,fermfoodb_ace_000753 | fermfoodb_ace_000760,Ace-inhibitory,Wakame Hydrolysates,,“Amano” (from Bacillus stearothermophilus),Protease S,In vitro | In vivo,spontaneously Hypertensive Rats,Spectrophotometric assay using HHL as substate,LC-MS,12358510,,exact_molar,=,35.2,35.2,35.2,35.2,1.0,within_range_consistent,spread_ratio=1.0000,,
WL,2,3,FMDB1977 | FMDB861 | FMDB994,fermfoodb_ace_000266 | fermfoodb_ace_000381 | fermfoodb_ace_000751,Ace-inhibitory,Tofuyo | Tofuyo fermented soy food | soybean proteins,B-B1A-&B subunits of Glycinin | B-B1A-&BX subunit of Glycinin ( 44-45) and (43-44) | Glycinin,100 units acid proteinase from M. purpureus No. 3403 | A.oryzae or/M.purpureus,proteases | proteinase,In vitro,,Spectrophotometric assay using HHL as substate | Spectrophotometric assay using HHL as substrate | Spectrophotometric assay using pig pulmonary ACE and hippuryl-L-histidyl-L-leucine substrate,RPHLC and automated Edman degradation with a gas/liquid-phase protein sequencer | RPHPLC and automated degardation using gas/liquid phase protein sequencer | automated Edman degardation with a gas/liquid phase protein sequencer,12843654,Production of angiotensin I-converting enzyme inhibitory peptides from soybean protein with Monascus purpureus acid proteinase,exact_molar,=,29.9,65.0,41.6,29.9,2.1739130434782608,within_range_consistent,spread_ratio=2.1739,,
YP,2,3,FMDB23 | FMDB24 | FMDB25,fermfoodb_ace_000005 | fermfoodb_ace_000006 | fermfoodb_ace_000007,Ace-inhibitory,Yogurt like product,k-Casein | αS1-Casein | β-Casein,Lactobacillus helveticus CPN4,proteinase,In vivo,Spontaneously Hypertensive Rats,,,10416158,,exact_molar,=,720.0,720.0,720.0,720.0,1.0,within_range_consistent,spread_ratio=1.0000,,
GTG,3,1,FMDB2,fermfoodb_ace_000002,Ace-inhibitory,Acetes chinensis (shrimp sp. ),Marine Protein,Lactobacillus fermentum SM 605,Proteases,,,,LC-MS,18521593,,exact_molar,=,5.54,5.54,5.54,5.54,1.0,singleton,only_one_record_in_fermfoodb,,
HHL,3,1,FMDB775,fermfoodb_ace_000191,Ace-inhibitory,Korean Fermented soyabean paste,,,,In vitro and In vivo,Spontaneously Hypertensive Rats,spectrophotometric assay using HHL as substrate,RPHPLC and Edman degradation,11410001,,exact_molar,=,5.432098765432099,5.432098765432099,5.432098765432099,5.432098765432099,1.0,singleton,only_one_record_in_fermfoodb,,
HQK,3,1,FMDB2075,fermfoodb_ace_000829,Ace-inhibitory,sheep Milk sodium Caseinate,αS2-Casein,Proteinase of L.helveticus PR4,proteinase,In vitro,,Spectrophotometric assay using HHL and furanacryloyl-Phe-Gly-Gly as substate,MALDITOF-MS,12957917,,exact_molar,=,1910.270743207116,1910.270743207116,1910.270743207116,1910.270743207116,1.0,singleton,only_one_record_in_fermfoodb,,
IFL,3,2,FMDB1976 | FMDB993,fermfoodb_ace_000380 | fermfoodb_ace_000750,Ace-inhibitory,Tofuyo | Tofuyo fermented soy food,Alpha &beta subunit of beta con Glycinin ( 476-478) & ( 247-249) | alpha and beta subunit of beta conGlycinin,A.oryzae or/M.purpureus,proteases,In vitro,,Spectrophotometric assay using HHL as substate | Spectrophotometric assay using HHL as substrate,RPHPLC and automated degardation using gas/liquid phase protein sequencer | automated Edman degardation with a gas/liquid phase protein sequencer,12843654,,exact_molar,=,44.8,44.8,44.8,44.8,1.0,within_range_consistent,spread_ratio=1.0000,,
IPP,3,30,FMDB1036 | FMDB1044 | FMDB179 | FMDB2004 | FMDB2006 | FMDB2009 | FMDB2011 | FMDB2013 | FMDB2015 | FMDB2017 | FMDB2019 | FMDB2022 | FMDB2025 | FMDB2027 | FMDB2029 | FMDB2031 | FMDB2033 | FMDB2034 | FMDB2035 | FMDB2037 | FMDB2039 | FMDB2040 | FMDB793 | FMDB794 | FMDB821 | FMDB825 | FMDB829 | FMDB833 | FMDB837 | FMDB841,fermfoodb_ace_000032 | fermfoodb_ace_000209 | fermfoodb_ace_000210 | fermfoodb_ace_000226 | fermfoodb_ace_000230 | fermfoodb_ace_000234 | fermfoodb_ace_000238 | fermfoodb_ace_000242 | fermfoodb_ace_000246 | fermfoodb_ace_000415 | fermfoodb_ace_000423 | fermfoodb_ace_000777 | fermfoodb_ace_000779 | fermfoodb_ace_000782 | fermfoodb_ace_000784 | fermfoodb_ace_000786 | fermfoodb_ace_000788 | fermfoodb_ace_000790 | fermfoodb_ace_000792 | fermfoodb_ace_000795 | fermfoodb_ace_000798 | fermfoodb_ace_000800 | fermfoodb_ace_000802 | fermfoodb_ace_000804 | fermfoodb_ace_000806 | fermfoodb_ace_000807 | fermfoodb_ace_000808 | fermfoodb_ace_000810 | fermfoodb_ace_000812 | fermfoodb_ace_000813,Ace-inhibitory | Ace-inhibitory;Anti-hypertensive,Fermented Milk | Rye Malt:wheat gluten/ barley hordein sourdough | Skimmed Milk | rye malt gluten sourdough | skim Milk Yogurt | wheat sourdough,"Casein | k-Casein | α-gliadin, ω-gliadin | β-Casein | β-Casein &k Casein","L. delbrueckii ssp. bulgaricus Lb1466 and S. thermophilus St1342 and L. acidophilus L10, L. casei L26 and B. lactis B95 | L. delbrueckii ssp. bulgaricus Lb1466 and S. thermophilus St1342 and L. acidophilus L10, L. casei L26 and B. lactis B96 | L. helveticus (IMAU10142) | L. helveticus (IMAU30003) | L. helveticus (IMAU30005) | L. helveticus (IMAU30023) | L. helveticus (IMAU30046) | L. helveticus (IMAU30134) | L. helveticus (IMAU50011) | L. helveticus (IMAU50061) | L. helveticus (IMAU50151) | L. helveticus (IMAU60066) | L. helveticus (IMAU60117) | L. helveticus (IMAU60201) | L. helveticus (IMAU60204) | L. helveticus (IMAU60206) | L. helveticus (IMAU60207) | L. helveticus (IMAU60208 or H9) | L. helveticus (IMAU60210) | L. helveticus (IMAU60211) | L. helveticus (IMAU60212) | L. reuteri LTH 5448 | L. reuteri LTH 5795 | Lactobacillus hammesii DSM 16381 | Lactobacillus helveticus JCM1004 | Lactobacillus plantarum FUA 3002 | Lactobacillus reuteri TMW 1.106 | Lactobacillus reuteri TMW1.106 | Lactobacillus rossiae 34J",extracellular proteinase | peptidase+fungal protease | peptidases | proteinase and peptidase,BioInformatic analysis | In vitro | In vitro and In vivo,spontaneously Hypertensive Rats,Spectrophotometric assay using HHL as substarte | Spectrophotometric assay using HHL as substate | spectrophotometric assay using HHL as substrate,LC-MS/MS | LCMS/MS | RPHPLC and automated Edman degradation on Applied Biosystem Procise protein/peptide sequencer | RPHPLC and protein sequencer | Ultra Performance LC-Tandem MS,21985248 | 25151888;12369200 | 25829629,"Fate of ACE-inhibitory peptides during the bread-making process: Quantification of peptides in sourdough, bread crumb, steamed bread and soda crackers",exact_molar,=,5.15,5000000.0,3166670.0116666667,5000000.0,970873.786407767,conflicting,spread_ratio=970873.7864,,
IPQ,3,1,FMDB2081,fermfoodb_ace_000835,Ace-inhibitory,Human Milk sodium Caseinate,β-Casein,Proteinase of L.helveticus PR4,proteinase,In vitro,,Spectrophotometric assay using HHL and furanacryloyl-Phe-Gly-Gly as substate,MALDITOF-MS,12957917,,exact_molar,=,640.0830620720619,640.0830620720619,640.0830620720619,640.0830620720619,1.0,singleton,only_one_record_in_fermfoodb,,
LIP,3,2,FMDB1034 | FMDB1042,fermfoodb_ace_000413 | fermfoodb_ace_000421,Ace-inhibitory,rye malt gluten sourdough | wheat sourdough,,Lactobacillus reuteri TMW1.106,peptidases,,,,LC-MS/MS,,"Fate of ACE-inhibitory peptides during the bread-making process: Quantification of peptides in sourdough, bread crumb, steamed bread and soda crackers",exact_molar,=,2.5,2.5,2.5,2.5,1.0,within_range_consistent,spread_ratio=1.0000,,
LLP,3,8,FMDB1035 | FMDB1043 | FMDB819 | FMDB823 | FMDB827 | FMDB831 | FMDB835 | FMDB839,fermfoodb_ace_000224 | fermfoodb_ace_000228 | fermfoodb_ace_000232 | fermfoodb_ace_000236 | fermfoodb_ace_000240 | fermfoodb_ace_000244 | fermfoodb_ace_000414 | fermfoodb_ace_000422,Ace-inhibitory,Rye Malt:wheat gluten/ barley hordein sourdough | rye malt gluten sourdough | wheat sourdough,γ-75k-secalin,L. reuteri LTH 5448 | L. reuteri LTH 5795 | Lactobacillus hammesii DSM 16381 | Lactobacillus plantarum FUA 3002 | Lactobacillus reuteri TMW 1.106 | Lactobacillus reuteri TMW1.106 | Lactobacillus rossiae 34J,peptidase+fungal protease | peptidases,BioInformatic analysis,,,LC-MS/MS | LCMS/MS,21985248,"Fate of ACE-inhibitory peptides during the bread-making process: Quantification of peptides in sourdough, bread crumb, steamed bread and soda crackers",exact_molar,=,57.0,57.0,57.0,57.0,1.0,within_range_consistent,spread_ratio=1.0000,,
LPP,3,2,FMDB1037 | FMDB1045,fermfoodb_ace_000416 | fermfoodb_ace_000424,Ace-inhibitory,rye malt gluten sourdough | wheat sourdough,,Lactobacillus reuteri TMW1.106,peptidases,,,,LC-MS/MS,,"Fate of ACE-inhibitory peptides during the bread-making process: Quantification of peptides in sourdough, bread crumb, steamed bread and soda crackers",exact_molar,=,9.6,9.6,9.6,9.6,1.0,within_range_consistent,spread_ratio=1.0000,,
LQP,3,8,FMDB1032 | FMDB1040 | FMDB818 | FMDB822 | FMDB826 | FMDB830 | FMDB834 | FMDB838,fermfoodb_ace_000223 | fermfoodb_ace_000227 | fermfoodb_ace_000231 | fermfoodb_ace_000235 | fermfoodb_ace_000239 | fermfoodb_ace_000243 | fermfoodb_ace_000411 | fermfoodb_ace_000419,Ace-inhibitory,Rye Malt:wheat gluten/ barley hordein sourdough | rye malt gluten sourdough | wheat sourdough,"ω-secalin;ω-gliadin,α-gliadin,γ gliadin,HMWglutein subunit,D-Hordein,γ hordein;C-hordein",L. reuteri LTH 5448 | L. reuteri LTH 5795 | Lactobacillus hammesii DSM 16381 | Lactobacillus plantarum FUA 3002 | Lactobacillus reuteri TMW 1.106 | Lactobacillus reuteri TMW1.106 | Lactobacillus rossiae 34J,peptidase+fungal protease | peptidases,BioInformatic analysis,,,LC-MS/MS | LCMS/MS,21985248,"Fate of ACE-inhibitory peptides during the bread-making process: Quantification of peptides in sourdough, bread crumb, steamed bread and soda crackers",exact_molar,=,2.0,2.0,2.0,2.0,1.0,within_range_consistent,spread_ratio=1.0000,,
PFP,3,1,FMDB1628,fermfoodb_ace_000705,Ace-inhibitory,WSE of commercial manchego cheese ( ewe's Milk),Various fragments,,,In vitro,,spectrophotometric assay using HHL as substrate,RP-HPLC-MS/MS and off-line ESI-MS/MS,,Identification of ACE-inhibitory peptides in different Spanish cheeses by tandem mass spectrometry,exact_molar,=,144.4,144.4,144.4,144.4,1.0,singleton,only_one_record_in_fermfoodb,,
QPQ,3,1,FMDB2079,fermfoodb_ace_000833,Ace-inhibitory,Human Milk sodium Caseinate,β-Casein,Proteinase of L.helveticus PR4,proteinase,In vitro,,Spectrophotometric assay using HHL and furanacryloyl-Phe-Gly-Gly as substate,MALDITOF-MS,12957917,,exact_molar,=,614.3942250713785,614.3942250713785,614.3942250713785,614.3942250713785,1.0,singleton,only_one_record_in_fermfoodb,,
VPP,3,30,FMDB1038 | FMDB1046 | FMDB178 | FMDB2003 | FMDB2005 | FMDB2007 | FMDB2008 | FMDB2010 | FMDB2012 | FMDB2014 | FMDB2016 | FMDB2018 | FMDB2020 | FMDB2021 | FMDB2023 | FMDB2024 | FMDB2026 | FMDB2028 | FMDB2030 | FMDB2032 | FMDB2036 | FMDB2038 | FMDB798 | FMDB820 | FMDB824 | FMDB828 | FMDB832 | FMDB836 | FMDB840 | FMDB945,fermfoodb_ace_000031 | fermfoodb_ace_000214 | fermfoodb_ace_000225 | fermfoodb_ace_000229 | fermfoodb_ace_000233 | fermfoodb_ace_000237 | fermfoodb_ace_000241 | fermfoodb_ace_000245 | fermfoodb_ace_000343 | fermfoodb_ace_000417 | fermfoodb_ace_000425 | fermfoodb_ace_000776 | fermfoodb_ace_000778 | fermfoodb_ace_000780 | fermfoodb_ace_000781 | fermfoodb_ace_000783 | fermfoodb_ace_000785 | fermfoodb_ace_000787 | fermfoodb_ace_000789 | fermfoodb_ace_000791 | fermfoodb_ace_000793 | fermfoodb_ace_000794 | fermfoodb_ace_000796 | fermfoodb_ace_000797 | fermfoodb_ace_000799 | fermfoodb_ace_000801 | fermfoodb_ace_000803 | fermfoodb_ace_000805 | fermfoodb_ace_000809 | fermfoodb_ace_000811,Ace-inhibitory | Ace-inhibitory;Anti-hypertensive,Fermented Milk | Rye Malt:wheat gluten/ barley hordein sourdough | Skimmed Milk | WSE of commercial fermented Milk spain | rye malt gluten sourdough | skim Milk Yogurt | wheat sourdough,"Casein | β-Casein | β-Casein &k Casein | γ gliadin,HMWglutein subunit, γ hordein","L. delbrueckii ssp. bulgaricus Lb1466 and S. thermophilus St1342 and L. acidophilus L10, L. casei L26 and B. lactis B99 | L. helveticus (IMAU10142) | L. helveticus (IMAU30003) | L. helveticus (IMAU30005) | L. helveticus (IMAU30046) | L. helveticus (IMAU30134) | L. helveticus (IMAU50010) | L. helveticus (IMAU50151) | L. helveticus (IMAU60066) | L. helveticus (IMAU60117) | L. helveticus (IMAU60201) | L. helveticus (IMAU60204) | L. helveticus (IMAU60205) | L. helveticus (IMAU60206) | L. helveticus (IMAU60207) | L. helveticus (IMAU60208 or H9) | L. helveticus (IMAU60210) | L. helveticus (IMAU60211) | L. helveticus (IMAU60212) | L. helveticus (IMAU60220) | L. reuteri LTH 5448 | L. reuteri LTH 5795 | Lactobacillus hammesii DSM 16381 | Lactobacillus helveticus JCM1004 | Lactobacillus plantarum FUA 3002 | Lactobacillus reuteri TMW 1.106 | Lactobacillus reuteri TMW1.106 | Lactobacillus rossiae 34J",extracellular proteinase | peptidase+fungal protease | peptidases | proteinase and peptidase,BioInformatic analysis | In vitro | In vitro and In vivo,spontaneously Hypertensive Rats,Spectrophotometric assay using HHL as substarte | Spectrophotometric assay using HHL as substate | Spectrophotometric assay using hippuryl-L-histidyl-L-leucine substrate,LC-MS/MS | LCMS/MS | RP-HPLC– tandem mass spectrometry (MS/MS) | RPHPLC and automated Edman degradation on Applied Biosystem Procise protein/peptide sequencer | RPHPLC and protein sequencer | Ultra Performance LC-Tandem MS,21985248 | 25151888;12369200 | 25829629,"Antihypertensive peptides from skimmed Milk hydrolysate digested by cell-free extract of Lactobacillus helveticus JCM1004 | Fate of ACE-inhibitory peptides during the bread-making process: Quantification of peptides in sourdough, bread crumb, steamed bread and soda crackers | Identification of antioxidant and ACE-inhibitory peptides in fermented Milk",exact_molar,=,5.0,9000000.0,5700002.217666667,9000000.0,1800000.0,conflicting,spread_ratio=1800000.0000,,
VPQ,3,1,FMDB2080,fermfoodb_ace_000834,Ace-inhibitory,Human Milk sodium Caseinate,β-Casein,Proteinase of L.helveticus PR4,proteinase,In vitro,,Spectrophotometric assay using HHL and furanacryloyl-Phe-Gly-Gly as substate,MALDITOF-MS,12957917,,exact_molar,=,666.4524046046864,666.4524046046864,666.4524046046864,666.4524046046864,1.0,singleton,only_one_record_in_fermfoodb,,
VVY,3,1,FMDB1011,fermfoodb_ace_000398,Ace-inhibitory,Red mold rice ( non glutinous rice),,M. purpureus IFO 4489,proteinase,In vitro,,Spectrophotometric assay using HHL as substrate,Automated Edman degradation with a gas/liquid phase protein sequencer,,Angiotensin I-converting enzyme inhibitory peptides in red-mold rice made by Monascus purpureus,exact_molar,=,22.0,22.0,22.0,22.0,1.0,singleton,only_one_record_in_fermfoodb,,
LIVT,4,1,FMDB991,fermfoodb_ace_000378,Ace-inhibitory,Fermented soy protein (Defatted soya flour),,Lactobacillus caseispp. pseudoplantarum,,In vitro,,Spectrophotometric assay using HHL as substrate,RPHPLC and sequence determination by Edman degradatiojn usng Applied Biosystems 477-A gas phase sequencer,,Antihypertensive Peptides Derived from soy Protein by Fermentation,exact_molar,=,0.11,0.11,0.11,0.11,1.0,singleton,only_one_record_in_fermfoodb,,
LPHF,4,1,FMDB859,fermfoodb_ace_000264,Ace-inhibitory,soybean proteins,b-conGlycinin,100 units acid proteinase from M. purpureus No. 3403,proteinase,In vitro,,Spectrophotometric assay using pig pulmonary ACE and hippuryl-L-histidyl-L-leucine substrate,RPHLC and automated Edman degradation with a gas/liquid-phase protein sequencer,,Production of angiotensin I-converting enzyme inhibitory peptides from soybean protein with Monascus purpureus acid proteinase,exact_molar,=,670.0,670.0,670.0,670.0,1.0,singleton,only_one_record_in_fermfoodb,,
LPLP,4,1,FMDB378,fermfoodb_ace_000179,Ace-inhibitory,probiotic femented Milk,β-Casein,Bifidobacterium bifidum MF 20/5,proteinase and peptidase,In vitro,,spectrophotometeric assay using HHL as substrate,LCMS,24135669,,exact_molar,=,750.0,750.0,750.0,750.0,1.0,singleton,only_one_record_in_fermfoodb,,
LRFF,4,1,FMDB1291,fermfoodb_ace_000559,Ace-inhibitory,Fermented Milk (reconstituted skim Milk),αS1-Casein,Kluyveromyces marxianus Z17,proteinase and peptidase,In vitro,,Ace inhibitory assay By HPLC,MALDI/TOF-TOF MS/MS,,,exact_molar,=,116.9,116.9,116.9,116.9,1.0,singleton,only_one_record_in_fermfoodb,,
PKHP,4,1,FMDB1636,fermfoodb_ace_000711,Ace-inhibitory,WSE of roncal cheese,αS1-Casein,,,In vitro,,spectrophotometric assay using HHL as substrate,RP-HPLC-MS/MS and off-line ESI-MS/MS,,Identification of ACE-inhibitory peptides in different Spanish cheeses by tandem mass spectrometry,exact_molar,=,709.1,709.1,709.1,709.1,1.0,singleton,only_one_record_in_fermfoodb,,
RPKH,4,1,FMDB2072,fermfoodb_ace_000826,Ace-inhibitory,sheep Milk sodium Caseinate,αS1-Casein,Proteinase of L.helveticus PR4,proteinase,In vitro,,Spectrophotometric assay using HHL and furanacryloyl-Phe-Gly-Gly as substate,MALDITOF-MS,12957917,,exact_molar,=,223.70282140996053,223.70282140996053,223.70282140996053,223.70282140996053,1.0,singleton,only_one_record_in_fermfoodb,,
SPYP,4,1,FMDB860,fermfoodb_ace_000265,Ace-inhibitory,soybean proteins,Glycinin,100 units acid proteinase from M. purpureus No. 3403,proteinase,In vitro,,Spectrophotometric assay using pig pulmonary ACE and hippuryl-L-histidyl-L-leucine substrate,RPHLC and automated Edman degradation with a gas/liquid-phase protein sequencer,,Production of angiotensin I-converting enzyme inhibitory peptides from soybean protein with Monascus purpureus acid proteinase,exact_molar,=,850.0,850.0,850.0,850.0,1.0,singleton,only_one_record_in_fermfoodb,,
TVDQ,4,1,FMDB2074,fermfoodb_ace_000828,Ace-inhibitory,sheep Milk sodium Caseinate,αS2-Casein,Proteinase of L.helveticus PR4,proteinase,In vitro,,Spectrophotometric assay using HHL and furanacryloyl-Phe-Gly-Gly as substate,MALDITOF-MS,12957917,,exact_molar,=,1311.2675586400187,1311.2675586400187,1311.2675586400187,1311.2675586400187,1.0,singleton,only_one_record_in_fermfoodb,,
VRGP,4,1,FMDB1592,fermfoodb_ace_000692,Ace-inhibitory,WSE of commercial goat cheese,β-Casein,,,In vitro,,spectrophotometric assay using HHL as substrate,RP-HPLC-MS/MS and off-line ESI-MS/MS,,Identification of ACE-inhibitory peptides in different Spanish cheeses by tandem mass spectrometry,exact_molar,=,120.9,120.9,120.9,120.9,1.0,singleton,only_one_record_in_fermfoodb,,
YPYY,4,2,FMDB1905 | FMDB1906,fermfoodb_ace_000744 | fermfoodb_ace_000745,Ace-inhibitory,"Fermented Milk Whey product (4.5% (w/v) skimmed Milk powder, 5.5% (w/v) whole Milk powder and 7% (w/v) sucrose )",Casein,Streptococcus thermophilus and Lactobacillus bulgaricus + . Flavourzyme from Aspergillus oryzae,protease,In vitro | In vivo,spontaneously Hypertensive Rats,RP-HPLC modified spectrophotometric assay using HHL as substrate,RP-HPLC and protein sequencer 492 Procise,,Antihypertensive effect of bioactive peptides produced by protease-facilitated lactic acid fermentation of Milk,exact_molar,=,90.9,90.9,90.9,90.9,1.0,within_range_consistent,spread_ratio=1.0000,,
AEKTK,5,1,FMDB2041,fermfoodb_ace_000814,Ace-inhibitory,Reconstituted Whey powder,b-lactoglobulin f73–77,Lb. brevisKCTC3102,,In vitro,,Spectrophotometric assay using HHL as substate,RP-HPLc and soild phase Edman peptide sequencing,,ANGIOTENSIN I-CONVERTING ENZYME (ACE) INHIBITORY PEPTIDES FROM WHEY FERMENTED BY LACTOBACILLUS SPECIES,exact_molar,=,884.8867496178614,884.8867496178614,884.8867496178614,884.8867496178614,1.0,singleton,only_one_record_in_fermfoodb,,
AHKAL,5,1,FMDB2045,fermfoodb_ace_000818,Ace-inhibitory,Reconstituted Whey powder,α-LA f106–110,Lb. helveticus ATCC 15009,,In vitro,,Spectrophotometric assay using HHL as substate,RP-HPLc and soild phase Edman peptide sequencing,,ANGIOTENSIN I-CONVERTING ENZYME (ACE) INHIBITORY PEPTIDES FROM WHEY FERMENTED BY LACTOBACILLUS SPECIES,exact_molar,=,9.84539552492593,9.84539552492593,9.84539552492593,9.84539552492593,1.0,singleton,only_one_record_in_fermfoodb,,
APLRV,5,1,FMDB2044,fermfoodb_ace_000817,Ace-inhibitory,Reconstituted Whey powder,b-lactoglobulin f37–41,Lb. helveticus ATCC 15009,,In vitro,,Spectrophotometric assay using HHL as substate,RP-HPLc and soild phase Edman peptide sequencing,,ANGIOTENSIN I-CONVERTING ENZYME (ACE) INHIBITORY PEPTIDES FROM WHEY FERMENTED BY LACTOBACILLUS SPECIES,exact_molar,=,9.56067766155421,9.56067766155421,9.56067766155421,9.56067766155421,1.0,singleton,only_one_record_in_fermfoodb,,
AQSAP,5,1,FMDB2042,fermfoodb_ace_000815,Ace-inhibitory,Reconstituted Whey powder,b-lactoglobulin f34–38,Lb. helveticus ATCC 15009,,In vitro,,Spectrophotometric assay using HHL as substate,RP-HPLc and soild phase Edman peptide sequencing,,ANGIOTENSIN I-CONVERTING ENZYME (ACE) INHIBITORY PEPTIDES FROM WHEY FERMENTED BY LACTOBACILLUS SPECIES,exact_molar,=,505.2642456829395,505.2642456829395,505.2642456829395,505.2642456829395,1.0,singleton,only_one_record_in_fermfoodb,,
ARHPH,5,1,FMDB799,fermfoodb_ace_000215,Ace-inhibitory,skim Milk Yogurt,k-Casein,"L. delbrueckii ssp. bulgaricus Lb1466 and S. thermophilus St1342 and L. acidophilus L10, L. casei L26 and B. lactis B100",proteinase and peptidase,In vitro,,Spectrophotometric assay using HHL as substate,RPHPLC and automated Edman degradation on Applied Biosystem Procise protein/peptide sequencer,25829629,,exact_molar,=,15.641241579690117,15.641241579690117,15.641241579690117,15.641241579690117,1.0,singleton,only_one_record_in_fermfoodb,,
DKIHP,5,5,FMDB1596 | FMDB1615 | FMDB1622 | FMDB1633 | FMDB1645,fermfoodb_ace_000693 | fermfoodb_ace_000698 | fermfoodb_ace_000700 | fermfoodb_ace_000709 | fermfoodb_ace_000714,Ace-inhibitory,WSE of Idiaz´abal cheese ( Ovine Milk) | WSE of commercial Cabrales cheese ( cow Milk + Ewe Milk + goat Milk ) | WSE of commercial goat cheese | WSE of commercial manchego cheese ( ewe's Milk) | WSE of roncal cheese,β-Casein,,,In vitro,,spectrophotometric assay using HHL as substrate,RP-HPLC-MS/MS and off-line ESI-MS/MS,,Identification of ACE-inhibitory peptides in different Spanish cheeses by tandem mass spectrometry,exact_molar,=,113.1,113.1,113.1,113.1,1.0,within_range_consistent,spread_ratio=1.0000,,
ENGEC,5,1,FMDB372,fermfoodb_ace_000173,Ace-inhibitory,Reconstituted Non fat dryMilk/ WSEof Fermented Milk,β-lactoglobulin,Lc. lactis NRRL B-50572,proteinase and peptidase,In vitro,,spectrophotometeric assay using HHL as substrate,LC-ESI-MS,22901481,,exact_molar,=,0.07457257184430703,0.07457257184430703,0.07457257184430703,0.07457257184430703,1.0,singleton,only_one_record_in_fermfoodb,,
GPSMR,5,1,FMDB1030,fermfoodb_ace_000409,Ace-inhibitory,Edible Mushroom,,Pleurotus cystidiosus,,In vitro,,Ace inhibitory assay kit,LC-MS/MS,,"Novel angiotensin I-converting enzyme inhibitory peptides derived from an edible mushroom, Pleurotus cystidiosus O.K. Miller identified by LC-MS/MS",exact_molar,=,277.5,277.5,277.5,277.5,1.0,singleton,only_one_record_in_fermfoodb,,
HPIKH,5,1,FMDB2073,fermfoodb_ace_000827,Ace-inhibitory,sheep Milk sodium Caseinate,αS1-Casein,Proteinase of L.helveticus PR4,proteinase,In vitro,,Spectrophotometric assay using HHL and furanacryloyl-Phe-Gly-Gly as substate,MALDITOF-MS,12957917,,exact_molar,=,190.37965060107388,190.37965060107388,190.37965060107388,190.37965060107388,1.0,singleton,only_one_record_in_fermfoodb,,
IPAVF,5,1,FMDB2043,fermfoodb_ace_000816,Ace-inhibitory,Reconstituted Whey powder,b-lactoglobulin f78–82,Lb. helveticus ATCC 15009,,In vitro,,Spectrophotometric assay using HHL as substate,RP-HPLc and soild phase Edman peptide sequencing,,ANGIOTENSIN I-CONVERTING ENZYME (ACE) INHIBITORY PEPTIDES FROM WHEY FERMENTED BY LACTOBACILLUS SPECIES,exact_molar,=,9.719040688140355,9.719040688140355,9.719040688140355,9.719040688140355,1.0,singleton,only_one_record_in_fermfoodb,,
KAVPQ,5,1,FMDB782,fermfoodb_ace_000198,Ace-inhibitory,fermented sheep Milk,β-Casein,L. paracasei subsp. paracasei DC412,proteinase,In vitro,,ACE In hibitory activity using HHL as the substrate,"RPHPLC and automated, pulsed liquid-phase protein-peptide sequencer",,Identification of peptides in traditional and probiotic sheep Milk Yogurt with angiotensin I-converting enzyme (ACE)-inhibitory activity,exact_molar,=,39.0,39.0,39.0,39.0,1.0,singleton,only_one_record_in_fermfoodb,,
LIVTQ,5,1,FMDB990,fermfoodb_ace_000377,Ace-inhibitory,Fermented soy protein (Defatted soya flour),,Lactobacillus caseispp. pseudoplantarum,,In vitro,,Spectrophotometric assay using HHL as substrate,RPHPLC and sequence determination by Edman degradatiojn usng Applied Biosystems 477-A gas phase sequencer,,Antihypertensive Peptides Derived from soy Protein by Fermentation,exact_molar,=,0.087,0.087,0.087,0.087,1.0,singleton,only_one_record_in_fermfoodb,,
LVQGS,5,2,FMDB2202 | FMDB992,fermfoodb_ace_000379 | fermfoodb_ace_000856,Ace-inhibitory,Fermented soyabean extract | fermented soy extract prepared from soy koji,,A.oryzae | Aspergillus oryzae,,In vitro,,Spectrophotometric assay using HHL as substate | Spectrophotometric assay using HHL as substrate,MALDI TOF MS and peptide sequencer | MALDI-ToF MS and liquid-phase peptide sequencer,,Purification and identification of an angiotensin I-converting enzyme inhibitory peptide from fermented soybean extract,exact_molar,=,43.7,43.7,43.7,43.7,1.0,within_range_consistent,spread_ratio=1.0000,,
PIPFP,5,1,FMDB777,fermfoodb_ace_000193,Ace-inhibitory,soy protein+glucose,Glycinin,Bacillus sp.,proteinase,In vivo,Spontaneously Hypertensive Rats,ACE In hibitory activity using FAPGG as the substrate,MALDI-TOF/TOF MS,11410003,,exact_molar,=,66.0,66.0,66.0,66.0,1.0,singleton,only_one_record_in_fermfoodb,,
PVNKP,5,1,FMDB778,fermfoodb_ace_000194,Ace-inhibitory,soy protein+glucose,Glycinin,Bacillus sp.,proteinase,In vivo,Spontaneously Hypertensive Rats,ACE In hibitory activity using FAPGG as the substrate,MALDI-TOF/TOF MS,11410004,,exact_molar,=,46.1,46.1,46.1,46.1,1.0,singleton,only_one_record_in_fermfoodb,,
RINKK,5,1,FMDB796,fermfoodb_ace_000212,Ace-inhibitory,skim Milk Yogurt,β-Casein,"L. delbrueckii ssp. bulgaricus Lb1466 and S. thermophilus St1342 and L. acidophilus L10, L. casei L26 and B. lactis B97",proteinase and peptidase,In vitro,,Spectrophotometric assay using HHL as substate,RPHPLC and automated Edman degradation on Applied Biosystem Procise protein/peptide sequencer,25829629,,exact_molar,=,18.32898715781416,18.32898715781416,18.32898715781416,18.32898715781416,1.0,singleton,only_one_record_in_fermfoodb,,
SLPQN,5,1,FMDB797,fermfoodb_ace_000213,Ace-inhibitory,skim Milk Yogurt,β-Casein,"L. delbrueckii ssp. bulgaricus Lb1466 and S. thermophilus St1342 and L. acidophilus L10, L. casei L26 and B. lactis B98",proteinase and peptidase,In vitro,,Spectrophotometric assay using HHL as substate,RPHPLC and automated Edman degradation on Applied Biosystem Procise protein/peptide sequencer,25829629,,exact_molar,=,9.492519499860144,9.492519499860144,9.492519499860144,9.492519499860144,1.0,singleton,only_one_record_in_fermfoodb,,
TYKEE,5,1,FMDB792,fermfoodb_ace_000208,Ace-inhibitory,skim Milk Yogurt,αS2-Casein,"L. delbrueckii ssp. bulgaricus Lb1466 and S. thermophilus St1342 and L. acidophilus L10, L. casei L26 and B. lactis B94",proteinase and peptidase,In vitro,,spectrophotometric assay using HHL as substrate,RPHPLC and automated Edman degradation on Applied Biosystem Procise protein/peptide sequencer,25829629,,exact_molar,=,18.56945719920423,18.56945719920423,18.56945719920423,18.56945719920423,1.0,singleton,only_one_record_in_fermfoodb,,
YPSYG,5,1,FMDB355,fermfoodb_ace_000156,Ace-inhibitory,Reconstituted Non fat dryMilk/ WSEof Fermented Milk,k-Casein,Lc. lactis NRRL B-50571,proteinase and peptidase,In vitro,,spectrophotometeric assay using HHL as substrate,LC-ESI-MS,22901481,,exact_molar,=,0.12971496842464586,0.12971496842464586,0.12971496842464586,0.12971496842464586,1.0,singleton,only_one_record_in_fermfoodb,,
AHEPVK,6,1,FMDB1029,fermfoodb_ace_000408,Ace-inhibitory,Edible Mushroom,,Pleurotus cystidiosus,,In vitro,,Ace inhibitory assay kit,LC-MS/MS,,"Novel angiotensin I-converting enzyme inhibitory peptides derived from an edible mushroom, Pleurotus cystidiosus O.K. Miller identified by LC-MS/MS",exact_molar,=,62.8,62.8,62.8,62.8,1.0,singleton,only_one_record_in_fermfoodb,,
AYFYPE,6,1,FMDB4,fermfoodb_ace_000004,Ace-inhibitory,Milk,αS1-Casein,Lactobacillus helveticus CP790,proteinase,In vivo,Spontaneously Hypertensive Rats,,,8201050,,exact_molar,=,106.0,106.0,106.0,106.0,1.0,singleton,only_one_record_in_fermfoodb,,
DDQNPH,6,1,FMDB349,fermfoodb_ace_000150,Ace-inhibitory,Reconstituted Non fat dryMilk/ WSEof Fermented Milk,α-LA,Lc. lactis NRRL B-50571,proteinase and peptidase,In vitro,,spectrophotometeric assay using HHL as substrate,LC-ESI-MS,22901481,,exact_molar,=,0.10498687664041995,0.10498687664041995,0.10498687664041995,0.10498687664041995,1.0,singleton,only_one_record_in_fermfoodb,,
DIIIPD,6,1,FMDB1003,fermfoodb_ace_000390,Ace-inhibitory,wholemeal wheat flour sourdough,gliadin,"Lactobacillus alimentarius 15M, Lactobacillus breVis 14G, Lactobacillus sanfranciscensis 7A, and Lactobacillus hilgardii 51B Lb. sanfranciscensis LS3, LS10, LS19, LS23, LS38, and LS47and Lc. lactis subsp. lactis PU1",,In vitro,,Spectrophotometric assay using HHL as substrate,nanoLC-ESI-MS/MS,18627167,,exact_molar,=,464.44333627882156,464.44333627882156,464.44333627882156,464.44333627882156,1.0,singleton,only_one_record_in_fermfoodb,,
DKIHPF,6,9,FMDB1598 | FMDB1618 | FMDB1623 | FMDB1634 | FMDB1647 | FMDB70 | FMDB865 | FMDB872 | FMDB879,fermfoodb_ace_000014 | fermfoodb_ace_000270 | fermfoodb_ace_000277 | fermfoodb_ace_000284 | fermfoodb_ace_000694 | fermfoodb_ace_000699 | fermfoodb_ace_000701 | fermfoodb_ace_000710 | fermfoodb_ace_000715,Ace-inhibitory,UHT skim Milk | WSE of Cheddar cheese | WSE of Idiaz´abal cheese ( Ovine Milk) | WSE of commercial Cabrales cheese ( cow Milk + Ewe Milk + goat Milk ) | WSE of commercial goat cheese | WSE of commercial manchego cheese ( ewe's Milk) | WSE of roncal cheese,β-Casein,L. lactis subsp. lactis and L. lactis subsp. Cremoris | L. lactis subsp. lactis and L. lactis subsp. Cremoris and Lb. casei 279 | L. lactis subsp. lactis and L. lactis subsp. Cremoris and Lb. casei LAFTI® L26. | Lactococcus lactis subsp. cremoris FT4,proteinase and peptidase | proteinase and peptidases,In vitro,,Spectrophotometric assay using hippuryl-L-histidyl-L-leucine substrate | spectrophotometric assay using HHL as substrate,FABMS | RP-HPLC-MS/MS and off-line ESI-MS/MS | RPHPLC; Edman degradation method using protein sequencer and MALDI-TOF-MS,10966406,Angiotensin converting enzyme-inhibitory activity in Cheddar cheeses made with the addition of probiotic Lactobacillus casei sp. | Identification of ACE-inhibitory peptides in different Spanish cheeses by tandem mass spectrometry,exact_molar,=,158.85623510722797,2419.4,1434.4218692083664,2419.4,15.230122999999999,conflicting,spread_ratio=15.2301,,
GYLAVA,6,1,FMDB369,fermfoodb_ace_000170,Ace-inhibitory,Reconstituted Non fat dryMilk/ WSEof Fermented Milk,Serotransferrin,Lc. lactis NRRL B-50571,proteinase and peptidase,In vitro,,spectrophotometeric assay using HHL as substrate,LC-ESI-MS,22901481,,exact_molar,=,0.057451841838458945,0.057451841838458945,0.057451841838458945,0.057451841838458945,1.0,singleton,only_one_record_in_fermfoodb,,
HLPLPL,6,1,FMDB973,fermfoodb_ace_000370,Ace-inhibitory,WSE of commercial fermented Milk spain,β-Casein,,,In vitro,,Spectrophotometric assay using hippuryl-L-histidyl-L-leucine substrate,RP-HPLC– tandem mass spectrometry (MS/MS),,Identification of antioxidant and ACE-inhibitory peptides in fermented Milk,exact_molar,=,41.0,41.0,41.0,41.0,1.0,singleton,only_one_record_in_fermfoodb,,
LHLPLP,6,25,FMDB1345 | FMDB1346 | FMDB1347 | FMDB1348 | FMDB1349 | FMDB1449 | FMDB1450 | FMDB1451 | FMDB1452 | FMDB1453 | FMDB1454 | FMDB1455 | FMDB1456 | FMDB1457 | FMDB1458 | FMDB1459 | FMDB1460 | FMDB1461 | FMDB1462 | FMDB1463 | FMDB1849 | FMDB912 | FMDB920 | FMDB928 | FMDB936,fermfoodb_ace_000310 | fermfoodb_ace_000318 | fermfoodb_ace_000326 | fermfoodb_ace_000334 | fermfoodb_ace_000579 | fermfoodb_ace_000580 | fermfoodb_ace_000581 | fermfoodb_ace_000582 | fermfoodb_ace_000583 | fermfoodb_ace_000650 | fermfoodb_ace_000651 | fermfoodb_ace_000652 | fermfoodb_ace_000653 | fermfoodb_ace_000654 | fermfoodb_ace_000655 | fermfoodb_ace_000656 | fermfoodb_ace_000657 | fermfoodb_ace_000658 | fermfoodb_ace_000659 | fermfoodb_ace_000660 | fermfoodb_ace_000661 | fermfoodb_ace_000662 | fermfoodb_ace_000663 | fermfoodb_ace_000664 | fermfoodb_ace_000728,Ace-inhibitory,Casein ( proMilk 85) | Reconstituted skim Milk (10% wt/wt) | Skimmed Milk,β-Casein,Debaryomyces hansenii DH1 | E. faecalis 3Er1 | E. faecalis BCS27 | E. faecalis BCS53 | E. faecalis CECT184 | E. faecalis CGV67 | E. faecalis DBH18 | E. faecalis H10 | E. faecalis LG101 | E. faecalis P4 | E. faecalis QA12 | E. faecalis QA127 | E. faecalis QA21 | E. faecalis QA53 | E. faecalis QF386 | E. faecalis QM38 | E. faecalis SDM37 | E. faecalis SDP10 | E. faecalis SMF54. | Enterococcus faecalis CECT 5727 | Enterococcus faecalis CECT 5728 | Enterococcus faecalis CECT 5826 | Enterococcus faecalis CECT 5827,cell-envelope proteinase,In vitro | In vitro and In vivo,SHR | spontaneously Hypertensive Rats,Ace inhibitory assay by using fluorescence substrate o-aminobenzoylglycyl-p-nitro-L-phenylalanyl-L-proline | Fluorescent assay using o-aminobenzoyl-Gly-p-nitro-Phe-Pro as substarte | Spectrophotometric assay using hippuryl-L-histidyl-L-leucine substrate,HPLC-MS | RP-HPLC-MS/MS | RP-HPLC–MS/MS,23845432,Dairy Debaryomyces hansenii strains produce the antihypertensive Casein-derived peptides LHLPLP and HLPLP | Identification of novel antihypertensive peptides in Milk fermented with Enterococcus faecalis,exact_molar | rescued_numeric_no_unit,=,5.5,425.0,37.564,24.3,77.27272727272727,conflicting,spread_ratio=77.2727,,
LKPDNR,6,1,FMDB779,fermfoodb_ace_000195,Ace-inhibitory,soy protein+glucose,Glycinin g2,Bacillus sp.,proteinase,In vivo,Spontaneously Hypertensive Rats,ACE In hibitory activity using FAPGG as the substrate,MALDI-TOF/TOF MS,11410005,,exact_molar,=,120.80000000000001,120.80000000000001,120.80000000000001,120.80000000000001,1.0,singleton,only_one_record_in_fermfoodb,,
LVYPFP,6,2,FMDB102 | FMDB377,fermfoodb_ace_000021 | fermfoodb_ace_000178,Ace-inhibitory,Skimmed Milk | probiotic femented Milk,β-Casein,Bifidobacterium bifidum MF 20/5 | Bifidobacterium. bifidum MF20/5,proteases | proteinase and peptidase,In vitro,,spectrophotometeric assay using HHL as substrate,LC-MS | LCMS,24135669,,exact_molar,=,132.0,132.0,132.0,132.0,1.0,within_range_consistent,spread_ratio=1.0000,,
RLSFNP,6,1,FMDB204,fermfoodb_ace_000034,Ace-inhibitory,Whey protein,Bovine Beta lactoglobulin,Lb. helveticus LB10,proteinase and peptidase,In vitro,,Spectrophotometric asay using HHL as substrate,RPHLC &triple-quadruple mas spectrometer ESI-MS/MS,,Optimization of sour Milk fermentation for the production of ACE-inhibitory peptides and purification of a novel peptide from Whey protein hydrolysate,exact_molar,=,177.39,177.39,177.39,177.39,1.0,singleton,only_one_record_in_fermfoodb,,
RPKHPI,6,4,FMDB2071 | FMDB864 | FMDB871 | FMDB878,fermfoodb_ace_000269 | fermfoodb_ace_000276 | fermfoodb_ace_000283 | fermfoodb_ace_000825,Ace-inhibitory,WSE of Cheddar cheese | sheep Milk sodium Caseinate,αS1-Casein,L. lactis subsp. lactis and L. lactis subsp. Cremoris | L. lactis subsp. lactis and L. lactis subsp. Cremoris and Lb. casei 279 | L. lactis subsp. lactis and L. lactis subsp. Cremoris and Lb. casei LAFTI® L26. | Proteinase of L.helveticus PR4,proteinase | proteinase and peptidases,In vitro,,Spectrophotometric assay using HHL and furanacryloyl-Phe-Gly-Gly as substate | Spectrophotometric assay using hippuryl-L-histidyl-L-leucine substrate,MALDITOF-MS | RPHPLC; Edman degradation method using protein sequencer and MALDI-TOF-MS,12957917,Angiotensin converting enzyme-inhibitory activity in Cheddar cheeses made with the addition of probiotic Lactobacillus casei sp.,exact_molar,=,160.93185165350116,335.39039441910387,251.52891139741072,254.89669975851893,2.084052292775613,within_range_consistent,spread_ratio=2.0841,,
TVDQHQ,6,1,FMDB2077,fermfoodb_ace_000831,Ace-inhibitory,goat Milk sodium Caseinate,αS2-Casein,Proteinase of L.helveticus PR4,proteinase,In vitro,,Spectrophotometric assay using HHL and furanacryloyl-Phe-Gly-Gly as substate,MALDITOF-MS,12957917,,exact_molar,=,289.4147085916984,289.4147085916984,289.4147085916984,289.4147085916984,1.0,singleton,only_one_record_in_fermfoodb,,
VLSRYP,6,1,FMDB1290,fermfoodb_ace_000558,Ace-inhibitory,Fermented Milk (reconstituted skim Milk),k-Casein,Kluyveromyces marxianus Z17,proteinase and peptidase,In vitro,,Ace inhibitory assay By HPLC,MALDI/TOF-TOF MS/MS,,Purification and identification of novel peptides with inhibitory effect against angiotensin I-converting enzyme and optimization of process conditions in Milk fermented with the yeast Kluyveromyces marxianus,exact_molar,=,36.7,36.7,36.7,36.7,1.0,singleton,only_one_record_in_fermfoodb,,
VVVPPF,6,6,FMDB1405 | FMDB1406 | FMDB919 | FMDB927 | FMDB935 | FMDB943,fermfoodb_ace_000317 | fermfoodb_ace_000325 | fermfoodb_ace_000333 | fermfoodb_ace_000341 | fermfoodb_ace_000636 | fermfoodb_ace_000637,Ace-inhibitory,Reconstituted skim Milk (10% wt/wt) | Skimmed Milk,β-Casein,E. faecalis BCS27 | E. faecalis CGV67 | Enterococcus faecalis CECT 5727 | Enterococcus faecalis CECT 5728 | Enterococcus faecalis CECT 5826 | Enterococcus faecalis CECT 5827,,In vitro | In vitro and In vivo,spontaneously Hypertensive Rats,Ace inhibitory assay by using fluorescence substrate o-aminobenzoylglycyl-p-nitro-L-phenylalanyl-L-proline | Spectrophotometric assay using hippuryl-L-histidyl-L-leucine substrate,HPLC-MS | RP-HPLC–MS/MS,23845432,Identification of novel antihypertensive peptides in Milk fermented with Enterococcus faecalis,molar_threshold | rescued_numeric_no_unit,= | >,24.9,1500.0,1008.8833333333333,1500.0,60.24096385542169,conflicting,spread_ratio=60.2410,,
YPSYGL,6,2,FMDB351 | FMDB371,fermfoodb_ace_000152 | fermfoodb_ace_000172,Ace-inhibitory,Reconstituted Non fat dryMilk/ WSEof Fermented Milk,k-Casein | β-Casein,Lc. lactis NRRL B-50571 | Lc. lactis NRRL B-50572,proteinase and peptidase,In vitro,,spectrophotometeric assay using HHL as substrate,LC-ESI-MS,22901481,,exact_molar,=,0.05868880618379617,0.10878900658459777,0.08373890638419697,0.08373890638419697,1.8536585365853657,within_range_consistent,spread_ratio=1.8537,,
YQQPVL,6,1,FMDB795,fermfoodb_ace_000211,Ace-inhibitory,skim Milk Yogurt,β-Casein,"L. delbrueckii ssp. bulgaricus Lb1466 and S. thermophilus St1342 and L. acidophilus L10, L. casei L26 and B. lactis B96",proteinase and peptidase,In vitro,,Spectrophotometric assay using HHL as substate,RPHPLC and automated Edman degradation on Applied Biosystem Procise protein/peptide sequencer,25829629,,exact_molar,=,8.159204651984599,8.159204651984599,8.159204651984599,8.159204651984599,1.0,singleton,only_one_record_in_fermfoodb,,
KTTMPLW,7,1,FMDB961,fermfoodb_ace_000359,Ace-inhibitory;Immunomodulatory,WSE of commercial fermented Milk spain,αS1-Casein,,,In vitro,,Spectrophotometric assay using hippuryl-L-histidyl-L-leucine substrate,RP-HPLC– tandem mass spectrometry (MS/MS),,Identification of antioxidant and ACE-inhibitory peptides in fermented Milk,exact_molar,=,51.0,51.0,51.0,51.0,1.0,singleton,only_one_record_in_fermfoodb,,
KVLPVPQ,7,1,FMDB969,fermfoodb_ace_000367,Ace-inhibitory;Antioxidant,WSE of commercial fermented Milk spain,β-Casein,,,In vitro,,Spectrophotometric assay using hippuryl-L-histidyl-L-leucine substrate,RP-HPLC– tandem mass spectrometry (MS/MS),,Identification of antioxidant and ACE-inhibitory peptides in fermented Milk,exact_molar,=,39.0,39.0,39.0,39.0,1.0,singleton,only_one_record_in_fermfoodb,,
LHLPLPL,7,11,FMDB1366 | FMDB1367 | FMDB1502 | FMDB1503 | FMDB1504 | FMDB1505 | FMDB1506 | FMDB913 | FMDB921 | FMDB929 | FMDB937,fermfoodb_ace_000311 | fermfoodb_ace_000319 | fermfoodb_ace_000327 | fermfoodb_ace_000335 | fermfoodb_ace_000600 | fermfoodb_ace_000601 | fermfoodb_ace_000666 | fermfoodb_ace_000667 | fermfoodb_ace_000668 | fermfoodb_ace_000669 | fermfoodb_ace_000670,Ace-inhibitory,Reconstituted skim Milk (10% wt/wt) | Skimmed Milk,β-Casein,E. faecalis BCS27 | E. faecalis CGV67 | E. faecalis DBH18 | E. faecalis QA53 | E. faecalis SDM37 | E. faecalis SDP10 | E. faecalis SMF54. | Enterococcus faecalis CECT 5727 | Enterococcus faecalis CECT 5728 | Enterococcus faecalis CECT 5826 | Enterococcus faecalis CECT 5827,,In vitro | In vitro and In vivo,SHR | spontaneously Hypertensive Rats,Ace inhibitory assay by using fluorescence substrate o-aminobenzoylglycyl-p-nitro-L-phenylalanyl-L-proline | Spectrophotometric assay using hippuryl-L-histidyl-L-leucine substrate,HPLC-MS | RP-HPLC–MS/MS,23845432,Identification of novel antihypertensive peptides in Milk fermented with Enterococcus faecalis,exact_molar | rescued_numeric_no_unit,=,24.3,425.0,171.86363636363637,28.4,17.48971193415638,conflicting,spread_ratio=17.4897,,
RPKHPIK,7,3,FMDB863 | FMDB870 | FMDB877,fermfoodb_ace_000268 | fermfoodb_ace_000275 | fermfoodb_ace_000282,Ace-inhibitory,WSE of Cheddar cheese,αS1-Casein,L. lactis subsp. lactis and L. lactis subsp. Cremoris | L. lactis subsp. lactis and L. lactis subsp. Cremoris and Lb. casei 279 | L. lactis subsp. lactis and L. lactis subsp. Cremoris and Lb. casei LAFTI® L26.,proteinase and peptidases,In vitro,,Spectrophotometric assay using hippuryl-L-histidyl-L-leucine substrate,RPHPLC; Edman degradation method using protein sequencer and MALDI-TOF-MS,,Angiotensin converting enzyme-inhibitory activity in Cheddar cheeses made with the addition of probiotic Lactobacillus casei sp.,exact_molar,=,205.24515393386545,285.06271379703537,239.4526795895097,228.0501710376283,1.388888888888889,within_range_consistent,spread_ratio=1.3889,,
VPPFLQP,7,1,FMDB966,fermfoodb_ace_000364,Ace-inhibitory,WSE of commercial fermented Milk spain,β-Casein,,,In vitro,,Spectrophotometric assay using hippuryl-L-histidyl-L-leucine substrate,RP-HPLC– tandem mass spectrometry (MS/MS),,Identification of antioxidant and ACE-inhibitory peptides in fermented Milk,exact_molar,=,749.0,749.0,749.0,749.0,1.0,singleton,only_one_record_in_fermfoodb,,
DKIHPFAQ,8,1,FMDB780,fermfoodb_ace_000196,Ace-inhibitory,sheep Milk Yogurt,β-Casein,L. delbrueckii subsp. bulgaricus γ10.13 and S. thermophillus γ10.7 and L. paracasei subsp. paracasei DC412,proteinase,In vitro,,ACE In hibitory activity using HHL as the substrate,"RPHPLC and automated, pulsed liquid-phase protein-peptide sequencer",,Identification of peptides in traditional and probiotic sheep Milk Yogurt with angiotensin I-converting enzyme (ACE)-inhibitory activity,exact_molar,=,257.0,257.0,257.0,257.0,1.0,singleton,only_one_record_in_fermfoodb,,
IPRPRPRP,8,1,FMDB776,fermfoodb_ace_000192,Ace-inhibitory,soy protein+glucose,Glycinin,Bacillus sp.,proteinase,In vivo,Spontaneously Hypertensive Rats,ACE In hibitory activity using FAPGG as the substrate,MALDI-TOF/TOF MS,11410002,,exact_molar,=,7.2,7.2,7.2,7.2,1.0,singleton,only_one_record_in_fermfoodb,,
LAIPVNKP,8,1,FMDB858,fermfoodb_ace_000263,Ace-inhibitory,soybean proteins,b-conGlycinin,100 units acid proteinase from M. purpureus No. 3403,proteinase,In vitro,,Spectrophotometric assay using pig pulmonary ACE and hippuryl-L-histidyl-L-leucine substrate,RPHLC and automated Edman degradation with a gas/liquid-phase protein sequencer,,Production of angiotensin I-converting enzyme inhibitory peptides from soybean protein with Monascus purpureus acid proteinase,exact_molar,=,70.0,70.0,70.0,70.0,1.0,singleton,only_one_record_in_fermfoodb,,
LVYPFPGP,8,1,FMDB2076,fermfoodb_ace_000830,Ace-inhibitory,goat Milk sodium Caseinate,β-Casein,Proteinase of L.helveticus PR4,proteinase,In vitro,,Spectrophotometric assay using HHL and furanacryloyl-Phe-Gly-Gly as substate,MALDITOF-MS,12957917,,exact_molar,=,165.79062883383796,165.79062883383796,165.79062883383796,165.79062883383796,1.0,singleton,only_one_record_in_fermfoodb,,
RPKHPIKH,8,1,FMDB784,fermfoodb_ace_000200,Ace-inhibitory,sheep Milk Yogurt,αS1-Casein,L. delbrueckii subsp. bulgaricus γ10.13 and S. thermophillus γ10.7 and L. paracasei subsp. paracasei DC412,proteinase,In vitro,,ACE In hibitory activity using HHL as the substrate,"RPHPLC and automated, pulsed liquid-phase protein-peptide sequencer",,Identification of peptides in traditional and probiotic sheep Milk Yogurt with angiotensin I-converting enzyme (ACE)-inhibitory activity,exact_molar,=,40.3,40.3,40.3,40.3,1.0,singleton,only_one_record_in_fermfoodb,,
TQTPVVVP,8,1,FMDB781,fermfoodb_ace_000197,Ace-inhibitory,sheep Milk Yogurt,β-Casein,L. delbrueckii subsp. bulgaricus γ10.13 and S. thermophillus γ10.7 and L. paracasei subsp. paracasei DC412,proteinase,In vitro,,ACE In hibitory activity using HHL as the substrate,"RPHPLC and automated, pulsed liquid-phase protein-peptide sequencer",,Identification of peptides in traditional and probiotic sheep Milk Yogurt with angiotensin I-converting enzyme (ACE)-inhibitory activity,exact_molar,=,173.0,173.0,173.0,173.0,1.0,singleton,only_one_record_in_fermfoodb,,
YDTQAIVQ,8,1,FMDB353,fermfoodb_ace_000154,Ace-inhibitory,Reconstituted Non fat dryMilk/ WSEof Fermented Milk,α-LA,Lc. lactis NRRL B-50571,proteinase and peptidase,In vitro,,spectrophotometeric assay using HHL as substrate,LC-ESI-MS,22901481,,exact_molar,=,0.07338032248720672,0.07338032248720672,0.07338032248720672,0.07338032248720672,1.0,singleton,only_one_record_in_fermfoodb,,
YPVEPFTE,8,1,FMDB788,fermfoodb_ace_000204,Ace-inhibitory,sheep Milk Yogurt,β-Casein,L. delbrueckii subsp. bulgaricus γ10.13 and S. thermophillus γ10.7 and L. paracasei subsp. paracasei DC412,proteinase,In vitro,,ACE In hibitory activity using HHL as the substrate,"RPHPLC and automated, pulsed liquid-phase protein-peptide sequencer",,Identification of peptides in traditional and probiotic sheep Milk Yogurt with angiotensin I-converting enzyme (ACE)-inhibitory activity,exact_molar,=,377.3780849753249,377.3780849753249,377.3780849753249,377.3780849753249,1.0,singleton,only_one_record_in_fermfoodb,,
AIPPKKNQD,9,1,FMDB203,fermfoodb_ace_000033,Ace-inhibitory,Skimmed Milk,k-Casein,Lactobacillus helveticus 130B4,,In vitro,,Spectrophotometric assay using HHL as substate,LC-ESI-MS/MS,,"Heat treatment resulted in an increase in oral viscosity Angiotensin Iconverting enzyme inhibitory peptides in skim Milk fermented with Lactobacillus helveticus 130B4 from camel Milk in Inner Mongolia, China",exact_molar,=,19.9,19.9,19.9,19.9,1.0,singleton,only_one_record_in_fermfoodb,,
FVAPFPEVF,9,3,FMDB866 | FMDB873 | FMDB880,fermfoodb_ace_000271 | fermfoodb_ace_000278 | fermfoodb_ace_000285,Ace-inhibitory,WSE of Cheddar cheese,αS1-Casein,L. lactis subsp. lactis and L. lactis subsp. Cremoris | L. lactis subsp. lactis and L. lactis subsp. Cremoris and Lb. casei 279 | L. lactis subsp. lactis and L. lactis subsp. Cremoris and Lb. casei LAFTI® L26.,proteinase and peptidases,In vitro,,Spectrophotometric assay using hippuryl-L-histidyl-L-leucine substrate,RPHPLC; Edman degradation method using protein sequencer and MALDI-TOF-MS,,Angiotensin converting enzyme-inhibitory activity in Cheddar cheeses made with the addition of probiotic Lactobacillus casei sp.,exact_molar,=,85.4457419538593,113.92765593847908,101.26902750087028,104.43368461027248,1.3333333333333335,within_range_consistent,spread_ratio=1.3333,,
KIHPFAQAQ,9,1,FMDB802,fermfoodb_ace_000216,Ace-inhibitory,caprine kefir,β-Casein,"Lactococcus lactis, lactococcus cremoris, Lactococcus biovar. Diacetylactis, leuconostoc meenterides ssp. Cremoris, lacobacillus plantarum, lactobacillus casei, and the Kluveromyces marxianus var. fragilis",proteinase and peptidase,In vitro,,Spectrophotometric assay using HHL as substate,on line RP-HPLC-tandem Mass spectrometery,16162521,,exact_molar,=,132.6,132.6,132.6,132.6,1.0,singleton,only_one_record_in_fermfoodb,,
KKYKVPQLE,9,3,FMDB867 | FMDB874 | FMDB881,fermfoodb_ace_000272 | fermfoodb_ace_000279 | fermfoodb_ace_000286,Ace-inhibitory,WSE of Cheddar cheese,αS1-Casein,L. lactis subsp. lactis and L. lactis subsp. Cremoris | L. lactis subsp. lactis and L. lactis subsp. Cremoris and Lb. casei 279 | L. lactis subsp. lactis and L. lactis subsp. Cremoris and Lb. casei LAFTI® L26.,proteinase and peptidases,In vitro,,Spectrophotometric assay using hippuryl-L-histidyl-L-leucine substrate,RPHPLC; Edman degradation method using protein sequencer and MALDI-TOF-MS,,Angiotensin converting enzyme-inhibitory activity in Cheddar cheeses made with the addition of probiotic Lactobacillus casei sp.,exact_molar,=,79.47721653126104,105.96962204168138,94.19521959260567,97.13882020487459,1.3333333333333333,within_range_consistent,spread_ratio=1.3333,,
LDDDLTDDI,9,1,FMDB350,fermfoodb_ace_000151,Ace-inhibitory,Reconstituted Non fat dryMilk/ WSEof Fermented Milk,α-LA,Lc. lactis NRRL B-50571,proteinase and peptidase,In vitro,,spectrophotometeric assay using HHL as substrate,LC-ESI-MS,22901481,,exact_molar,=,0.07358636715724245,0.07358636715724245,0.07358636715724245,0.07358636715724245,1.0,singleton,only_one_record_in_fermfoodb,,
LNVPGEIVE,9,1,FMDB64,fermfoodb_ace_000008,Ace-inhibitory,UHT skim Milk,β-Casein,Lactobacillus delbrueckii subsp. bulgaricus SS1,proteinase and peptidase,In vitro,,,FABMS,10966406,,exact_molar,=,300.1,300.1,300.1,300.1,1.0,singleton,only_one_record_in_fermfoodb,,
LVYPFPGPI,9,1,FMDB2078,fermfoodb_ace_000832,Ace-inhibitory,Buffalo Milk sodium Caseinate,β-Casein,Proteinase of L.helveticus PR4,proteinase,In vitro,,Spectrophotometric assay using HHL and furanacryloyl-Phe-Gly-Gly as substate,MALDITOF-MS,12957917,,exact_molar,=,112.35955056179775,112.35955056179775,112.35955056179775,112.35955056179775,1.0,singleton,only_one_record_in_fermfoodb,,
NLHLPLPLL,9,1,FMDB2168,fermfoodb_ace_000842,Ace-inhibitory,sodium Caseinate,β-Casein,Lactobacillus (Lb.) helveticus NCC 2765,,In vitro,,spectrophotometric method using FAPGG as substrate,ESI-MS/ MS,15537298,,exact_molar,=,15.0,15.0,15.0,15.0,1.0,singleton,only_one_record_in_fermfoodb,,
RPKHPIKHQ,9,3,FMDB862 | FMDB869 | FMDB876,fermfoodb_ace_000267 | fermfoodb_ace_000274 | fermfoodb_ace_000281,Ace-inhibitory,WSE of Cheddar cheese,αS1-Casein,L. lactis subsp. lactis and L. lactis subsp. Cremoris | L. lactis subsp. lactis and L. lactis subsp. Cremoris and Lb. casei 279 | L. lactis subsp. lactis and L. lactis subsp. Cremoris and Lb. casei LAFTI® L26.,proteinase and peptidases,In vitro,,Spectrophotometric assay using hippuryl-L-histidyl-L-leucine substrate,RPHPLC; Edman degradation method using protein sequencer and MALDI-TOF-MS,,Angiotensin converting enzyme-inhibitory activity in Cheddar cheeses made with the addition of probiotic Lactobacillus casei sp.,exact_molar,=,157.79784342947312,219.16367142982378,184.09748400105198,175.33093714385905,1.3888888888888888,within_range_consistent,spread_ratio=1.3889,,
TVQVTSTAV,9,2,FMDB367 | FMDB373,fermfoodb_ace_000168 | fermfoodb_ace_000174,Ace-inhibitory,Reconstituted Non fat dryMilk/ WSEof Fermented Milk,k-Casein,Lc. lactis NRRL B-50571 | Lc. lactis NRRL B-50572,proteinase and peptidase,In vitro,,spectrophotometeric assay using HHL as substrate,LC-ESI-MS,22901481,,exact_molar,=,0.03759398496240601,0.09289980092899801,0.06524689294570202,0.06524689294570202,2.471134704711347,within_range_consistent,spread_ratio=2.4711,,
VAPSRPTPR,9,1,FMDB1002,fermfoodb_ace_000389,Ace-inhibitory,wholemeal wheat flour sourdough,gliadin,"Lactobacillus alimentarius 15M, Lactobacillus breVis 14G, Lactobacillus sanfranciscensis 7A, and Lactobacillus hilgardii 51B Lb. sanfranciscensis LS3, LS10, LS19, LS23, LS38, and LS47and Lc. lactis subsp. lactis PU1",,In vitro,,Spectrophotometric assay using HHL as substrate,nanoLC-ESI-MS/MS,18627167,,exact_molar,=,497.90354944375883,497.90354944375883,497.90354944375883,497.90354944375883,1.0,singleton,only_one_record_in_fermfoodb,,
VIGSPPEIN,9,1,FMDB72,fermfoodb_ace_000016,Ace-inhibitory,UHT skim Milk,k-Casein,Lactococcus lactis subsp. cremoris FT4,proteinase and peptidase,In vitro,,,FABMS,10966406,,molar_threshold,>,1000.0,1000.0,1000.0,1000.0,1.0,singleton,only_one_record_in_fermfoodb,,
VRGPFPIIV,9,23,FMDB1373 | FMDB1374 | FMDB1375 | FMDB1376 | FMDB1524 | FMDB1525 | FMDB1526 | FMDB1527 | FMDB1528 | FMDB1529 | FMDB1530 | FMDB1531 | FMDB1532 | FMDB1533 | FMDB1534 | FMDB1535 | FMDB1536 | FMDB1537 | FMDB1538 | FMDB916 | FMDB924 | FMDB932 | FMDB940,fermfoodb_ace_000314 | fermfoodb_ace_000322 | fermfoodb_ace_000330 | fermfoodb_ace_000338 | fermfoodb_ace_000607 | fermfoodb_ace_000608 | fermfoodb_ace_000609 | fermfoodb_ace_000610 | fermfoodb_ace_000673 | fermfoodb_ace_000674 | fermfoodb_ace_000675 | fermfoodb_ace_000676 | fermfoodb_ace_000677 | fermfoodb_ace_000678 | fermfoodb_ace_000679 | fermfoodb_ace_000680 | fermfoodb_ace_000681 | fermfoodb_ace_000682 | fermfoodb_ace_000683 | fermfoodb_ace_000684 | fermfoodb_ace_000685 | fermfoodb_ace_000686 | fermfoodb_ace_000687,Ace-inhibitory,Reconstituted skim Milk (10% wt/wt) | Skimmed Milk,β-Casein,E. faecalis BCS27 | E. faecalis BCS53 | E. faecalis CECT184 | E. faecalis CGV67 | E. faecalis DBH18 | E. faecalis H10 | E. faecalis LG101 | E. faecalis P4 | E. faecalis QA12 | E. faecalis QA127 | E. faecalis QA21 | E. faecalis QA53 | E. faecalis QF386 | E. faecalis QM38 | E. faecalis SDM37 | E. faecalis SDP10 | E. faecalis SMF54. | Enterococcus faecalis CECT 5727 | Enterococcus faecalis CECT 5728 | Enterococcus faecalis CECT 5826 | Enterococcus faecalis CECT 5827,,In vitro | In vitro and In vivo,spontaneously Hypertensive Rats,Ace inhibitory assay by using fluorescence substrate o-aminobenzoylglycyl-p-nitro-L-phenylalanyl-L-proline | Spectrophotometric assay using hippuryl-L-histidyl-L-leucine substrate,HPLC-MS | RP-HPLC–MS/MS,23845432,Identification of novel antihypertensive peptides in Milk fermented with Enterococcus faecalis,exact_molar | rescued_numeric_no_unit,=,16.1,599.0,123.9,25.1,37.20496894409938,conflicting,spread_ratio=37.2050,,
ELEIVMASPP,10,1,FMDB998,fermfoodb_ace_000385,Ace-inhibitory,wholemeal wheat flour sourdough,gliadin,"Lactobacillus alimentarius 15M, Lactobacillus breVis 14G, Lactobacillus sanfranciscensis 7A, and Lactobacillus hilgardii 51B Lb. sanfranciscensis LS3, LS10, LS19, LS23, LS38, and LS49",,In vitro,,Spectrophotometric assay using HHL as substrate,nanoLC-ESI-MS/MS,18627167,,exact_molar,=,175.18828591539662,175.18828591539662,175.18828591539662,175.18828591539662,1.0,singleton,only_one_record_in_fermfoodb,,
EVLNENLLRF,10,2,FMDB340 | FMDB346,fermfoodb_ace_000141 | fermfoodb_ace_000147,Ace-inhibitory,mexican frescocheese WSE,αS1-Casein,Enterococcus faecium | Lactobacillus casei,proteinase and peptidase,In vitro,,spectrophotometeric assay using HHL as substrate,LC-ESI-MS,21787916,,exact_molar,=,4.285182969227535,8.345235993644783,6.31520948143616,6.31520948143616,1.9474631663508943,within_range_consistent,spread_ratio=1.9475,,
EVMAGNLYPG,10,1,FMDB2177,fermfoodb_ace_000851,Ace-inhibitory,fermented blue mussel sauce,,,,In vivo,Spontaneously Hypertensive Rats,,LC-MS/MS,15978996,"Angiotensin I converting enzyme (ACE) inhibitory peptide derived from the sauce of fermented blue mussel, Mytilus edulis",exact_molar,=,18.42808334707658,18.42808334707658,18.42808334707658,18.42808334707658,1.0,singleton,only_one_record_in_fermfoodb,,
KGKDKHCQRP,10,1,FMDB2182,fermfoodb_ace_000854,Ace-inhibitory,Natto,Glycinin,B.subtilis ATCC 21332,,In vitro,,,,,Production and characterization of bioactive peptides from soy hydrolysate and soy-fermented food.,exact_molar,=,7.35,7.35,7.35,7.35,1.0,singleton,only_one_record_in_fermfoodb,,
MPFPKYPVEP,10,1,FMDB1049,fermfoodb_ace_000428,Ace-inhibitory,Bovine sodium Caseinate,β-Casein,Lactobacillus animalis DPC6134,,In vitro,,Spectrophotometric assay using HHL as substrate,HCT-ion trap mass spectrometry,17483275,,exact_molar,=,83.0,83.0,83.0,83.0,1.0,singleton,only_one_record_in_fermfoodb,,
NIPPLTQTPV,10,2,FMDB65 | FMDB965,fermfoodb_ace_000009 | fermfoodb_ace_000363,Ace-inhibitory,UHT skim Milk | WSE of commercial fermented Milk spain,β-Casein,Lactobacillus delbrueckii subsp. bulgaricus SS1,proteinase and peptidase,In vitro,,Spectrophotometric assay using hippuryl-L-histidyl-L-leucine substrate,FABMS | RP-HPLC– tandem mass spectrometry (MS/MS),10966406,Identification of antioxidant and ACE-inhibitory peptides in fermented Milk,exact_molar,=,173.3,173.3,173.3,173.3,1.0,within_range_consistent,spread_ratio=1.0000,,
PVAPLPRKGS,10,1,FMDB1007,fermfoodb_ace_000394,Ace-inhibitory,wholemeal wheat flour sourdough,gliadin,"Lactobacillus alimentarius 15M, Lactobacillus breVis 14G, Lactobacillus sanfranciscensis 7A, and Lactobacillus hilgardii 51B Lb. sanfranciscensis LS3, LS10, LS19, LS23, LS38, and LS47and Lc. lactis subsp. lactis PU1",,In vitro,,Spectrophotometric assay using HHL as substrate,nanoLC-ESI-MS/MS,18627167,,exact_molar,=,440.91365147049606,440.91365147049606,440.91365147049606,440.91365147049606,1.0,singleton,only_one_record_in_fermfoodb,,
QARQIKNNNP,10,1,FMDB2184,fermfoodb_ace_000855,Ace-inhibitory,Natto,Glycinin,B.subtilis ATCC 21332,,In vitro,,,,,Production and characterization of bioactive peptides from soy hydrolysate and soy-fermented food.,exact_molar,=,14.2,14.2,14.2,14.2,1.0,singleton,only_one_record_in_fermfoodb,,
SQSKVLPVPQ,10,1,FMDB1058,fermfoodb_ace_000437,Ace-inhibitory,Bovine sodium Caseinate,β-Casein,Lactobacillus animalis DPC6134,,In vitro,,Spectrophotometric assay using HHL as substrate,HCT-ion trap mass spectrometry,17483275,,exact_molar,=,92.0,92.0,92.0,92.0,1.0,singleton,only_one_record_in_fermfoodb,,
VAPFPGVFGK,10,1,FMDB971,fermfoodb_ace_000369,Ace-inhibitory,WSE of commercial fermented Milk spain,αS1-Casein,,,In vitro,,Spectrophotometric assay using hippuryl-L-histidyl-L-leucine substrate,RP-HPLC– tandem mass spectrometry (MS/MS),,Identification of antioxidant and ACE-inhibitory peptides in fermented Milk,exact_molar,=,140.0,140.0,140.0,140.0,1.0,singleton,only_one_record_in_fermfoodb,,
VLGPVRGPFP,10,6,FMDB1377 | FMDB1539 | FMDB915 | FMDB923 | FMDB931 | FMDB939,fermfoodb_ace_000313 | fermfoodb_ace_000321 | fermfoodb_ace_000329 | fermfoodb_ace_000337 | fermfoodb_ace_000611 | fermfoodb_ace_000688,Ace-inhibitory,Reconstituted skim Milk (10% wt/wt) | Skimmed Milk,β-Casein,E. faecalis CGV67 | E. faecalis QA53 | Enterococcus faecalis CECT 5727 | Enterococcus faecalis CECT 5728 | Enterococcus faecalis CECT 5826 | Enterococcus faecalis CECT 5827,,In vitro | In vitro and In vivo,spontaneously Hypertensive Rats,Ace inhibitory assay by using fluorescence substrate o-aminobenzoylglycyl-p-nitro-L-phenylalanyl-L-proline | Spectrophotometric assay using hippuryl-L-histidyl-L-leucine substrate,HPLC-MS | RP-HPLC–MS/MS,23845432,Identification of novel antihypertensive peptides in Milk fermented with Enterococcus faecalis,exact_molar | rescued_numeric_no_unit,=,24.9,137.0,101.18333333333334,137.0,5.502008032128514,within_range_consistent,spread_ratio=5.5020,,
DDDLTDDIMCV,11,1,FMDB354,fermfoodb_ace_000155,Ace-inhibitory,Reconstituted Non fat dryMilk/ WSEof Fermented Milk,α-LA,Lc. lactis NRRL B-50571,proteinase and peptidase,In vitro,,spectrophotometeric assay using HHL as substrate,LC-ESI-MS,22901481,,exact_molar,=,0.05480242284395731,0.05480242284395731,0.05480242284395731,0.05480242284395731,1.0,singleton,only_one_record_in_fermfoodb,,
EPVLGVRGPFP,11,1,FMDB1052,fermfoodb_ace_000431,Ace-inhibitory,Bovine sodium Caseinate,β-Casein,Lactobacillus animalis DPC6134,,In vitro,,Spectrophotometric assay using HHL as substrate,HCT-ion trap mass spectrometry,17483275,,exact_molar,=,790.0,790.0,790.0,790.0,1.0,singleton,only_one_record_in_fermfoodb,,
FVAPFPEVFGK,11,2,FMDB341 | FMDB345,fermfoodb_ace_000142 | fermfoodb_ace_000146,Ace-inhibitory,mexican frescocheese WSE,αS1-Casein,Enterococcus faecium | Lactobacillus casei,proteinase and peptidase,In vitro,,spectrophotometeric assay using HHL as substrate,LC-ESI-MS,21787916,,exact_molar,=,4.254089544571621,8.408117066860699,6.3311033057161605,6.3311033057161605,1.9764786280979378,within_range_consistent,spread_ratio=1.9765,,
GQTSSPDIYNP,11,1,FMDB2180,fermfoodb_ace_000853,Ace-inhibitory,Natto,Glycinin,B.subtilis ATCC 21332,,In vitro,,,,,Production and characterization of bioactive peptides from soy hydrolysate and soy-fermented food.,exact_molar,=,40.0,40.0,40.0,40.0,1.0,singleton,only_one_record_in_fermfoodb,,
LTQTPVVVPPF,11,7,FMDB1378 | FMDB1379 | FMDB1380 | FMDB918 | FMDB926 | FMDB934 | FMDB942,fermfoodb_ace_000316 | fermfoodb_ace_000324 | fermfoodb_ace_000332 | fermfoodb_ace_000340 | fermfoodb_ace_000612 | fermfoodb_ace_000613 | fermfoodb_ace_000614,Ace-inhibitory,Reconstituted skim Milk (10% wt/wt) | Skimmed Milk,β-Casein,E. faecalis DBH18 | E. faecalis P4 | E. faecalis QA53 | Enterococcus faecalis CECT 5727 | Enterococcus faecalis CECT 5728 | Enterococcus faecalis CECT 5826 | Enterococcus faecalis CECT 5827,,In vitro | In vitro and In vivo,spontaneously Hypertensive Rats,Ace inhibitory assay by using fluorescence substrate o-aminobenzoylglycyl-p-nitro-L-phenylalanyl-L-proline | Spectrophotometric assay using hippuryl-L-histidyl-L-leucine substrate,HPLC-MS | RP-HPLC–MS/MS,23845432,Identification of novel antihypertensive peptides in Milk fermented with Enterococcus faecalis,molar_threshold | rescued_numeric_no_unit,= | >,24.3,1500.0,869.2,1500.0,61.72839506172839,conflicting,spread_ratio=61.7284,,
PRSGNVGESGL,11,1,FMDB1001,fermfoodb_ace_000388,Ace-inhibitory,wholemeal wheat flour sourdough,gliadin,"Lactobacillus alimentarius 15M, Lactobacillus breVis 14G, Lactobacillus sanfranciscensis 7A, and Lactobacillus hilgardii 51B Lb. sanfranciscensis LS3, LS10, LS19, LS23, LS38, and LS47and Lc. lactis subsp. lactis PU1",,In vitro,,Spectrophotometric assay using HHL as substrate,nanoLC-ESI-MS/MS,18627167,,exact_molar,=,469.6930555881732,469.6930555881732,469.6930555881732,469.6930555881732,1.0,singleton,only_one_record_in_fermfoodb,,
PVAPLQRSGPE,11,1,FMDB1000,fermfoodb_ace_000387,Ace-inhibitory,wholemeal wheat flour sourdough,gliadin,"Lactobacillus alimentarius 15M, Lactobacillus breVis 14G, Lactobacillus sanfranciscensis 7A, and Lactobacillus hilgardii 51B Lb. sanfranciscensis LS3, LS10, LS19, LS23, LS38, and LS47and Lc. lactis subsp. lactis PU1",,In vitro,,Spectrophotometric assay using HHL as substrate,nanoLC-ESI-MS/MS,18627167,,exact_molar,=,469.72279917906377,469.72279917906377,469.72279917906377,469.72279917906377,1.0,singleton,only_one_record_in_fermfoodb,,
PVAPQLSRGLL,11,1,FMDB997,fermfoodb_ace_000384,Ace-inhibitory,wholemeal wheat flour sourdough,gliadin,"Lactobacillus alimentarius 15M, Lactobacillus breVis 14G, Lactobacillus sanfranciscensis 7A, and Lactobacillus hilgardii 51B Lb. sanfranciscensis LS3, LS10, LS19, LS23, LS38, and LS48",,In vitro,,Spectrophotometric assay using HHL as substrate,nanoLC-ESI-MS/MS,18627167,,exact_molar,=,165.26237141065354,165.26237141065354,165.26237141065354,165.26237141065354,1.0,singleton,only_one_record_in_fermfoodb,,
QILLPRPGQAA,11,1,FMDB999,fermfoodb_ace_000386,Ace-inhibitory,wholemeal wheat flour sourdough,gliadin,"Lactobacillus alimentarius 15M, Lactobacillus breVis 14G, Lactobacillus sanfranciscensis 7A, and Lactobacillus hilgardii 51B Lb. sanfranciscensis LS3, LS10, LS19, LS23, LS38, and LS47and Lc. lactis subsp. lactis PU1",,In vitro,,Spectrophotometric assay using HHL as substrate,nanoLC-ESI-MS/MS,18627167,,exact_molar,=,163.41524794995573,163.41524794995573,163.41524794995573,163.41524794995573,1.0,singleton,only_one_record_in_fermfoodb,,
QPQQRGQSSRP,11,1,FMDB2178,fermfoodb_ace_000852,Ace-inhibitory,Natto,Glycinin,B.subtilis ATCC 21332,,In vitro,,,,,Production and characterization of bioactive peptides from soy hydrolysate and soy-fermented food.,exact_molar,=,0.2,0.2,0.2,0.2,1.0,singleton,only_one_record_in_fermfoodb,,
DPVAPLQRSGPE,12,1,FMDB1008,fermfoodb_ace_000395,Ace-inhibitory,wholemeal wheat flour sourdough,gliadin,"Lactobacillus alimentarius 15M, Lactobacillus breVis 14G, Lactobacillus sanfranciscensis 7A, and Lactobacillus hilgardii 51B Lb. sanfranciscensis LS3, LS10, LS19, LS23, LS38, and LS47and Lc. lactis subsp. lactis PU1",,In vitro,,Spectrophotometric assay using HHL as substrate,nanoLC-ESI-MS/MS,18627167,,exact_molar,=,440.9293772235089,440.9293772235089,440.9293772235089,440.9293772235089,1.0,singleton,only_one_record_in_fermfoodb,,
DVENLHLPLPLL,12,1,FMDB370,fermfoodb_ace_000171,Ace-inhibitory,Reconstituted Non fat dryMilk/ WSEof Fermented Milk,β-Casein,Lc. lactis NRRL B-50572,proteinase and peptidase,In vitro,,spectrophotometeric assay using HHL as substrate,LC-ESI-MS,22901481,,exact_molar,=,0.029893622450839572,0.029893622450839572,0.029893622450839572,0.029893622450839572,1.0,singleton,only_one_record_in_fermfoodb,,
IGSENSEKTTMP,12,1,FMDB1065,fermfoodb_ace_000444,Ace-inhibitory,Bovine sodium Caseinate,αS1-Casein,Lactobacillus animalis DPC6134,,In vitro,,Spectrophotometric assay using HHL as substrate,HCT-ion trap mass spectrometry,17483275,,exact_molar,=,773.1,773.1,773.1,773.1,1.0,singleton,only_one_record_in_fermfoodb,,
DPVAPLQRSGPEI,13,2,FMDB1005 | FMDB996,fermfoodb_ace_000383 | fermfoodb_ace_000392,Ace-inhibitory,wholemeal wheat flour sourdough,gliadin,"Lactobacillus alimentarius 15M, Lactobacillus breVis 14G, Lactobacillus sanfranciscensis 7A, and Lactobacillus hilgardii 51B Lb. sanfranciscensis LS3, LS10, LS19, LS23, LS38, and LS47and Lc. lactis subsp. lactis PU1",,In vitro,,Spectrophotometric assay using HHL as substrate,nanoLC-ESI-MS/MS,18627167,,exact_molar,=,165.2728367481891,391.43566598255313,278.3542513653711,278.3542513653711,2.368421052631579,within_range_consistent,spread_ratio=2.3684,,
HPHPHLSFMAIPP,13,1,FMDB352,fermfoodb_ace_000153,Ace-inhibitory,Reconstituted Non fat dryMilk/ WSEof Fermented Milk,k-Casein,Lc. lactis NRRL B-50571,proteinase and peptidase,In vitro,,spectrophotometeric assay using HHL as substrate,LC-ESI-MS,22901481,,exact_molar,=,0.05138607167004733,0.05138607167004733,0.05138607167004733,0.05138607167004733,1.0,singleton,only_one_record_in_fermfoodb,,
PEINTVQVTSTAV,13,1,FMDB368,fermfoodb_ace_000169,Ace-inhibitory,Reconstituted Non fat dryMilk/ WSEof Fermented Milk,k-Casein,Lc. lactis NRRL B-50571,proteinase and peptidase,In vitro,,spectrophotometeric assay using HHL as substrate,LC-ESI-MS,22901481,,exact_molar,=,0.025060809316724407,0.025060809316724407,0.025060809316724407,0.025060809316724407,1.0,singleton,only_one_record_in_fermfoodb,,
PRSGNVGESGLID,13,1,FMDB1004,fermfoodb_ace_000391,Ace-inhibitory,wholemeal wheat flour sourdough,gliadin,"Lactobacillus alimentarius 15M, Lactobacillus breVis 14G, Lactobacillus sanfranciscensis 7A, and Lactobacillus hilgardii 51B Lb. sanfranciscensis LS3, LS10, LS19, LS23, LS38, and LS47and Lc. lactis subsp. lactis PU1",,In vitro,,Spectrophotometric assay using HHL as substrate,nanoLC-ESI-MS/MS,18627167,,exact_molar,=,346.24922449791745,346.24922449791745,346.24922449791745,346.24922449791745,1.0,singleton,only_one_record_in_fermfoodb,,
VLGPVRGPFPIIV,13,4,FMDB917 | FMDB925 | FMDB933 | FMDB941,fermfoodb_ace_000315 | fermfoodb_ace_000323 | fermfoodb_ace_000331 | fermfoodb_ace_000339,Ace-inhibitory,Reconstituted skim Milk (10% wt/wt),β-Casein,Enterococcus faecalis CECT 5727 | Enterococcus faecalis CECT 5728 | Enterococcus faecalis CECT 5826 | Enterococcus faecalis CECT 5827,,In vitro and In vivo,spontaneously Hypertensive Rats,Spectrophotometric assay using hippuryl-L-histidyl-L-leucine substrate,HPLC-MS,,Identification of novel antihypertensive peptides in Milk fermented with Enterococcus faecalis,molar_threshold,>,700.0,700.0,700.0,700.0,1.0,within_range_consistent,spread_ratio=1.0000,,
YQEPVLGPVRGPF,13,1,FMDB347,fermfoodb_ace_000148,Ace-inhibitory,mexican frescocheese WSE,β-Casein,Enterococcus faecium,proteinase and peptidase,In vitro,,spectrophotometeric assay using HHL as substrate,LC-ESI-MS,21787916,,exact_molar,=,7.134037590890383,7.134037590890383,7.134037590890383,7.134037590890383,1.0,singleton,only_one_record_in_fermfoodb,,
DPVAPLQRSGPEIP,14,1,FMDB1006,fermfoodb_ace_000393,Ace-inhibitory,wholemeal wheat flour sourdough,gliadin,"Lactobacillus alimentarius 15M, Lactobacillus breVis 14G, Lactobacillus sanfranciscensis 7A, and Lactobacillus hilgardii 51B Lb. sanfranciscensis LS3, LS10, LS19, LS23, LS38, and LS47and Lc. lactis subsp. lactis PU1",,In vitro,,Spectrophotometric assay using HHL as substrate,nanoLC-ESI-MS/MS,18627167,,exact_molar,=,356.3796672570162,356.3796672570162,356.3796672570162,356.3796672570162,1.0,singleton,only_one_record_in_fermfoodb,,
NENLLRFFVAPFPE,14,1,FMDB2173,fermfoodb_ace_000847,Ace-inhibitory,sodium Caseinate,αS1-Casein,Lactobacillus (Lb.) helveticus NCC 2765,,In vitro,,spectrophotometric method using FAPGG as substrate,ESI-MS/ MS,15537298,,exact_molar,=,55.0,55.0,55.0,55.0,1.0,singleton,only_one_record_in_fermfoodb,,
RPKHPIKHQGLPQEV,15,1,FMDB343,fermfoodb_ace_000144,Ace-inhibitory,mexican frescocheese WSE,αS1-Casein,Enterococcus faecium,proteinase and peptidase,In vitro,,spectrophotometeric assay using HHL as substrate,LC-ESI-MS,21787916,,exact_molar,=,5.492822360012253,5.492822360012253,5.492822360012253,5.492822360012253,1.0,singleton,only_one_record_in_fermfoodb,,
YQEPVLGPVRGPFPI,15,1,FMDB338,fermfoodb_ace_000139,Ace-inhibitory,mexican frescocheese WSE,β-Casein,Lactobacillus casei,proteinase and peptidase,In vitro,,spectrophotometeric assay using HHL as substrate,LC-ESI-MS,21787916,,exact_molar,=,3.1773818373660103,3.1773818373660103,3.1773818373660103,3.1773818373660103,1.0,singleton,only_one_record_in_fermfoodb,,
NIPPLTQTPVVVPFFIQ,17,1,FMDB1062,fermfoodb_ace_000441,Ace-inhibitory,Bovine sodium Caseinate,β-Casein,Lactobacillus animalis DPC6134,,In vitro,,Spectrophotometric assay using HHL as substrate,HCT-ion trap mass spectrometry,17483275,,exact_molar,=,450.0,450.0,450.0,450.0,1.0,singleton,only_one_record_in_fermfoodb,,
YQEPVLGPVRGPFPIIV,17,7,FMDB1669 | FMDB339 | FMDB342 | FMDB348 | FMDB868 | FMDB875 | FMDB882,fermfoodb_ace_000140 | fermfoodb_ace_000143 | fermfoodb_ace_000149 | fermfoodb_ace_000273 | fermfoodb_ace_000280 | fermfoodb_ace_000287 | fermfoodb_ace_000716,Ace-inhibitory,Casein medium | WSE of Cheddar cheese | mexican frescocheese WSE,Bovine ( β-Casein) | β-Casein,Enterococcus faecium | L. lactis subsp. lactis and L. lactis subsp. Cremoris | L. lactis subsp. lactis and L. lactis subsp. Cremoris and Lb. casei 279 | L. lactis subsp. lactis and L. lactis subsp. Cremoris and Lb. casei LAFTI® L26. | Lactobacillus casei | Lb. casei Shirota and St. thermophilus,proteinase and peptidase | proteinase and peptidases,In vitro,,Spectrophotometric assay using hippuryl-L-histidyl-L-leucine substrate | spectrophotometeric assay using HHL as substrate | spectrophotometric assay using HHL as substrate,LC-ESI-MS | MALDI-TOF/TOF MS | RPHPLC; Edman degradation method using protein sequencer and MALDI-TOF-MS,21787916,Angiotensin converting enzyme-inhibitory activity in Cheddar cheeses made with the addition of probiotic Lactobacillus casei sp. | Antithrombotic and angiotensin-converting enzyme inhibitory properties of peptides released from bovine Casein by Lactobacillus casei Shirota,exact_molar | rescued_numeric_no_unit,=,0.14,90.37265429801712,36.17702491009187,5.531091114089391,645.5189592715508,conflicting,spread_ratio=645.5190,,
LVYPFPGPIPNSLPQNIPP,19,7,FMDB2065 | FMDB2068 | FMDB2070 | FMDB914 | FMDB922 | FMDB930 | FMDB938,fermfoodb_ace_000312 | fermfoodb_ace_000320 | fermfoodb_ace_000328 | fermfoodb_ace_000336 | fermfoodb_ace_000819 | fermfoodb_ace_000822 | fermfoodb_ace_000824,Ace-inhibitory,Bovine Milk sodium Caseinate | Reconstituted skim Milk (10% wt/wt),β-Casein,Enterococcus faecalis CECT 5727 | Enterococcus faecalis CECT 5728 | Enterococcus faecalis CECT 5826 | Enterococcus faecalis CECT 5827 | Proteinase of L.helveticus PR4,proteinase,In vitro | In vitro and In vivo,spontaneously Hypertensive Rats,Spectrophotometric assay using HHL and furanacryloyl-Phe-Gly-Gly as substate | Spectrophotometric assay using hippuryl-L-histidyl-L-leucine substrate,HPLC-MS | MALDITOF-MS,12957917,Identification of novel antihypertensive peptides in Milk fermented with Enterococcus faecalis,exact_molar,=,5.27,27.23446397623174,9.62959376844992,5.27,5.167829976514562,within_range_consistent,spread_ratio=5.1678,,
RPKHPIKHQGLPQEVLNENLLR,22,1,FMDB344,fermfoodb_ace_000145,Ace-inhibitory,mexican frescocheese WSE,αS1-Casein,Enterococcus faecium,proteinase and peptidase,In vitro,,spectrophotometeric assay using HHL as substrate,LC-ESI-MS,21787916,,exact_molar,=,3.7628397862417553,3.7628397862417553,3.7628397862417553,3.7628397862417553,1.0,singleton,only_one_record_in_fermfoodb,,
FVAPFPEVFGKEKVNELSKDIGSE,24,2,FMDB2066 | FMDB2069,fermfoodb_ace_000820 | fermfoodb_ace_000823,Ace-inhibitory,Bovine Milk sodium Caseinate,αS1-Casein,Proteinase of L.helveticus PR4,proteinase,In vitro,,Spectrophotometric assay using HHL and furanacryloyl-Phe-Gly-Gly as substate,MALDITOF-MS,12957917,,exact_molar,=,7.382596213001572,26.066944653314195,16.724770433157882,16.724770433157882,3.5308641975308643,within_range_consistent,spread_ratio=3.5309,,
LGTQYTDAPSFSDIPNPIGSENSEK,25,1,FMDB2067,fermfoodb_ace_000821,Ace-inhibitory,Bovine Milk sodium Caseinate,αS1-Casein,Proteinase of L.helveticus PR4,proteinase,In vitro,,Spectrophotometric assay using HHL and furanacryloyl-Phe-Gly-Gly as substate,MALDITOF-MS,12957917,,exact_molar,=,26.952272802235345,26.952272802235345,26.952272802235345,26.952272802235345,1.0,singleton,only_one_record_in_fermfoodb,,
SFTAGARTFNFDENPCDYFQGGKIKAT,27,1,FMDB1009,fermfoodb_ace_000396,Ace-inhibitory,wholemeal wheat flour sourdough,gliadin,"Lactobacillus alimentarius 15M, Lactobacillus breVis 14G, Lactobacillus sanfranciscensis 7A, and Lactobacillus hilgardii 51B Lb. sanfranciscensis LS3, LS10, LS19, LS23, LS38, and LS47and Lc. lactis subsp. lactis PU1",,In vitro,,Spectrophotometric assay using HHL as substrate,nanoLC-ESI-MS/MS,18627167,,exact_molar,=,150.78527463175473,150.78527463175473,150.78527463175473,150.78527463175473,1.0,singleton,only_one_record_in_fermfoodb,,
