record_id,task,source_type,source_name,source_record_id,target,sequence,peptide_length,activity_label_raw,ic50_raw,ic50_value,ic50_unit,ic50_relation,ic50_uM,ic50_parse_status,ic50_parse_note,food_matrix_raw,protein_raw,culture_raw,hydrolysis_raw,experiment_raw,model_raw,assay_raw,method_of_analysis_raw,mz_ratio_raw,mass_raw,mass_da,pubmed_id_raw,title_raw,ph_raw,temperature_raw,incubation_time_raw,detail_url,notes,mass_da_source,rescue_changed_flag,rescue_action,workset_tier,workset_keep_flag,workset_exclusion_reasons
fermfoodb_ace_000001,ace,database,FermFooDb,FMDB1,ACE,DP,2,Ace-inhibitory,2.15±0.02 uM,2.15,uM,=,2.15,exact_molar,parsed_direct_uM_like_unit,Acetes chinensis (shrimp sp. ),Marine Protein,Lactobacillus fermentum SM 605,Proteases,,,,LC-MS,,,230.09026,18521593,,6.12,38.10°C,24.19 h,https://webs.iiitd.edu.in/raghava/fermfoodb/display_sub.php?details=FMDB1,mass_da_estimated_from_sequence,estimated_from_sequence,0,mass_da_estimated_from_sequence,expanded,1,
fermfoodb_ace_000002,ace,database,FermFooDb,FMDB2,ACE,GTG,3,Ace-inhibitory,5.54±0.09uM,5.54,uM,=,5.54,exact_molar,parsed_direct_uM_like_unit,Acetes chinensis (shrimp sp. ),Marine Protein,Lactobacillus fermentum SM 605,Proteases,,,,LC-MS,,,233.10116,18521593,,6.12,38.10°C,24.19 h,https://webs.iiitd.edu.in/raghava/fermfoodb/display_sub.php?details=FMDB2,mass_da_estimated_from_sequence,estimated_from_sequence,0,mass_da_estimated_from_sequence,expanded,1,
fermfoodb_ace_000003,ace,database,FermFooDb,FMDB3,ACE,ST,2,Ace-inhibitory,4.03±0.1uM,4.03,uM,=,4.03,exact_molar,parsed_direct_uM_like_unit,Acetes chinensis (shrimp sp. ),Marine Protein,Lactobacillus fermentum SM 605,Proteases,,,,LC-MS,,,206.09027,18521593,,6.12,38.10°C,24.19 h,https://webs.iiitd.edu.in/raghava/fermfoodb/display_sub.php?details=FMDB3,mass_da_estimated_from_sequence,estimated_from_sequence,0,mass_da_estimated_from_sequence,expanded,1,
fermfoodb_ace_000005,ace,database,FermFooDb,FMDB23,ACE,YP,2,Ace-inhibitory,720uM,720.0,uM,=,720.0,exact_molar,parsed_direct_uM_like_unit,Yogurt like product,αS1-Casein,Lactobacillus helveticus CPN4,proteinase,In vivo,Spontaneously Hypertensive Rats,,,,,278.12665000000004,10416158,,4.3,,,https://webs.iiitd.edu.in/raghava/fermfoodb/display_sub.php?details=FMDB23,mass_da_estimated_from_sequence,estimated_from_sequence,0,mass_da_estimated_from_sequence,expanded,1,
fermfoodb_ace_000006,ace,database,FermFooDb,FMDB24,ACE,YP,2,Ace-inhibitory,720uM,720.0,uM,=,720.0,exact_molar,parsed_direct_uM_like_unit,Yogurt like product,β-Casein,Lactobacillus helveticus CPN4,proteinase,In vivo,Spontaneously Hypertensive Rats,,,,,278.12665000000004,10416158,,4.3,,,https://webs.iiitd.edu.in/raghava/fermfoodb/display_sub.php?details=FMDB24,mass_da_estimated_from_sequence,estimated_from_sequence,0,mass_da_estimated_from_sequence,expanded,1,
fermfoodb_ace_000007,ace,database,FermFooDb,FMDB25,ACE,YP,2,Ace-inhibitory,720uM,720.0,uM,=,720.0,exact_molar,parsed_direct_uM_like_unit,Yogurt like product,k-Casein,Lactobacillus helveticus CPN4,proteinase,In vivo,Spontaneously Hypertensive Rats,,,,,278.12665000000004,10416158,,4.3,,,https://webs.iiitd.edu.in/raghava/fermfoodb/display_sub.php?details=FMDB25,mass_da_estimated_from_sequence,estimated_from_sequence,0,mass_da_estimated_from_sequence,expanded,1,
fermfoodb_ace_000031,ace,database,FermFooDb,FMDB178,ACE,VPP,3,Ace-inhibitory;Anti-hypertensive,9.13 ± 0.21 uM,9.13,uM,=,9.13,exact_molar,parsed_direct_uM_like_unit,Skimmed Milk,β-Casein &k Casein,Lactobacillus helveticus JCM1004,proteinase and peptidase,In vitro and In vivo,spontaneously Hypertensive Rats,Spectrophotometric assay using HHL as substarte,RPHPLC and protein sequencer,,,311.18449,,Antihypertensive peptides from skimmed Milk hydrolysate digested by cell-free extract of Lactobacillus helveticus JCM1004,6.5-7.0,37c,20h,https://webs.iiitd.edu.in/raghava/fermfoodb/display_sub.php?details=FMDB178,activity_label_not_exact_ace_inhibitory; pubmed_id_missing; mass_da_estimated_from_sequence,estimated_from_sequence,0,mass_da_estimated_from_sequence,expanded,1,
fermfoodb_ace_000032,ace,database,FermFooDb,FMDB179,ACE,IPP,3,Ace-inhibitory;Anti-hypertensive,5.15 ± 0.17 UM,5.15,uM,=,5.15,exact_molar,parsed_direct_uM_like_unit,Skimmed Milk,β-Casein &k Casein,Lactobacillus helveticus JCM1004,proteinase and peptidase,In vitro and In vivo,spontaneously Hypertensive Rats,Spectrophotometric assay using HHL as substarte,RPHPLC and protein sequencer,,,325.20014000000003,,,6.5-7.0,37c,20h,https://webs.iiitd.edu.in/raghava/fermfoodb/display_sub.php?details=FMDB179,activity_label_not_exact_ace_inhibitory; pubmed_id_missing; mass_da_estimated_from_sequence,estimated_from_sequence,0,mass_da_estimated_from_sequence,expanded,1,
fermfoodb_ace_000191,ace,database,FermFooDb,FMDB775,ACE,HHL,3,Ace-inhibitory,2.2 ug/ml,2.2,ug/ml,=,5.432098765432099,exact_molar,converted_from_ug_per_ml_to_uM_using_mass_da,Korean Fermented soyabean paste,,,,In vitro and In vivo,Spontaneously Hypertensive Rats,spectrophotometric assay using HHL as substrate,RPHPLC and Edman degradation,,405 da,405.0,11410001,,,,,https://webs.iiitd.edu.in/raghava/fermfoodb/display_sub.php?details=FMDB775,mass_numeric_extracted,,0,,expanded,1,
fermfoodb_ace_000209,ace,database,FermFooDb,FMDB793,ACE,IPP,3,Ace-inhibitory,11.6uM,11.6,uM,=,11.6,exact_molar,parsed_direct_uM_like_unit,skim Milk Yogurt,β-Casein,"L. delbrueckii ssp. bulgaricus Lb1466 and S. thermophilus St1342 and L. acidophilus L10, L. casei L26 and B. lactis B95",proteinase and peptidase,In vitro,,spectrophotometric assay using HHL as substrate,RPHPLC and automated Edman degradation on Applied Biosystem Procise protein/peptide sequencer,,,325.20014000000003,25829629,,4.5,42C for L. delbrueckii ssp. bulgaricus Lb1466 and 37C for others,12h,https://webs.iiitd.edu.in/raghava/fermfoodb/display_sub.php?details=FMDB793,mass_da_estimated_from_sequence,estimated_from_sequence,0,mass_da_estimated_from_sequence,expanded,1,
fermfoodb_ace_000210,ace,database,FermFooDb,FMDB794,ACE,IPP,3,Ace-inhibitory,11.6uM,11.6,uM,=,11.6,exact_molar,parsed_direct_uM_like_unit,skim Milk Yogurt,k-Casein,"L. delbrueckii ssp. bulgaricus Lb1466 and S. thermophilus St1342 and L. acidophilus L10, L. casei L26 and B. lactis B96",proteinase and peptidase,In vitro,,spectrophotometric assay using HHL as substrate,RPHPLC and automated Edman degradation on Applied Biosystem Procise protein/peptide sequencer,,,325.20014000000003,25829629,,4.5,42C for L. delbrueckii ssp. bulgaricus Lb1466 and 37C for others,12h,https://webs.iiitd.edu.in/raghava/fermfoodb/display_sub.php?details=FMDB794,mass_da_estimated_from_sequence,estimated_from_sequence,0,mass_da_estimated_from_sequence,expanded,1,
fermfoodb_ace_000214,ace,database,FermFooDb,FMDB798,ACE,VPP,3,Ace-inhibitory,8.4uM,8.4,uM,=,8.4,exact_molar,parsed_direct_uM_like_unit,skim Milk Yogurt,β-Casein,"L. delbrueckii ssp. bulgaricus Lb1466 and S. thermophilus St1342 and L. acidophilus L10, L. casei L26 and B. lactis B99",proteinase and peptidase,In vitro,,Spectrophotometric assay using HHL as substate,RPHPLC and automated Edman degradation on Applied Biosystem Procise protein/peptide sequencer,,,311.18449,25829629,,4.5,42C for L. delbrueckii ssp. bulgaricus Lb1466 and 37C for others,12h,https://webs.iiitd.edu.in/raghava/fermfoodb/display_sub.php?details=FMDB798,mass_da_estimated_from_sequence,estimated_from_sequence,0,mass_da_estimated_from_sequence,expanded,1,
fermfoodb_ace_000223,ace,database,FermFooDb,FMDB818,ACE,LQP,3,Ace-inhibitory,2µM,2.0,uM,=,2.0,exact_molar,parsed_direct_uM_like_unit,Rye Malt:wheat gluten/ barley hordein sourdough,"ω-secalin;ω-gliadin,α-gliadin,γ gliadin,HMWglutein subunit,D-Hordein,γ hordein;C-hordein",Lactobacillus reuteri TMW 1.106,peptidase+fungal protease,BioInformatic analysis,,,LCMS/MS,357 - 242 ( transition),,357.0,21985248,,,34c,24h,https://webs.iiitd.edu.in/raghava/fermfoodb/display_sub.php?details=FMDB818,mz_numeric_extracted_as_fallback,,0,,expanded,1,
fermfoodb_ace_000224,ace,database,FermFooDb,FMDB819,ACE,LLP,3,Ace-inhibitory,57µM,57.0,uM,=,57.0,exact_molar,parsed_direct_uM_like_unit,Rye Malt:wheat gluten/ barley hordein sourdough,γ-75k-secalin,Lactobacillus reuteri TMW 1.106,peptidase+fungal protease,BioInformatic analysis,,,LCMS/MS,342 - 116 ( transition),,342.0,21985248,,,34c,24h,https://webs.iiitd.edu.in/raghava/fermfoodb/display_sub.php?details=FMDB819,mz_numeric_extracted_as_fallback,,0,,expanded,1,
fermfoodb_ace_000225,ace,database,FermFooDb,FMDB820,ACE,VPP,3,Ace-inhibitory,5µM,5.0,uM,=,5.0,exact_molar,parsed_direct_uM_like_unit,Rye Malt:wheat gluten/ barley hordein sourdough,"γ gliadin,HMWglutein subunit, γ hordein",Lactobacillus reuteri TMW 1.106,peptidase+fungal protease,BioInformatic analysis,,,LCMS/MS,312 - 213 ( transition),,312.0,21985248,,,34c,24h,https://webs.iiitd.edu.in/raghava/fermfoodb/display_sub.php?details=FMDB820,mz_numeric_extracted_as_fallback,,0,,expanded,1,
fermfoodb_ace_000226,ace,database,FermFooDb,FMDB821,ACE,IPP,3,Ace-inhibitory,9µM,9.0,uM,=,9.0,exact_molar,parsed_direct_uM_like_unit,Rye Malt:wheat gluten/ barley hordein sourdough,"α-gliadin, ω-gliadin",Lactobacillus reuteri TMW 1.106,peptidase+fungal protease,BioInformatic analysis,,,LCMS/MS,326 - 213 ( transition),,326.0,21985248,,,34c,24h,https://webs.iiitd.edu.in/raghava/fermfoodb/display_sub.php?details=FMDB821,mz_numeric_extracted_as_fallback,,0,,expanded,1,
fermfoodb_ace_000227,ace,database,FermFooDb,FMDB822,ACE,LQP,3,Ace-inhibitory,2µM,2.0,uM,=,2.0,exact_molar,parsed_direct_uM_like_unit,Rye Malt:wheat gluten/ barley hordein sourdough,"ω-secalin;ω-gliadin,α-gliadin,γ gliadin,HMWglutein subunit,D-Hordein,γ hordein;C-hordein",L. reuteri LTH 5448,peptidase+fungal protease,BioInformatic analysis,,,LCMS/MS,357 - 242 ( transition),,357.0,21985248,,,34c,24h,https://webs.iiitd.edu.in/raghava/fermfoodb/display_sub.php?details=FMDB822,mz_numeric_extracted_as_fallback,,0,,expanded,1,
fermfoodb_ace_000228,ace,database,FermFooDb,FMDB823,ACE,LLP,3,Ace-inhibitory,57µM,57.0,uM,=,57.0,exact_molar,parsed_direct_uM_like_unit,Rye Malt:wheat gluten/ barley hordein sourdough,γ-75k-secalin,L. reuteri LTH 5448,peptidase+fungal protease,BioInformatic analysis,,,LCMS/MS,342 - 116 ( transition),,342.0,21985248,,,34c,24h,https://webs.iiitd.edu.in/raghava/fermfoodb/display_sub.php?details=FMDB823,mz_numeric_extracted_as_fallback,,0,,expanded,1,
fermfoodb_ace_000229,ace,database,FermFooDb,FMDB824,ACE,VPP,3,Ace-inhibitory,5µM,5.0,uM,=,5.0,exact_molar,parsed_direct_uM_like_unit,Rye Malt:wheat gluten/ barley hordein sourdough,"γ gliadin,HMWglutein subunit, γ hordein",L. reuteri LTH 5448,peptidase+fungal protease,BioInformatic analysis,,,LCMS/MS,312 - 213 ( transition),,312.0,21985248,,,34c,24h,https://webs.iiitd.edu.in/raghava/fermfoodb/display_sub.php?details=FMDB824,mz_numeric_extracted_as_fallback,,0,,expanded,1,
fermfoodb_ace_000230,ace,database,FermFooDb,FMDB825,ACE,IPP,3,Ace-inhibitory,9µM,9.0,uM,=,9.0,exact_molar,parsed_direct_uM_like_unit,Rye Malt:wheat gluten/ barley hordein sourdough,"α-gliadin, ω-gliadin",L. reuteri LTH 5448,peptidase+fungal protease,BioInformatic analysis,,,LCMS/MS,326 - 213 ( transition),,326.0,21985248,,,34c,24h,https://webs.iiitd.edu.in/raghava/fermfoodb/display_sub.php?details=FMDB825,mz_numeric_extracted_as_fallback,,0,,expanded,1,
fermfoodb_ace_000231,ace,database,FermFooDb,FMDB826,ACE,LQP,3,Ace-inhibitory,2µM,2.0,uM,=,2.0,exact_molar,parsed_direct_uM_like_unit,Rye Malt:wheat gluten/ barley hordein sourdough,"ω-secalin;ω-gliadin,α-gliadin,γ gliadin,HMWglutein subunit,D-Hordein,γ hordein;C-hordein",Lactobacillus rossiae 34J,peptidase+fungal protease,BioInformatic analysis,,,LCMS/MS,357 - 242 ( transition),,357.0,21985248,,,34c,24h,https://webs.iiitd.edu.in/raghava/fermfoodb/display_sub.php?details=FMDB826,mz_numeric_extracted_as_fallback,,0,,expanded,1,
fermfoodb_ace_000232,ace,database,FermFooDb,FMDB827,ACE,LLP,3,Ace-inhibitory,57µM,57.0,uM,=,57.0,exact_molar,parsed_direct_uM_like_unit,Rye Malt:wheat gluten/ barley hordein sourdough,γ-75k-secalin,Lactobacillus rossiae 34J,peptidase+fungal protease,BioInformatic analysis,,,LCMS/MS,342 - 116 ( transition),,342.0,21985248,,,34c,24h,https://webs.iiitd.edu.in/raghava/fermfoodb/display_sub.php?details=FMDB827,mz_numeric_extracted_as_fallback,,0,,expanded,1,
fermfoodb_ace_000233,ace,database,FermFooDb,FMDB828,ACE,VPP,3,Ace-inhibitory,5µM,5.0,uM,=,5.0,exact_molar,parsed_direct_uM_like_unit,Rye Malt:wheat gluten/ barley hordein sourdough,"γ gliadin,HMWglutein subunit, γ hordein",Lactobacillus rossiae 34J,peptidase+fungal protease,BioInformatic analysis,,,LCMS/MS,312 - 213 ( transition),,312.0,21985248,,,34c,24h,https://webs.iiitd.edu.in/raghava/fermfoodb/display_sub.php?details=FMDB828,mz_numeric_extracted_as_fallback,,0,,expanded,1,
fermfoodb_ace_000234,ace,database,FermFooDb,FMDB829,ACE,IPP,3,Ace-inhibitory,9µM,9.0,uM,=,9.0,exact_molar,parsed_direct_uM_like_unit,Rye Malt:wheat gluten/ barley hordein sourdough,"α-gliadin, ω-gliadin",Lactobacillus rossiae 34J,peptidase+fungal protease,BioInformatic analysis,,,LCMS/MS,326 - 213 ( transition),,326.0,21985248,,,34c,24h,https://webs.iiitd.edu.in/raghava/fermfoodb/display_sub.php?details=FMDB829,mz_numeric_extracted_as_fallback,,0,,expanded,1,
fermfoodb_ace_000235,ace,database,FermFooDb,FMDB830,ACE,LQP,3,Ace-inhibitory,2µM,2.0,uM,=,2.0,exact_molar,parsed_direct_uM_like_unit,Rye Malt:wheat gluten/ barley hordein sourdough,"ω-secalin;ω-gliadin,α-gliadin,γ gliadin,HMWglutein subunit,D-Hordein,γ hordein;C-hordein",Lactobacillus hammesii DSM 16381,peptidase+fungal protease,BioInformatic analysis,,,LCMS/MS,357 - 242 ( transition),,357.0,21985248,,,34c,24h,https://webs.iiitd.edu.in/raghava/fermfoodb/display_sub.php?details=FMDB830,mz_numeric_extracted_as_fallback,,0,,expanded,1,
fermfoodb_ace_000236,ace,database,FermFooDb,FMDB831,ACE,LLP,3,Ace-inhibitory,57µM,57.0,uM,=,57.0,exact_molar,parsed_direct_uM_like_unit,Rye Malt:wheat gluten/ barley hordein sourdough,γ-75k-secalin,Lactobacillus hammesii DSM 16381,peptidase+fungal protease,BioInformatic analysis,,,LCMS/MS,342 - 116 ( transition),,342.0,21985248,,,34c,24h,https://webs.iiitd.edu.in/raghava/fermfoodb/display_sub.php?details=FMDB831,mz_numeric_extracted_as_fallback,,0,,expanded,1,
fermfoodb_ace_000237,ace,database,FermFooDb,FMDB832,ACE,VPP,3,Ace-inhibitory,5µM,5.0,uM,=,5.0,exact_molar,parsed_direct_uM_like_unit,Rye Malt:wheat gluten/ barley hordein sourdough,"γ gliadin,HMWglutein subunit, γ hordein",Lactobacillus hammesii DSM 16381,peptidase+fungal protease,BioInformatic analysis,,,LCMS/MS,312 - 213 ( transition),,312.0,21985248,,,34c,24h,https://webs.iiitd.edu.in/raghava/fermfoodb/display_sub.php?details=FMDB832,mz_numeric_extracted_as_fallback,,0,,expanded,1,
fermfoodb_ace_000238,ace,database,FermFooDb,FMDB833,ACE,IPP,3,Ace-inhibitory,9µM,9.0,uM,=,9.0,exact_molar,parsed_direct_uM_like_unit,Rye Malt:wheat gluten/ barley hordein sourdough,"α-gliadin, ω-gliadin",Lactobacillus hammesii DSM 16381,peptidase+fungal protease,BioInformatic analysis,,,LCMS/MS,326 - 213 ( transition),,326.0,21985248,,,34c,24h,https://webs.iiitd.edu.in/raghava/fermfoodb/display_sub.php?details=FMDB833,mz_numeric_extracted_as_fallback,,0,,expanded,1,
fermfoodb_ace_000239,ace,database,FermFooDb,FMDB834,ACE,LQP,3,Ace-inhibitory,2µM,2.0,uM,=,2.0,exact_molar,parsed_direct_uM_like_unit,Rye Malt:wheat gluten/ barley hordein sourdough,"ω-secalin;ω-gliadin,α-gliadin,γ gliadin,HMWglutein subunit,D-Hordein,γ hordein;C-hordein",L. reuteri LTH 5795,peptidase+fungal protease,BioInformatic analysis,,,LCMS/MS,357 - 242 ( transition),,357.0,21985248,,,34c,24h,https://webs.iiitd.edu.in/raghava/fermfoodb/display_sub.php?details=FMDB834,mz_numeric_extracted_as_fallback,,0,,expanded,1,
fermfoodb_ace_000240,ace,database,FermFooDb,FMDB835,ACE,LLP,3,Ace-inhibitory,57µM,57.0,uM,=,57.0,exact_molar,parsed_direct_uM_like_unit,Rye Malt:wheat gluten/ barley hordein sourdough,γ-75k-secalin,L. reuteri LTH 5795,peptidase+fungal protease,BioInformatic analysis,,,LCMS/MS,342 - 116 ( transition),,342.0,21985248,,,34c,24h,https://webs.iiitd.edu.in/raghava/fermfoodb/display_sub.php?details=FMDB835,mz_numeric_extracted_as_fallback,,0,,expanded,1,
fermfoodb_ace_000241,ace,database,FermFooDb,FMDB836,ACE,VPP,3,Ace-inhibitory,5µM,5.0,uM,=,5.0,exact_molar,parsed_direct_uM_like_unit,Rye Malt:wheat gluten/ barley hordein sourdough,"γ gliadin,HMWglutein subunit, γ hordein",L. reuteri LTH 5795,peptidase+fungal protease,BioInformatic analysis,,,LCMS/MS,312 - 213 ( transition),,312.0,21985248,,,34c,24h,https://webs.iiitd.edu.in/raghava/fermfoodb/display_sub.php?details=FMDB836,mz_numeric_extracted_as_fallback,,0,,expanded,1,
fermfoodb_ace_000242,ace,database,FermFooDb,FMDB837,ACE,IPP,3,Ace-inhibitory,9µM,9.0,uM,=,9.0,exact_molar,parsed_direct_uM_like_unit,Rye Malt:wheat gluten/ barley hordein sourdough,"α-gliadin, ω-gliadin",L. reuteri LTH 5795,peptidase+fungal protease,BioInformatic analysis,,,LCMS/MS,326 - 213 ( transition),,326.0,21985248,,,34c,24h,https://webs.iiitd.edu.in/raghava/fermfoodb/display_sub.php?details=FMDB837,mz_numeric_extracted_as_fallback,,0,,expanded,1,
fermfoodb_ace_000243,ace,database,FermFooDb,FMDB838,ACE,LQP,3,Ace-inhibitory,2µM,2.0,uM,=,2.0,exact_molar,parsed_direct_uM_like_unit,Rye Malt:wheat gluten/ barley hordein sourdough,"ω-secalin;ω-gliadin,α-gliadin,γ gliadin,HMWglutein subunit,D-Hordein,γ hordein;C-hordein",Lactobacillus plantarum FUA 3002,peptidase+fungal protease,BioInformatic analysis,,,LCMS/MS,357 - 242 ( transition),,357.0,21985248,,,34c,24h,https://webs.iiitd.edu.in/raghava/fermfoodb/display_sub.php?details=FMDB838,mz_numeric_extracted_as_fallback,,0,,expanded,1,
fermfoodb_ace_000244,ace,database,FermFooDb,FMDB839,ACE,LLP,3,Ace-inhibitory,57µM,57.0,uM,=,57.0,exact_molar,parsed_direct_uM_like_unit,Rye Malt:wheat gluten/ barley hordein sourdough,γ-75k-secalin,Lactobacillus plantarum FUA 3002,peptidase+fungal protease,BioInformatic analysis,,,LCMS/MS,342 - 116 ( transition),,342.0,21985248,,,34c,24h,https://webs.iiitd.edu.in/raghava/fermfoodb/display_sub.php?details=FMDB839,mz_numeric_extracted_as_fallback,,0,,expanded,1,
fermfoodb_ace_000245,ace,database,FermFooDb,FMDB840,ACE,VPP,3,Ace-inhibitory,5µM,5.0,uM,=,5.0,exact_molar,parsed_direct_uM_like_unit,Rye Malt:wheat gluten/ barley hordein sourdough,"γ gliadin,HMWglutein subunit, γ hordein",Lactobacillus plantarum FUA 3002,peptidase+fungal protease,BioInformatic analysis,,,LCMS/MS,312 - 213 ( transition),,312.0,21985248,,,34c,24h,https://webs.iiitd.edu.in/raghava/fermfoodb/display_sub.php?details=FMDB840,mz_numeric_extracted_as_fallback,,0,,expanded,1,
fermfoodb_ace_000246,ace,database,FermFooDb,FMDB841,ACE,IPP,3,Ace-inhibitory,9µM,9.0,uM,=,9.0,exact_molar,parsed_direct_uM_like_unit,Rye Malt:wheat gluten/ barley hordein sourdough,"α-gliadin, ω-gliadin",Lactobacillus plantarum FUA 3002,peptidase+fungal protease,BioInformatic analysis,,,LCMS/MS,326 - 213 ( transition),,326.0,21985248,,,34c,24h,https://webs.iiitd.edu.in/raghava/fermfoodb/display_sub.php?details=FMDB841,mz_numeric_extracted_as_fallback,,0,,expanded,1,
fermfoodb_ace_000247,ace,database,FermFooDb,FMDB842,ACE,AW,2,Ace-inhibitory,10ug/ml,10.0,ug/ml,=,36.34685336930606,exact_molar,converted_from_ug_per_ml_to_uM_using_mass_da,Fermented soyabean seasoning,,A. sojae,peptidase,In vitro and In vivo,spontaneously Hypertensive Rats,ACE color kit conatining p-hydroxybenzoylglycyl-L-histidyl-L-leucine as substrate,LCMS/MS,,,275.12698,19994857,,,45C,5days,https://webs.iiitd.edu.in/raghava/fermfoodb/display_sub.php?details=FMDB842,ic50_needs_manual_review; ic50_rescued_or_updated; mass_da_estimated_from_sequence,estimated_from_sequence,1,reparsed_ic50_with_improved_rules; mass_da_estimated_from_sequence,expanded,1,
fermfoodb_ace_000248,ace,database,FermFooDb,FMDB843,ACE,GW,2,Ace-inhibitory,30ug/ml,30.0,ug/ml,=,114.89352070628263,exact_molar,converted_from_ug_per_ml_to_uM_using_mass_da,Fermented soyabean seasoning,,A. sojae,peptidase,In vitro and In vivo,spontaneously Hypertensive Rats,ACE color kit conatining p-hydroxybenzoylglycyl-L-histidyl-L-leucine as substrate,LCMS/MS,,,261.11133,19994857,,,45C,5days,https://webs.iiitd.edu.in/raghava/fermfoodb/display_sub.php?details=FMDB843,ic50_needs_manual_review; ic50_rescued_or_updated; mass_da_estimated_from_sequence,estimated_from_sequence,1,reparsed_ic50_with_improved_rules; mass_da_estimated_from_sequence,expanded,1,
fermfoodb_ace_000249,ace,database,FermFooDb,FMDB844,ACE,AY,2,Ace-inhibitory,48ug/ml,48.0,ug/ml,=,190.39232718921428,exact_molar,converted_from_ug_per_ml_to_uM_using_mass_da,Fermented soyabean seasoning,,A. sojae,peptidase,In vitro and In vivo,spontaneously Hypertensive Rats,ACE color kit conatining p-hydroxybenzoylglycyl-L-histidyl-L-leucine as substrate,LCMS/MS,,,252.111,19994857,,,45C,5days,https://webs.iiitd.edu.in/raghava/fermfoodb/display_sub.php?details=FMDB844,ic50_needs_manual_review; ic50_rescued_or_updated; mass_da_estimated_from_sequence,estimated_from_sequence,1,reparsed_ic50_with_improved_rules; mass_da_estimated_from_sequence,expanded,1,
fermfoodb_ace_000250,ace,database,FermFooDb,FMDB845,ACE,SY,2,Ace-inhibitory,67ug/ml,67.0,ug/ml,=,249.9012330649021,exact_molar,converted_from_ug_per_ml_to_uM_using_mass_da,Fermented soyabean seasoning,,A. sojae,peptidase,In vitro and In vivo,spontaneously Hypertensive Rats,ACE color kit conatining p-hydroxybenzoylglycyl-L-histidyl-L-leucine as substrate,LCMS/MS,,,268.10592,19994857,,,45C,5days,https://webs.iiitd.edu.in/raghava/fermfoodb/display_sub.php?details=FMDB845,ic50_needs_manual_review; ic50_rescued_or_updated; mass_da_estimated_from_sequence,estimated_from_sequence,1,reparsed_ic50_with_improved_rules; mass_da_estimated_from_sequence,expanded,1,
fermfoodb_ace_000251,ace,database,FermFooDb,FMDB846,ACE,GY,2,Ace-inhibitory,67ug/ml,67.0,ug/ml,=,281.39986774206216,exact_molar,converted_from_ug_per_ml_to_uM_using_mass_da,Fermented soyabean seasoning,,A. sojae,peptidase,In vitro and In vivo,spontaneously Hypertensive Rats,ACE color kit conatining p-hydroxybenzoylglycyl-L-histidyl-L-leucine as substrate,LCMS/MS,,,238.09535,19994857,,,45C,5days,https://webs.iiitd.edu.in/raghava/fermfoodb/display_sub.php?details=FMDB846,ic50_needs_manual_review; ic50_rescued_or_updated; mass_da_estimated_from_sequence,estimated_from_sequence,1,reparsed_ic50_with_improved_rules; mass_da_estimated_from_sequence,expanded,1,
fermfoodb_ace_000252,ace,database,FermFooDb,FMDB847,ACE,AF,2,Ace-inhibitory,190ug/ml,190.0,ug/ml,=,804.6889479107057,exact_molar,converted_from_ug_per_ml_to_uM_using_mass_da,Fermented soyabean seasoning,,A. sojae,peptidase,In vitro and In vivo,spontaneously Hypertensive Rats,ACE color kit conatining p-hydroxybenzoylglycyl-L-histidyl-L-leucine as substrate,LCMS/MS,,,236.11608,19994857,,,45C,5days,https://webs.iiitd.edu.in/raghava/fermfoodb/display_sub.php?details=FMDB847,ic50_needs_manual_review; ic50_rescued_or_updated; mass_da_estimated_from_sequence,estimated_from_sequence,1,reparsed_ic50_with_improved_rules; mass_da_estimated_from_sequence,expanded,1,
fermfoodb_ace_000253,ace,database,FermFooDb,FMDB848,ACE,VP,2,Ace-inhibitory,480ug/ml,480.0,ug/ml,=,2241.6108065815374,exact_molar,converted_from_ug_per_ml_to_uM_using_mass_da,Fermented soyabean seasoning,,A. sojae,peptidase,In vitro and In vivo,spontaneously Hypertensive Rats,ACE color kit conatining p-hydroxybenzoylglycyl-L-histidyl-L-leucine as substrate,LCMS/MS,,,214.13173,19994857,,,45C,5days,https://webs.iiitd.edu.in/raghava/fermfoodb/display_sub.php?details=FMDB848,ic50_needs_manual_review; ic50_rescued_or_updated; mass_da_estimated_from_sequence,estimated_from_sequence,1,reparsed_ic50_with_improved_rules; mass_da_estimated_from_sequence,expanded,1,
fermfoodb_ace_000254,ace,database,FermFooDb,FMDB849,ACE,AI,2,Ace-inhibitory,690ug/ml,690.0,ug/ml,=,3413.6154674973595,exact_molar,converted_from_ug_per_ml_to_uM_using_mass_da,Fermented soyabean seasoning,,A. sojae,peptidase,In vitro and In vivo,spontaneously Hypertensive Rats,ACE color kit conatining p-hydroxybenzoylglycyl-L-histidyl-L-leucine as substrate,LCMS/MS,,,202.13173,19994857,,,45C,5days,https://webs.iiitd.edu.in/raghava/fermfoodb/display_sub.php?details=FMDB849,ic50_needs_manual_review; ic50_rescued_or_updated; mass_da_estimated_from_sequence,estimated_from_sequence,1,reparsed_ic50_with_improved_rules; mass_da_estimated_from_sequence,expanded,1,
fermfoodb_ace_000255,ace,database,FermFooDb,FMDB850,ACE,VG,2,Ace-inhibitory,1100ug/ml,1100.0,ug/ml,=,6318.192321523847,exact_molar,converted_from_ug_per_ml_to_uM_using_mass_da,Fermented soyabean seasoning,,A. sojae,peptidase,In vitro and In vivo,spontaneously Hypertensive Rats,ACE color kit conatining p-hydroxybenzoylglycyl-L-histidyl-L-leucine as substrate,LCMS/MS,,,174.10043,19994857,,,45C,5days,https://webs.iiitd.edu.in/raghava/fermfoodb/display_sub.php?details=FMDB850,ic50_needs_manual_review; ic50_rescued_or_updated; mass_da_estimated_from_sequence,estimated_from_sequence,1,reparsed_ic50_with_improved_rules; mass_da_estimated_from_sequence,expanded,1,
fermfoodb_ace_000256,ace,database,FermFooDb,FMDB851,ACE,AF,2,Ace-inhibitory,165.3uM,165.3,uM,=,165.3,exact_molar,parsed_direct_uM_like_unit,salt free soy sauce,,A. sojae,peptidase,In vitro,,,Two step RPHPLC,,,236.11608,18160180,,,,,https://webs.iiitd.edu.in/raghava/fermfoodb/display_sub.php?details=FMDB851,mass_da_estimated_from_sequence,estimated_from_sequence,0,mass_da_estimated_from_sequence,expanded,1,
fermfoodb_ace_000257,ace,database,FermFooDb,FMDB852,ACE,IF,2,Ace-inhibitory,65.8uM,65.8,uM,=,65.8,exact_molar,parsed_direct_uM_like_unit,salt free soy sauce,,A. sojae,peptidase,In vitro,,,Two step RPHPLC,,,278.16303,18160180,,,,,https://webs.iiitd.edu.in/raghava/fermfoodb/display_sub.php?details=FMDB852,mass_da_estimated_from_sequence,estimated_from_sequence,0,mass_da_estimated_from_sequence,expanded,1,
fermfoodb_ace_000266,ace,database,FermFooDb,FMDB861,ACE,WL,2,Ace-inhibitory,65uM,65.0,uM,=,65.0,exact_molar,parsed_direct_uM_like_unit,soybean proteins,Glycinin,100 units acid proteinase from M. purpureus No. 3403,proteinase,In vitro,,Spectrophotometric assay using pig pulmonary ACE and hippuryl-L-histidyl-L-leucine substrate,RPHLC and automated Edman degradation with a gas/liquid-phase protein sequencer,,,317.17393,,Production of angiotensin I-converting enzyme inhibitory peptides from soybean protein with Monascus purpureus acid proteinase,3.3,37c,10h,https://webs.iiitd.edu.in/raghava/fermfoodb/display_sub.php?details=FMDB861,pubmed_id_missing; mass_da_estimated_from_sequence,estimated_from_sequence,0,mass_da_estimated_from_sequence,expanded,1,
fermfoodb_ace_000343,ace,database,FermFooDb,FMDB945,ACE,VPP,3,Ace-inhibitory,9 μM,9.0,uM,=,9.0,exact_molar,parsed_direct_uM_like_unit,WSE of commercial fermented Milk spain,β-Casein,,,In vitro,,Spectrophotometric assay using hippuryl-L-histidyl-L-leucine substrate,RP-HPLC– tandem mass spectrometry (MS/MS),,311,311.0,,Identification of antioxidant and ACE-inhibitory peptides in fermented Milk,,,,https://webs.iiitd.edu.in/raghava/fermfoodb/display_sub.php?details=FMDB945,mass_numeric_extracted; pubmed_id_missing,,0,,expanded,1,
fermfoodb_ace_000344,ace,database,FermFooDb,FMDB946,ACE,RY,2,Ace-inhibitory,10.5 μM,10.5,uM,=,10.5,exact_molar,parsed_direct_uM_like_unit,WSE of commercial fermented Milk spain,Various Caseins,,,In vitro,,Spectrophotometric assay using hippuryl-L-histidyl-L-leucine substrate,RP-HPLC– tandem mass spectrometry (MS/MS),,337.1,337.1,,Identification of antioxidant and ACE-inhibitory peptides in fermented Milk,,,,https://webs.iiitd.edu.in/raghava/fermfoodb/display_sub.php?details=FMDB946,mass_numeric_extracted; pubmed_id_missing,,0,,expanded,1,
fermfoodb_ace_000380,ace,database,FermFooDb,FMDB993,ACE,IFL,3,Ace-inhibitory,44.8uM,44.8,uM,=,44.8,exact_molar,parsed_direct_uM_like_unit,Tofuyo fermented soy food,alpha and beta subunit of beta conGlycinin,,,In vitro,,Spectrophotometric assay using HHL as substrate,RPHPLC and automated degardation using gas/liquid phase protein sequencer,,,391.24708999999996,12843654,,,,,https://webs.iiitd.edu.in/raghava/fermfoodb/display_sub.php?details=FMDB993,mass_da_estimated_from_sequence,estimated_from_sequence,0,mass_da_estimated_from_sequence,expanded,1,
fermfoodb_ace_000381,ace,database,FermFooDb,FMDB994,ACE,WL,2,Ace-inhibitory,29.9uM,29.9,uM,=,29.9,exact_molar,parsed_direct_uM_like_unit,Tofuyo fermented soy food,B-B1A-&B subunits of Glycinin,,,In vitro,,Spectrophotometric assay using HHL as substrate,RPHPLC and automated degardation using gas/liquid phase protein sequencer,,,317.17393,12843654,,,,,https://webs.iiitd.edu.in/raghava/fermfoodb/display_sub.php?details=FMDB994,mass_da_estimated_from_sequence,estimated_from_sequence,0,mass_da_estimated_from_sequence,expanded,1,
fermfoodb_ace_000397,ace,database,FermFooDb,FMDB1010,ACE,IY,2,Ace-inhibitory,4uM,4.0,uM,=,4.0,exact_molar,parsed_direct_uM_like_unit,Red mold rice ( non glutinous rice),,M. purpureus IFO 4489,proteinase,In vitro,,Spectrophotometric assay using HHL as substrate,Automated Edman degradation with a gas/liquid phase protein sequencer,,,294.15795,,Angiotensin I-converting enzyme inhibitory peptides in red-mold rice made by Monascus purpureus,,30C,7days,https://webs.iiitd.edu.in/raghava/fermfoodb/display_sub.php?details=FMDB1010,pubmed_id_missing; mass_da_estimated_from_sequence,estimated_from_sequence,0,mass_da_estimated_from_sequence,expanded,1,
fermfoodb_ace_000398,ace,database,FermFooDb,FMDB1011,ACE,VVY,3,Ace-inhibitory,22.0uM,22.0,uM,=,22.0,exact_molar,parsed_direct_uM_like_unit,Red mold rice ( non glutinous rice),,M. purpureus IFO 4489,proteinase,In vitro,,Spectrophotometric assay using HHL as substrate,Automated Edman degradation with a gas/liquid phase protein sequencer,,,379.21071,,Angiotensin I-converting enzyme inhibitory peptides in red-mold rice made by Monascus purpureus,,30C,7days,https://webs.iiitd.edu.in/raghava/fermfoodb/display_sub.php?details=FMDB1011,pubmed_id_missing; mass_da_estimated_from_sequence,estimated_from_sequence,0,mass_da_estimated_from_sequence,expanded,1,
fermfoodb_ace_000399,ace,database,FermFooDb,FMDB1012,ACE,VF,2,Ace-inhibitory,49.7uM,49.7,uM,=,49.7,exact_molar,parsed_direct_uM_like_unit,Red mold rice ( non glutinous rice),,M. purpureus IFO 4489,proteinase,In vitro,,Spectrophotometric assay using HHL as substrate,Automated Edman degradation with a gas/liquid phase protein sequencer,,,264.14738,,Angiotensin I-converting enzyme inhibitory peptides in red-mold rice made by Monascus purpureus,,30C,7days,https://webs.iiitd.edu.in/raghava/fermfoodb/display_sub.php?details=FMDB1012,pubmed_id_missing; mass_da_estimated_from_sequence,estimated_from_sequence,0,mass_da_estimated_from_sequence,expanded,1,
fermfoodb_ace_000400,ace,database,FermFooDb,FMDB1013,ACE,VW,2,Ace-inhibitory,3.1uM,3.1,uM,=,3.1,exact_molar,parsed_direct_uM_like_unit,Red mold rice ( non glutinous rice),,M. purpureus IFO 4489,proteinase,In vitro,,Spectrophotometric assay using HHL as substrate,Automated Edman degradation with a gas/liquid phase protein sequencer,,,303.15828,,Angiotensin I-converting enzyme inhibitory peptides in red-mold rice made by Monascus purpureus,,30C,7days,https://webs.iiitd.edu.in/raghava/fermfoodb/display_sub.php?details=FMDB1013,pubmed_id_missing; mass_da_estimated_from_sequence,estimated_from_sequence,0,mass_da_estimated_from_sequence,expanded,1,
fermfoodb_ace_000411,ace,database,FermFooDb,FMDB1032,ACE,LQP,3,Ace-inhibitory,2umol/l,2.0,uM,=,2.0,exact_molar,parsed_direct_uM_like_unit,rye malt gluten sourdough,,Lactobacillus reuteri TMW1.106,peptidases,,,,LC-MS/MS,,,356.20596,,"Fate of ACE-inhibitory peptides during the bread-making process: Quantification of peptides in sourdough, bread crumb, steamed bread and soda crackers",,37c,96h,https://webs.iiitd.edu.in/raghava/fermfoodb/display_sub.php?details=FMDB1032,pubmed_id_missing; mass_da_estimated_from_sequence,estimated_from_sequence,0,mass_da_estimated_from_sequence,expanded,1,
fermfoodb_ace_000413,ace,database,FermFooDb,FMDB1034,ACE,LIP,3,Ace-inhibitory,2.5umol/l,2.5,uM,=,2.5,exact_molar,parsed_direct_uM_like_unit,rye malt gluten sourdough,,Lactobacillus reuteri TMW1.106,peptidases,,,,LC-MS/MS,,,341.23144,,"Fate of ACE-inhibitory peptides during the bread-making process: Quantification of peptides in sourdough, bread crumb, steamed bread and soda crackers",,37c,96h,https://webs.iiitd.edu.in/raghava/fermfoodb/display_sub.php?details=FMDB1034,pubmed_id_missing; mass_da_estimated_from_sequence,estimated_from_sequence,0,mass_da_estimated_from_sequence,expanded,1,
fermfoodb_ace_000414,ace,database,FermFooDb,FMDB1035,ACE,LLP,3,Ace-inhibitory,57umol/l,57.0,uM,=,57.0,exact_molar,parsed_direct_uM_like_unit,rye malt gluten sourdough,,Lactobacillus reuteri TMW1.106,peptidases,,,,LC-MS/MS,,,341.23144,,"Fate of ACE-inhibitory peptides during the bread-making process: Quantification of peptides in sourdough, bread crumb, steamed bread and soda crackers",,37c,96h,https://webs.iiitd.edu.in/raghava/fermfoodb/display_sub.php?details=FMDB1035,pubmed_id_missing; mass_da_estimated_from_sequence,estimated_from_sequence,0,mass_da_estimated_from_sequence,expanded,1,
fermfoodb_ace_000415,ace,database,FermFooDb,FMDB1036,ACE,IPP,3,Ace-inhibitory,9umol/l,9.0,uM,=,9.0,exact_molar,parsed_direct_uM_like_unit,rye malt gluten sourdough,,Lactobacillus reuteri TMW1.106,peptidases,,,,LC-MS/MS,,,325.20014000000003,,"Fate of ACE-inhibitory peptides during the bread-making process: Quantification of peptides in sourdough, bread crumb, steamed bread and soda crackers",,37c,96h,https://webs.iiitd.edu.in/raghava/fermfoodb/display_sub.php?details=FMDB1036,pubmed_id_missing; mass_da_estimated_from_sequence,estimated_from_sequence,0,mass_da_estimated_from_sequence,expanded,1,
fermfoodb_ace_000416,ace,database,FermFooDb,FMDB1037,ACE,LPP,3,Ace-inhibitory,9.6umol/l,9.6,uM,=,9.6,exact_molar,parsed_direct_uM_like_unit,rye malt gluten sourdough,,Lactobacillus reuteri TMW1.106,peptidases,,,,LC-MS/MS,,,325.20014000000003,,"Fate of ACE-inhibitory peptides during the bread-making process: Quantification of peptides in sourdough, bread crumb, steamed bread and soda crackers",,37c,96h,https://webs.iiitd.edu.in/raghava/fermfoodb/display_sub.php?details=FMDB1037,pubmed_id_missing; mass_da_estimated_from_sequence,estimated_from_sequence,0,mass_da_estimated_from_sequence,expanded,1,
fermfoodb_ace_000417,ace,database,FermFooDb,FMDB1038,ACE,VPP,3,Ace-inhibitory,5umol/l,5.0,uM,=,5.0,exact_molar,parsed_direct_uM_like_unit,rye malt gluten sourdough,,Lactobacillus reuteri TMW1.106,peptidases,,,,LC-MS/MS,,,311.18449,,"Fate of ACE-inhibitory peptides during the bread-making process: Quantification of peptides in sourdough, bread crumb, steamed bread and soda crackers",,37c,96h,https://webs.iiitd.edu.in/raghava/fermfoodb/display_sub.php?details=FMDB1038,pubmed_id_missing; mass_da_estimated_from_sequence,estimated_from_sequence,0,mass_da_estimated_from_sequence,expanded,1,
fermfoodb_ace_000419,ace,database,FermFooDb,FMDB1040,ACE,LQP,3,Ace-inhibitory,2umol/l,2.0,uM,=,2.0,exact_molar,parsed_direct_uM_like_unit,wheat sourdough,,Lactobacillus reuteri TMW1.106,peptidases,,,,LC-MS/MS,,,356.20596,,"Fate of ACE-inhibitory peptides during the bread-making process: Quantification of peptides in sourdough, bread crumb, steamed bread and soda crackers",,37c,24h,https://webs.iiitd.edu.in/raghava/fermfoodb/display_sub.php?details=FMDB1040,pubmed_id_missing; mass_da_estimated_from_sequence,estimated_from_sequence,0,mass_da_estimated_from_sequence,expanded,1,
fermfoodb_ace_000421,ace,database,FermFooDb,FMDB1042,ACE,LIP,3,Ace-inhibitory,2.5umol/l,2.5,uM,=,2.5,exact_molar,parsed_direct_uM_like_unit,wheat sourdough,,Lactobacillus reuteri TMW1.106,peptidases,,,,LC-MS/MS,,,341.23144,,"Fate of ACE-inhibitory peptides during the bread-making process: Quantification of peptides in sourdough, bread crumb, steamed bread and soda crackers",,37c,24h,https://webs.iiitd.edu.in/raghava/fermfoodb/display_sub.php?details=FMDB1042,pubmed_id_missing; mass_da_estimated_from_sequence,estimated_from_sequence,0,mass_da_estimated_from_sequence,expanded,1,
fermfoodb_ace_000422,ace,database,FermFooDb,FMDB1043,ACE,LLP,3,Ace-inhibitory,57umol/l,57.0,uM,=,57.0,exact_molar,parsed_direct_uM_like_unit,wheat sourdough,,Lactobacillus reuteri TMW1.106,peptidases,,,,LC-MS/MS,,,341.23144,,"Fate of ACE-inhibitory peptides during the bread-making process: Quantification of peptides in sourdough, bread crumb, steamed bread and soda crackers",,37c,24h,https://webs.iiitd.edu.in/raghava/fermfoodb/display_sub.php?details=FMDB1043,pubmed_id_missing; mass_da_estimated_from_sequence,estimated_from_sequence,0,mass_da_estimated_from_sequence,expanded,1,
fermfoodb_ace_000423,ace,database,FermFooDb,FMDB1044,ACE,IPP,3,Ace-inhibitory,9umol/l,9.0,uM,=,9.0,exact_molar,parsed_direct_uM_like_unit,wheat sourdough,,Lactobacillus reuteri TMW1.106,peptidases,,,,LC-MS/MS,,,325.20014000000003,,"Fate of ACE-inhibitory peptides during the bread-making process: Quantification of peptides in sourdough, bread crumb, steamed bread and soda crackers",,37c,24h,https://webs.iiitd.edu.in/raghava/fermfoodb/display_sub.php?details=FMDB1044,pubmed_id_missing; mass_da_estimated_from_sequence,estimated_from_sequence,0,mass_da_estimated_from_sequence,expanded,1,
fermfoodb_ace_000424,ace,database,FermFooDb,FMDB1045,ACE,LPP,3,Ace-inhibitory,9.6umol/l,9.6,uM,=,9.6,exact_molar,parsed_direct_uM_like_unit,wheat sourdough,,Lactobacillus reuteri TMW1.106,peptidases,,,,LC-MS/MS,,,325.20014000000003,,"Fate of ACE-inhibitory peptides during the bread-making process: Quantification of peptides in sourdough, bread crumb, steamed bread and soda crackers",,37c,24h,https://webs.iiitd.edu.in/raghava/fermfoodb/display_sub.php?details=FMDB1045,pubmed_id_missing; mass_da_estimated_from_sequence,estimated_from_sequence,0,mass_da_estimated_from_sequence,expanded,1,
fermfoodb_ace_000425,ace,database,FermFooDb,FMDB1046,ACE,VPP,3,Ace-inhibitory,5umol/l,5.0,uM,=,5.0,exact_molar,parsed_direct_uM_like_unit,wheat sourdough,,Lactobacillus reuteri TMW1.106,peptidases,,,,LC-MS/MS,,,311.18449,,"Fate of ACE-inhibitory peptides during the bread-making process: Quantification of peptides in sourdough, bread crumb, steamed bread and soda crackers",,37c,24h,https://webs.iiitd.edu.in/raghava/fermfoodb/display_sub.php?details=FMDB1046,pubmed_id_missing; mass_da_estimated_from_sequence,estimated_from_sequence,0,mass_da_estimated_from_sequence,expanded,1,
fermfoodb_ace_000695,ace,database,FermFooDb,FMDB1599,ACE,QP,2,Ace-inhibitory,598.1µM,598.1,uM,=,598.1,exact_molar,parsed_direct_uM_like_unit,WSE of commercial goat cheese,Various fragments,,,In vitro,,spectrophotometric assay using HHL as substrate,RP-HPLC-MS/MS and off-line ESI-MS/MS,,244,244.0,,Identification of ACE-inhibitory peptides in different Spanish cheeses by tandem mass spectrometry,,,2month old,https://webs.iiitd.edu.in/raghava/fermfoodb/display_sub.php?details=FMDB1599,mass_numeric_extracted; pubmed_id_missing,,0,,expanded,1,
fermfoodb_ace_000696,ace,database,FermFooDb,FMDB1600,ACE,PP,2,Ace-inhibitory,2284.7µM,2284.7,uM,=,2284.7,exact_molar,parsed_direct_uM_like_unit,WSE of commercial goat cheese,Various fragments,,,In vitro,,spectrophotometric assay using HHL as substrate,RP-HPLC-MS/MS and off-line ESI-MS/MS,,212.9,212.9,,Identification of ACE-inhibitory peptides in different Spanish cheeses by tandem mass spectrometry,,,2month old,https://webs.iiitd.edu.in/raghava/fermfoodb/display_sub.php?details=FMDB1600,mass_numeric_extracted; pubmed_id_missing,,0,,expanded,1,
fermfoodb_ace_000697,ace,database,FermFooDb,FMDB1609,ACE,PP,2,Ace-inhibitory,2284.7µM,2284.7,uM,=,2284.7,exact_molar,parsed_direct_uM_like_unit,WSE of commercial Cabrales cheese ( cow Milk + Ewe Milk + goat Milk ),Various fragments,,,In vitro,,spectrophotometric assay using HHL as substrate,RP-HPLC-MS/MS and off-line ESI-MS/MS,,212.9,212.9,,Identification of ACE-inhibitory peptides in different Spanish cheeses by tandem mass spectrometry,,,4month old,https://webs.iiitd.edu.in/raghava/fermfoodb/display_sub.php?details=FMDB1609,mass_numeric_extracted; pubmed_id_missing,,0,,expanded,1,
fermfoodb_ace_000702,ace,database,FermFooDb,FMDB1625,ACE,QP,2,Ace-inhibitory,598.1µM,598.1,uM,=,598.1,exact_molar,parsed_direct_uM_like_unit,WSE of commercial manchego cheese ( ewe's Milk),Various fragments,,,In vitro,,spectrophotometric assay using HHL as substrate,RP-HPLC-MS/MS and off-line ESI-MS/MS,,244,244.0,,Identification of ACE-inhibitory peptides in different Spanish cheeses by tandem mass spectrometry,,,4month old,https://webs.iiitd.edu.in/raghava/fermfoodb/display_sub.php?details=FMDB1625,mass_numeric_extracted; pubmed_id_missing,,0,,expanded,1,
fermfoodb_ace_000703,ace,database,FermFooDb,FMDB1626,ACE,PP,2,Ace-inhibitory,2284.7µM,2284.7,uM,=,2284.7,exact_molar,parsed_direct_uM_like_unit,WSE of commercial manchego cheese ( ewe's Milk),Various fragments,,,In vitro,,spectrophotometric assay using HHL as substrate,RP-HPLC-MS/MS and off-line ESI-MS/MS,,212.9,212.9,,Identification of ACE-inhibitory peptides in different Spanish cheeses by tandem mass spectrometry,,,4month old,https://webs.iiitd.edu.in/raghava/fermfoodb/display_sub.php?details=FMDB1626,mass_numeric_extracted; pubmed_id_missing,,0,,expanded,1,
fermfoodb_ace_000704,ace,database,FermFooDb,FMDB1627,ACE,FP,2,Ace-inhibitory,1215.7µM,1215.7,uM,=,1215.7,exact_molar,parsed_direct_uM_like_unit,WSE of commercial manchego cheese ( ewe's Milk),Various fragments,,,In vitro,,spectrophotometric assay using HHL as substrate,RP-HPLC-MS/MS and off-line ESI-MS/MS,,263,263.0,,Identification of ACE-inhibitory peptides in different Spanish cheeses by tandem mass spectrometry,,,4month old,https://webs.iiitd.edu.in/raghava/fermfoodb/display_sub.php?details=FMDB1627,mass_numeric_extracted; pubmed_id_missing,,0,,expanded,1,
fermfoodb_ace_000705,ace,database,FermFooDb,FMDB1628,ACE,PFP,3,Ace-inhibitory,144.4µM,144.4,uM,=,144.4,exact_molar,parsed_direct_uM_like_unit,WSE of commercial manchego cheese ( ewe's Milk),Various fragments,,,In vitro,,spectrophotometric assay using HHL as substrate,RP-HPLC-MS/MS and off-line ESI-MS/MS,,360.1,360.1,,Identification of ACE-inhibitory peptides in different Spanish cheeses by tandem mass spectrometry,,,4month old,https://webs.iiitd.edu.in/raghava/fermfoodb/display_sub.php?details=FMDB1628,mass_numeric_extracted; pubmed_id_missing,,0,,expanded,1,
fermfoodb_ace_000706,ace,database,FermFooDb,FMDB1629,ACE,QP,2,Ace-inhibitory,598.1µM,598.1,uM,=,598.1,exact_molar,parsed_direct_uM_like_unit,WSE of roncal cheese,Various fragments,,,In vitro,,spectrophotometric assay using HHL as substrate,RP-HPLC-MS/MS and off-line ESI-MS/MS,,244,244.0,,Identification of ACE-inhibitory peptides in different Spanish cheeses by tandem mass spectrometry,,,4month old,https://webs.iiitd.edu.in/raghava/fermfoodb/display_sub.php?details=FMDB1629,mass_numeric_extracted; pubmed_id_missing,,0,,expanded,1,
fermfoodb_ace_000707,ace,database,FermFooDb,FMDB1630,ACE,PP,2,Ace-inhibitory,2284.7µM,2284.7,uM,=,2284.7,exact_molar,parsed_direct_uM_like_unit,WSE of roncal cheese,Various fragments,,,In vitro,,spectrophotometric assay using HHL as substrate,RP-HPLC-MS/MS and off-line ESI-MS/MS,,212.9,212.9,,Identification of ACE-inhibitory peptides in different Spanish cheeses by tandem mass spectrometry,,,4month old,https://webs.iiitd.edu.in/raghava/fermfoodb/display_sub.php?details=FMDB1630,mass_numeric_extracted; pubmed_id_missing,,0,,expanded,1,
fermfoodb_ace_000712,ace,database,FermFooDb,FMDB1638,ACE,QP,2,Ace-inhibitory,598.1µM,598.1,uM,=,598.1,exact_molar,parsed_direct_uM_like_unit,WSE of Idiaz´abal cheese ( Ovine Milk),Various fragments,,,In vitro,,spectrophotometric assay using HHL as substrate,RP-HPLC-MS/MS and off-line ESI-MS/MS,,244,244.0,,Identification of ACE-inhibitory peptides in different Spanish cheeses by tandem mass spectrometry,,,4month old,https://webs.iiitd.edu.in/raghava/fermfoodb/display_sub.php?details=FMDB1638,mass_numeric_extracted; pubmed_id_missing,,0,,expanded,1,
fermfoodb_ace_000713,ace,database,FermFooDb,FMDB1639,ACE,FP,2,Ace-inhibitory,1215.7µM,1215.7,uM,=,1215.7,exact_molar,parsed_direct_uM_like_unit,WSE of Idiaz´abal cheese ( Ovine Milk),Various fragments,,,In vitro,,spectrophotometric assay using HHL as substrate,RP-HPLC-MS/MS and off-line ESI-MS/MS,,263,263.0,,Identification of ACE-inhibitory peptides in different Spanish cheeses by tandem mass spectrometry,,,4month old,https://webs.iiitd.edu.in/raghava/fermfoodb/display_sub.php?details=FMDB1639,mass_numeric_extracted; pubmed_id_missing,,0,,expanded,1,
fermfoodb_ace_000750,ace,database,FermFooDb,FMDB1976,ACE,IFL,3,Ace-inhibitory,44.8uM,44.8,uM,=,44.8,exact_molar,parsed_direct_uM_like_unit,Tofuyo,Alpha &beta subunit of beta con Glycinin ( 476-478) & ( 247-249),A.oryzae or/M.purpureus,proteases,In vitro,,Spectrophotometric assay using HHL as substate,automated Edman degardation with a gas/liquid phase protein sequencer,,,391.24708999999996,12843654,,,,,https://webs.iiitd.edu.in/raghava/fermfoodb/display_sub.php?details=FMDB1976,mass_da_estimated_from_sequence,estimated_from_sequence,0,mass_da_estimated_from_sequence,expanded,1,
fermfoodb_ace_000751,ace,database,FermFooDb,FMDB1977,ACE,WL,2,Ace-inhibitory,29.9uM,29.9,uM,=,29.9,exact_molar,parsed_direct_uM_like_unit,Tofuyo,B-B1A-&BX subunit of Glycinin ( 44-45) and (43-44),A.oryzae or/M.purpureus,proteases,In vitro,,Spectrophotometric assay using HHL as substate,automated Edman degardation with a gas/liquid phase protein sequencer,,,317.17393,12843654,,,,,https://webs.iiitd.edu.in/raghava/fermfoodb/display_sub.php?details=FMDB1977,mass_da_estimated_from_sequence,estimated_from_sequence,0,mass_da_estimated_from_sequence,expanded,1,
fermfoodb_ace_000753,ace,database,FermFooDb,FMDB1980,ACE,VY,2,Ace-inhibitory,35.2uM,35.2,uM,=,35.2,exact_molar,parsed_direct_uM_like_unit,Wakame Hydrolysates,,“Amano” (from Bacillus stearothermophilus),Protease S,In vivo,spontaneously Hypertensive Rats,,LC-MS,,,280.1423,12358510,,,,,https://webs.iiitd.edu.in/raghava/fermfoodb/display_sub.php?details=FMDB1980,mass_da_estimated_from_sequence,estimated_from_sequence,0,mass_da_estimated_from_sequence,expanded,1,
fermfoodb_ace_000754,ace,database,FermFooDb,FMDB1981,ACE,IY,2,Ace-inhibitory,6.1uM,6.1,uM,=,6.1,exact_molar,parsed_direct_uM_like_unit,Wakame Hydrolysates,,“Amano” (from Bacillus stearothermophilus),Protease S,In vivo,spontaneously Hypertensive Rats,,LC-MS,,,294.15795,12358510,,,,,https://webs.iiitd.edu.in/raghava/fermfoodb/display_sub.php?details=FMDB1981,mass_da_estimated_from_sequence,estimated_from_sequence,0,mass_da_estimated_from_sequence,expanded,1,
fermfoodb_ace_000755,ace,database,FermFooDb,FMDB1982,ACE,AW,2,Ace-inhibitory,18.8uM,18.8,uM,=,18.8,exact_molar,parsed_direct_uM_like_unit,Wakame Hydrolysates,,“Amano” (from Bacillus stearothermophilus),Protease S,In vivo,spontaneously Hypertensive Rats,,LC-MS,,,275.12698,12358510,,,,,https://webs.iiitd.edu.in/raghava/fermfoodb/display_sub.php?details=FMDB1982,mass_da_estimated_from_sequence,estimated_from_sequence,0,mass_da_estimated_from_sequence,expanded,1,
fermfoodb_ace_000756,ace,database,FermFooDb,FMDB1983,ACE,FY,2,Ace-inhibitory,42.3uM,42.3,uM,=,42.3,exact_molar,parsed_direct_uM_like_unit,Wakame Hydrolysates,,“Amano” (from Bacillus stearothermophilus),Protease S,In vivo,spontaneously Hypertensive Rats,,LC-MS,,,328.1423,12358510,,,,,https://webs.iiitd.edu.in/raghava/fermfoodb/display_sub.php?details=FMDB1983,mass_da_estimated_from_sequence,estimated_from_sequence,0,mass_da_estimated_from_sequence,expanded,1,
fermfoodb_ace_000757,ace,database,FermFooDb,FMDB1984,ACE,VW,2,Ace-inhibitory,3.3uM,3.3,uM,=,3.3,exact_molar,parsed_direct_uM_like_unit,Wakame Hydrolysates,,“Amano” (from Bacillus stearothermophilus),Protease S,In vivo,spontaneously Hypertensive Rats,,LC-MS,,,303.15828,12358510,,,,,https://webs.iiitd.edu.in/raghava/fermfoodb/display_sub.php?details=FMDB1984,mass_da_estimated_from_sequence,estimated_from_sequence,0,mass_da_estimated_from_sequence,expanded,1,
fermfoodb_ace_000758,ace,database,FermFooDb,FMDB1985,ACE,IW,2,Ace-inhibitory,1.5uM,1.5,uM,=,1.5,exact_molar,parsed_direct_uM_like_unit,Wakame Hydrolysates,,“Amano” (from Bacillus stearothermophilus),Protease S,In vivo,spontaneously Hypertensive Rats,,LC-MS,,,317.17393,12358510,,,,,https://webs.iiitd.edu.in/raghava/fermfoodb/display_sub.php?details=FMDB1985,mass_da_estimated_from_sequence,estimated_from_sequence,0,mass_da_estimated_from_sequence,expanded,1,
fermfoodb_ace_000759,ace,database,FermFooDb,FMDB1986,ACE,LW,2,Ace-inhibitory,23.6uM,23.6,uM,=,23.6,exact_molar,parsed_direct_uM_like_unit,Wakame Hydrolysates,,“Amano” (from Bacillus stearothermophilus),Protease S,In vivo,spontaneously Hypertensive Rats,,LC-MS,,,317.17393,12358510,,,,,https://webs.iiitd.edu.in/raghava/fermfoodb/display_sub.php?details=FMDB1986,mass_da_estimated_from_sequence,estimated_from_sequence,0,mass_da_estimated_from_sequence,expanded,1,
fermfoodb_ace_000760,ace,database,FermFooDb,FMDB1987,ACE,VY,2,Ace-inhibitory,35.2uM,35.2,uM,=,35.2,exact_molar,parsed_direct_uM_like_unit,Wakame Hydrolysates,,“Amano” (from Bacillus stearothermophilus),Protease S,In vitro,,Spectrophotometric assay using HHL as substate,LC-MS,,,280.1423,12358510,,,,,https://webs.iiitd.edu.in/raghava/fermfoodb/display_sub.php?details=FMDB1987,mass_da_estimated_from_sequence,estimated_from_sequence,0,mass_da_estimated_from_sequence,expanded,1,
fermfoodb_ace_000761,ace,database,FermFooDb,FMDB1988,ACE,IY,2,Ace-inhibitory,6.1uM,6.1,uM,=,6.1,exact_molar,parsed_direct_uM_like_unit,Wakame Hydrolysates,,“Amano” (from Bacillus stearothermophilus),Protease S,In vitro,,Spectrophotometric assay using HHL as substate,LC-MS,,,294.15795,12358510,,,,,https://webs.iiitd.edu.in/raghava/fermfoodb/display_sub.php?details=FMDB1988,mass_da_estimated_from_sequence,estimated_from_sequence,0,mass_da_estimated_from_sequence,expanded,1,
fermfoodb_ace_000762,ace,database,FermFooDb,FMDB1989,ACE,AW,2,Ace-inhibitory,18.8uM,18.8,uM,=,18.8,exact_molar,parsed_direct_uM_like_unit,Wakame Hydrolysates,,“Amano” (from Bacillus stearothermophilus),Protease S,In vitro,,Spectrophotometric assay using HHL as substate,LC-MS,,,275.12698,12358510,,,,,https://webs.iiitd.edu.in/raghava/fermfoodb/display_sub.php?details=FMDB1989,mass_da_estimated_from_sequence,estimated_from_sequence,0,mass_da_estimated_from_sequence,expanded,1,
fermfoodb_ace_000763,ace,database,FermFooDb,FMDB1990,ACE,FY,2,Ace-inhibitory,42.3uM,42.3,uM,=,42.3,exact_molar,parsed_direct_uM_like_unit,Wakame Hydrolysates,,“Amano” (from Bacillus stearothermophilus),Protease S,In vitro,,Spectrophotometric assay using HHL as substate,LC-MS,,,328.1423,12358510,,,,,https://webs.iiitd.edu.in/raghava/fermfoodb/display_sub.php?details=FMDB1990,mass_da_estimated_from_sequence,estimated_from_sequence,0,mass_da_estimated_from_sequence,expanded,1,
fermfoodb_ace_000764,ace,database,FermFooDb,FMDB1991,ACE,VW,2,Ace-inhibitory,3.3uM,3.3,uM,=,3.3,exact_molar,parsed_direct_uM_like_unit,Wakame Hydrolysates,,“Amano” (from Bacillus stearothermophilus),Protease S,In vitro,,Spectrophotometric assay using HHL as substate,LC-MS,,,303.15828,12358510,,,,,https://webs.iiitd.edu.in/raghava/fermfoodb/display_sub.php?details=FMDB1991,mass_da_estimated_from_sequence,estimated_from_sequence,0,mass_da_estimated_from_sequence,expanded,1,
fermfoodb_ace_000765,ace,database,FermFooDb,FMDB1992,ACE,IW,2,Ace-inhibitory,1.5uM,1.5,uM,=,1.5,exact_molar,parsed_direct_uM_like_unit,Wakame Hydrolysates,,“Amano” (from Bacillus stearothermophilus),Protease S,In vitro,,Spectrophotometric assay using HHL as substate,LC-MS,,,317.17393,12358510,,,,,https://webs.iiitd.edu.in/raghava/fermfoodb/display_sub.php?details=FMDB1992,mass_da_estimated_from_sequence,estimated_from_sequence,0,mass_da_estimated_from_sequence,expanded,1,
fermfoodb_ace_000766,ace,database,FermFooDb,FMDB1993,ACE,LW,2,Ace-inhibitory,23.6uM,23.6,uM,=,23.6,exact_molar,parsed_direct_uM_like_unit,Wakame Hydrolysates,,“Amano” (from Bacillus stearothermophilus),Protease S,In vitro,,Spectrophotometric assay using HHL as substate,LC-MS,,,317.17393,12358510,,,,,https://webs.iiitd.edu.in/raghava/fermfoodb/display_sub.php?details=FMDB1993,mass_da_estimated_from_sequence,estimated_from_sequence,0,mass_da_estimated_from_sequence,expanded,1,
fermfoodb_ace_000767,ace,database,FermFooDb,FMDB1994,ACE,AW,2,Ace-inhibitory;Anti-hypertensive,10 microM,10.0,uM,=,10.0,rescued_numeric_no_unit,rescued_numeric_no_unit_assumed_uM_from_sequence_context; context_count=2; context_median_uM=18.8,Fermented soyabean seasoning,,"Tane koji, rich in conidia of A. sojae",,In vitro and In vivo,spontaneously Hypertensive Rats,ACE color kit and Spectrophotometric assay using HHL as substate,LC-MS/MS,,,275.12698,19994857,,,25 to 40C,Steamed soyabean and raosted wheat inoculated with seed starter and cultivated for 3 days called Shoyu koji and then to it puffed soyabean was added in brine. The product called Moromi was then fermented for 5 days at 45 C,https://webs.iiitd.edu.in/raghava/fermfoodb/display_sub.php?details=FMDB1994,activity_label_not_exact_ace_inhibitory; ic50_needs_manual_review; ic50_rescued_or_updated; mass_da_estimated_from_sequence,estimated_from_sequence,1,rescued_numeric_no_unit_from_sequence_context; mass_da_estimated_from_sequence,expanded,1,
fermfoodb_ace_000772,ace,database,FermFooDb,FMDB1999,ACE,AF,2,Ace-inhibitory;Anti-hypertensive,190 microM,190.0,uM,=,190.0,rescued_numeric_no_unit,rescued_numeric_no_unit_assumed_uM_from_sequence_context; context_count=2; context_median_uM=165.3,Fermented soyabean seasoning,,"Tane koji, rich in conidia of A. sojae",,In vitro and In vivo,spontaneously Hypertensive Rats,ACE color kit and Spectrophotometric assay using HHL as substate,LC-MS/MS,,,236.11608,19994857,,,25 to 40C,Steamed soyabean and raosted wheat inoculated with seed starter and cultivated for 3 days called Shoyu koji and then to it puffed soyabean was added in brine. The product called Moromi was then fermented for 5 days at 45 C,https://webs.iiitd.edu.in/raghava/fermfoodb/display_sub.php?details=FMDB1999,activity_label_not_exact_ace_inhibitory; ic50_needs_manual_review; ic50_rescued_or_updated; mass_da_estimated_from_sequence,estimated_from_sequence,1,rescued_numeric_no_unit_from_sequence_context; mass_da_estimated_from_sequence,expanded,1,
fermfoodb_ace_000776,ace,database,FermFooDb,FMDB2003,ACE,VPP,3,Ace-inhibitory;Anti-hypertensive,9 micro mol /l,9.0,M,=,9000000.0,exact_molar,converted_from_M_to_uM,Fermented Milk,Casein,L. helveticus (IMAU60208 or H9),extracellular proteinase,In vitro and In vivo,spontaneously Hypertensive Rats,Spectrophotometric assay using HHL as substate,Ultra Performance LC-Tandem MS,,,311.18449,25151888;12369200,,4.5,37c,7.5h,https://webs.iiitd.edu.in/raghava/fermfoodb/display_sub.php?details=FMDB2003,activity_label_not_exact_ace_inhibitory; mass_da_estimated_from_sequence,estimated_from_sequence,0,mass_da_estimated_from_sequence,expanded,1,
fermfoodb_ace_000777,ace,database,FermFooDb,FMDB2004,ACE,IPP,3,Ace-inhibitory;Anti-hypertensive,5 micromol/l,5.0,M,=,5000000.0,exact_molar,converted_from_M_to_uM,Fermented Milk,Casein,L. helveticus (IMAU60208 or H9),extracellular proteinase,In vitro and In vivo,spontaneously Hypertensive Rats,Spectrophotometric assay using HHL as substate,Ultra Performance LC-Tandem MS,,,325.20014000000003,25151888;12369200,,4.5,37c,7.5h,https://webs.iiitd.edu.in/raghava/fermfoodb/display_sub.php?details=FMDB2004,activity_label_not_exact_ace_inhibitory; mass_da_estimated_from_sequence,estimated_from_sequence,0,mass_da_estimated_from_sequence,expanded,1,
fermfoodb_ace_000778,ace,database,FermFooDb,FMDB2005,ACE,VPP,3,Ace-inhibitory;Anti-hypertensive,9 micro mol /l,9.0,M,=,9000000.0,exact_molar,converted_from_M_to_uM,Fermented Milk,Casein,L. helveticus (IMAU30046),extracellular proteinase,In vitro and In vivo,spontaneously Hypertensive Rats,Spectrophotometric assay using HHL as substate,Ultra Performance LC-Tandem MS,,,311.18449,25151888;12369200,,4.5,37c,16.5h,https://webs.iiitd.edu.in/raghava/fermfoodb/display_sub.php?details=FMDB2005,activity_label_not_exact_ace_inhibitory; mass_da_estimated_from_sequence,estimated_from_sequence,0,mass_da_estimated_from_sequence,expanded,1,
fermfoodb_ace_000779,ace,database,FermFooDb,FMDB2006,ACE,IPP,3,Ace-inhibitory;Anti-hypertensive,5 micromol/l,5.0,M,=,5000000.0,exact_molar,converted_from_M_to_uM,Fermented Milk,Casein,L. helveticus (IMAU30046),extracellular proteinase,In vitro and In vivo,spontaneously Hypertensive Rats,Spectrophotometric assay using HHL as substate,Ultra Performance LC-Tandem MS,,,325.20014000000003,25151888;12369200,,4.5,37c,16.5h,https://webs.iiitd.edu.in/raghava/fermfoodb/display_sub.php?details=FMDB2006,activity_label_not_exact_ace_inhibitory; mass_da_estimated_from_sequence,estimated_from_sequence,0,mass_da_estimated_from_sequence,expanded,1,
fermfoodb_ace_000780,ace,database,FermFooDb,FMDB2007,ACE,VPP,3,Ace-inhibitory;Anti-hypertensive,9 micro mol /l,9.0,M,=,9000000.0,exact_molar,converted_from_M_to_uM,Fermented Milk,Casein,L. helveticus (IMAU60205),extracellular proteinase,In vitro and In vivo,spontaneously Hypertensive Rats,Spectrophotometric assay using HHL as substate,Ultra Performance LC-Tandem MS,,,311.18449,25151888;12369200,,4.5,37c,34.0h,https://webs.iiitd.edu.in/raghava/fermfoodb/display_sub.php?details=FMDB2007,activity_label_not_exact_ace_inhibitory; mass_da_estimated_from_sequence,estimated_from_sequence,0,mass_da_estimated_from_sequence,expanded,1,
fermfoodb_ace_000781,ace,database,FermFooDb,FMDB2008,ACE,VPP,3,Ace-inhibitory;Anti-hypertensive,9 micro mol /l,9.0,M,=,9000000.0,exact_molar,converted_from_M_to_uM,Fermented Milk,Casein,L. helveticus (IMAU10142),extracellular proteinase,In vitro and In vivo,spontaneously Hypertensive Rats,Spectrophotometric assay using HHL as substate,Ultra Performance LC-Tandem MS,,,311.18449,25151888;12369200,,4.5,37c,32.3h,https://webs.iiitd.edu.in/raghava/fermfoodb/display_sub.php?details=FMDB2008,activity_label_not_exact_ace_inhibitory; mass_da_estimated_from_sequence,estimated_from_sequence,0,mass_da_estimated_from_sequence,expanded,1,
fermfoodb_ace_000782,ace,database,FermFooDb,FMDB2009,ACE,IPP,3,Ace-inhibitory;Anti-hypertensive,5 micromol/l,5.0,M,=,5000000.0,exact_molar,converted_from_M_to_uM,Fermented Milk,Casein,L. helveticus (IMAU10142),extracellular proteinase,In vitro and In vivo,spontaneously Hypertensive Rats,Spectrophotometric assay using HHL as substate,Ultra Performance LC-Tandem MS,,,325.20014000000003,25151888;12369200,,4.5,37c,32.3h,https://webs.iiitd.edu.in/raghava/fermfoodb/display_sub.php?details=FMDB2009,activity_label_not_exact_ace_inhibitory; mass_da_estimated_from_sequence,estimated_from_sequence,0,mass_da_estimated_from_sequence,expanded,1,
fermfoodb_ace_000783,ace,database,FermFooDb,FMDB2010,ACE,VPP,3,Ace-inhibitory;Anti-hypertensive,9 micro mol /l,9.0,M,=,9000000.0,exact_molar,converted_from_M_to_uM,Fermented Milk,Casein,L. helveticus (IMAU30005),extracellular proteinase,In vitro and In vivo,spontaneously Hypertensive Rats,Spectrophotometric assay using HHL as substate,Ultra Performance LC-Tandem MS,,,311.18449,25151888;12369200,,4.5,37c,15.5h,https://webs.iiitd.edu.in/raghava/fermfoodb/display_sub.php?details=FMDB2010,activity_label_not_exact_ace_inhibitory; mass_da_estimated_from_sequence,estimated_from_sequence,0,mass_da_estimated_from_sequence,expanded,1,
fermfoodb_ace_000784,ace,database,FermFooDb,FMDB2011,ACE,IPP,3,Ace-inhibitory;Anti-hypertensive,5 micromol/l,5.0,M,=,5000000.0,exact_molar,converted_from_M_to_uM,Fermented Milk,Casein,L. helveticus (IMAU30005),extracellular proteinase,In vitro and In vivo,spontaneously Hypertensive Rats,Spectrophotometric assay using HHL as substate,Ultra Performance LC-Tandem MS,,,325.20014000000003,25151888;12369200,,4.5,37c,15.5h,https://webs.iiitd.edu.in/raghava/fermfoodb/display_sub.php?details=FMDB2011,activity_label_not_exact_ace_inhibitory; mass_da_estimated_from_sequence,estimated_from_sequence,0,mass_da_estimated_from_sequence,expanded,1,
fermfoodb_ace_000785,ace,database,FermFooDb,FMDB2012,ACE,VPP,3,Ace-inhibitory;Anti-hypertensive,9 micro mol /l,9.0,M,=,9000000.0,exact_molar,converted_from_M_to_uM,Fermented Milk,Casein,L. helveticus (IMAU60207),extracellular proteinase,In vitro and In vivo,spontaneously Hypertensive Rats,Spectrophotometric assay using HHL as substate,Ultra Performance LC-Tandem MS,,,311.18449,25151888;12369200,,4.5,37c,12.3h,https://webs.iiitd.edu.in/raghava/fermfoodb/display_sub.php?details=FMDB2012,activity_label_not_exact_ace_inhibitory; mass_da_estimated_from_sequence,estimated_from_sequence,0,mass_da_estimated_from_sequence,expanded,1,
fermfoodb_ace_000786,ace,database,FermFooDb,FMDB2013,ACE,IPP,3,Ace-inhibitory;Anti-hypertensive,5 micromol/l,5.0,M,=,5000000.0,exact_molar,converted_from_M_to_uM,Fermented Milk,Casein,L. helveticus (IMAU60207),extracellular proteinase,In vitro and In vivo,spontaneously Hypertensive Rats,Spectrophotometric assay using HHL as substate,Ultra Performance LC-Tandem MS,,,325.20014000000003,25151888;12369200,,4.5,37c,12.3h,https://webs.iiitd.edu.in/raghava/fermfoodb/display_sub.php?details=FMDB2013,activity_label_not_exact_ace_inhibitory; mass_da_estimated_from_sequence,estimated_from_sequence,0,mass_da_estimated_from_sequence,expanded,1,
fermfoodb_ace_000787,ace,database,FermFooDb,FMDB2014,ACE,VPP,3,Ace-inhibitory;Anti-hypertensive,9 micro mol /l,9.0,M,=,9000000.0,exact_molar,converted_from_M_to_uM,Fermented Milk,Casein,L. helveticus (IMAU60210),extracellular proteinase,In vitro and In vivo,spontaneously Hypertensive Rats,Spectrophotometric assay using HHL as substate,Ultra Performance LC-Tandem MS,,,311.18449,25151888;12369200,,4.5,37c,11.3h,https://webs.iiitd.edu.in/raghava/fermfoodb/display_sub.php?details=FMDB2014,activity_label_not_exact_ace_inhibitory; mass_da_estimated_from_sequence,estimated_from_sequence,0,mass_da_estimated_from_sequence,expanded,1,
fermfoodb_ace_000788,ace,database,FermFooDb,FMDB2015,ACE,IPP,3,Ace-inhibitory;Anti-hypertensive,5 micromol/l,5.0,M,=,5000000.0,exact_molar,converted_from_M_to_uM,Fermented Milk,Casein,L. helveticus (IMAU60210),extracellular proteinase,In vitro and In vivo,spontaneously Hypertensive Rats,Spectrophotometric assay using HHL as substate,Ultra Performance LC-Tandem MS,,,325.20014000000003,25151888;12369200,,4.5,37c,11.3h,https://webs.iiitd.edu.in/raghava/fermfoodb/display_sub.php?details=FMDB2015,activity_label_not_exact_ace_inhibitory; mass_da_estimated_from_sequence,estimated_from_sequence,0,mass_da_estimated_from_sequence,expanded,1,
fermfoodb_ace_000789,ace,database,FermFooDb,FMDB2016,ACE,VPP,3,Ace-inhibitory;Anti-hypertensive,9 micro mol /l,9.0,M,=,9000000.0,exact_molar,converted_from_M_to_uM,Fermented Milk,Casein,L. helveticus (IMAU60211),extracellular proteinase,In vitro and In vivo,spontaneously Hypertensive Rats,Spectrophotometric assay using HHL as substate,Ultra Performance LC-Tandem MS,,,311.18449,25151888;12369200,,4.5,37c,11.3h,https://webs.iiitd.edu.in/raghava/fermfoodb/display_sub.php?details=FMDB2016,activity_label_not_exact_ace_inhibitory; mass_da_estimated_from_sequence,estimated_from_sequence,0,mass_da_estimated_from_sequence,expanded,1,
fermfoodb_ace_000790,ace,database,FermFooDb,FMDB2017,ACE,IPP,3,Ace-inhibitory;Anti-hypertensive,5 micromol/l,5.0,M,=,5000000.0,exact_molar,converted_from_M_to_uM,Fermented Milk,Casein,L. helveticus (IMAU60211),extracellular proteinase,In vitro and In vivo,spontaneously Hypertensive Rats,Spectrophotometric assay using HHL as substate,Ultra Performance LC-Tandem MS,,,325.20014000000003,25151888;12369200,,4.5,37c,11.3h,https://webs.iiitd.edu.in/raghava/fermfoodb/display_sub.php?details=FMDB2017,activity_label_not_exact_ace_inhibitory; mass_da_estimated_from_sequence,estimated_from_sequence,0,mass_da_estimated_from_sequence,expanded,1,
fermfoodb_ace_000791,ace,database,FermFooDb,FMDB2018,ACE,VPP,3,Ace-inhibitory;Anti-hypertensive,9 micro mol /l,9.0,M,=,9000000.0,exact_molar,converted_from_M_to_uM,Fermented Milk,Casein,L. helveticus (IMAU60204),extracellular proteinase,In vitro and In vivo,spontaneously Hypertensive Rats,Spectrophotometric assay using HHL as substate,Ultra Performance LC-Tandem MS,,,311.18449,25151888;12369200,,4.5,37c,10.7h,https://webs.iiitd.edu.in/raghava/fermfoodb/display_sub.php?details=FMDB2018,activity_label_not_exact_ace_inhibitory; mass_da_estimated_from_sequence,estimated_from_sequence,0,mass_da_estimated_from_sequence,expanded,1,
fermfoodb_ace_000792,ace,database,FermFooDb,FMDB2019,ACE,IPP,3,Ace-inhibitory;Anti-hypertensive,5 micromol/l,5.0,M,=,5000000.0,exact_molar,converted_from_M_to_uM,Fermented Milk,Casein,L. helveticus (IMAU60204),extracellular proteinase,In vitro and In vivo,spontaneously Hypertensive Rats,Spectrophotometric assay using HHL as substate,Ultra Performance LC-Tandem MS,,,325.20014000000003,25151888;12369200,,4.5,37c,10.7h,https://webs.iiitd.edu.in/raghava/fermfoodb/display_sub.php?details=FMDB2019,activity_label_not_exact_ace_inhibitory; mass_da_estimated_from_sequence,estimated_from_sequence,0,mass_da_estimated_from_sequence,expanded,1,
fermfoodb_ace_000793,ace,database,FermFooDb,FMDB2020,ACE,VPP,3,Ace-inhibitory;Anti-hypertensive,9 micro mol /l,9.0,M,=,9000000.0,exact_molar,converted_from_M_to_uM,Fermented Milk,Casein,L. helveticus (IMAU50010),extracellular proteinase,In vitro and In vivo,spontaneously Hypertensive Rats,Spectrophotometric assay using HHL as substate,Ultra Performance LC-Tandem MS,,,311.18449,25151888;12369200,,4.5,37c,25.0h,https://webs.iiitd.edu.in/raghava/fermfoodb/display_sub.php?details=FMDB2020,activity_label_not_exact_ace_inhibitory; mass_da_estimated_from_sequence,estimated_from_sequence,0,mass_da_estimated_from_sequence,expanded,1,
fermfoodb_ace_000794,ace,database,FermFooDb,FMDB2021,ACE,VPP,3,Ace-inhibitory;Anti-hypertensive,9 micro mol /l,9.0,M,=,9000000.0,exact_molar,converted_from_M_to_uM,Fermented Milk,Casein,L. helveticus (IMAU60201),extracellular proteinase,In vitro and In vivo,spontaneously Hypertensive Rats,Spectrophotometric assay using HHL as substate,Ultra Performance LC-Tandem MS,,,311.18449,25151888;12369200,,4.5,37c,12.0h,https://webs.iiitd.edu.in/raghava/fermfoodb/display_sub.php?details=FMDB2021,activity_label_not_exact_ace_inhibitory; mass_da_estimated_from_sequence,estimated_from_sequence,0,mass_da_estimated_from_sequence,expanded,1,
fermfoodb_ace_000795,ace,database,FermFooDb,FMDB2022,ACE,IPP,3,Ace-inhibitory;Anti-hypertensive,5 micromol/l,5.0,M,=,5000000.0,exact_molar,converted_from_M_to_uM,Fermented Milk,Casein,L. helveticus (IMAU60201),extracellular proteinase,In vitro and In vivo,spontaneously Hypertensive Rats,Spectrophotometric assay using HHL as substate,Ultra Performance LC-Tandem MS,,,325.20014000000003,25151888;12369200,,4.5,37c,12.0h,https://webs.iiitd.edu.in/raghava/fermfoodb/display_sub.php?details=FMDB2022,activity_label_not_exact_ace_inhibitory; mass_da_estimated_from_sequence,estimated_from_sequence,0,mass_da_estimated_from_sequence,expanded,1,
fermfoodb_ace_000796,ace,database,FermFooDb,FMDB2023,ACE,VPP,3,Ace-inhibitory;Anti-hypertensive,9 micro mol /l,9.0,M,=,9000000.0,exact_molar,converted_from_M_to_uM,Fermented Milk,Casein,L. helveticus (IMAU60220),extracellular proteinase,In vitro and In vivo,spontaneously Hypertensive Rats,Spectrophotometric assay using HHL as substate,Ultra Performance LC-Tandem MS,,,311.18449,25151888;12369200,,4.5,37c,24.7h,https://webs.iiitd.edu.in/raghava/fermfoodb/display_sub.php?details=FMDB2023,activity_label_not_exact_ace_inhibitory; mass_da_estimated_from_sequence,estimated_from_sequence,0,mass_da_estimated_from_sequence,expanded,1,
fermfoodb_ace_000797,ace,database,FermFooDb,FMDB2024,ACE,VPP,3,Ace-inhibitory;Anti-hypertensive,9 micro mol /l,9.0,M,=,9000000.0,exact_molar,converted_from_M_to_uM,Fermented Milk,Casein,L. helveticus (IMAU60066),extracellular proteinase,In vitro and In vivo,spontaneously Hypertensive Rats,Spectrophotometric assay using HHL as substate,Ultra Performance LC-Tandem MS,,,311.18449,25151888;12369200,,4.5,37c,10.7h,https://webs.iiitd.edu.in/raghava/fermfoodb/display_sub.php?details=FMDB2024,activity_label_not_exact_ace_inhibitory; mass_da_estimated_from_sequence,estimated_from_sequence,0,mass_da_estimated_from_sequence,expanded,1,
fermfoodb_ace_000798,ace,database,FermFooDb,FMDB2025,ACE,IPP,3,Ace-inhibitory;Anti-hypertensive,5 micromol/l,5.0,M,=,5000000.0,exact_molar,converted_from_M_to_uM,Fermented Milk,Casein,L. helveticus (IMAU60066),extracellular proteinase,In vitro and In vivo,spontaneously Hypertensive Rats,Spectrophotometric assay using HHL as substate,Ultra Performance LC-Tandem MS,,,325.20014000000003,25151888;12369200,,4.5,37c,10.7h,https://webs.iiitd.edu.in/raghava/fermfoodb/display_sub.php?details=FMDB2025,activity_label_not_exact_ace_inhibitory; mass_da_estimated_from_sequence,estimated_from_sequence,0,mass_da_estimated_from_sequence,expanded,1,
fermfoodb_ace_000799,ace,database,FermFooDb,FMDB2026,ACE,VPP,3,Ace-inhibitory;Anti-hypertensive,9 micro mol /l,9.0,M,=,9000000.0,exact_molar,converted_from_M_to_uM,Fermented Milk,Casein,L. helveticus (IMAU60212),extracellular proteinase,In vitro and In vivo,spontaneously Hypertensive Rats,Spectrophotometric assay using HHL as substate,Ultra Performance LC-Tandem MS,,,311.18449,25151888;12369200,,4.5,37c,11.2h,https://webs.iiitd.edu.in/raghava/fermfoodb/display_sub.php?details=FMDB2026,activity_label_not_exact_ace_inhibitory; mass_da_estimated_from_sequence,estimated_from_sequence,0,mass_da_estimated_from_sequence,expanded,1,
fermfoodb_ace_000800,ace,database,FermFooDb,FMDB2027,ACE,IPP,3,Ace-inhibitory;Anti-hypertensive,5 micromol/l,5.0,M,=,5000000.0,exact_molar,converted_from_M_to_uM,Fermented Milk,Casein,L. helveticus (IMAU60212),extracellular proteinase,In vitro and In vivo,spontaneously Hypertensive Rats,Spectrophotometric assay using HHL as substate,Ultra Performance LC-Tandem MS,,,325.20014000000003,25151888;12369200,,4.5,37c,11.2h,https://webs.iiitd.edu.in/raghava/fermfoodb/display_sub.php?details=FMDB2027,activity_label_not_exact_ace_inhibitory; mass_da_estimated_from_sequence,estimated_from_sequence,0,mass_da_estimated_from_sequence,expanded,1,
fermfoodb_ace_000801,ace,database,FermFooDb,FMDB2028,ACE,VPP,3,Ace-inhibitory;Anti-hypertensive,9 micro mol /l,9.0,M,=,9000000.0,exact_molar,converted_from_M_to_uM,Fermented Milk,Casein,L. helveticus (IMAU50151),extracellular proteinase,In vitro and In vivo,spontaneously Hypertensive Rats,Spectrophotometric assay using HHL as substate,Ultra Performance LC-Tandem MS,,,311.18449,25151888;12369200,,4.5,37c,25.0h,https://webs.iiitd.edu.in/raghava/fermfoodb/display_sub.php?details=FMDB2028,activity_label_not_exact_ace_inhibitory; mass_da_estimated_from_sequence,estimated_from_sequence,0,mass_da_estimated_from_sequence,expanded,1,
fermfoodb_ace_000802,ace,database,FermFooDb,FMDB2029,ACE,IPP,3,Ace-inhibitory;Anti-hypertensive,5 micromol/l,5.0,M,=,5000000.0,exact_molar,converted_from_M_to_uM,Fermented Milk,Casein,L. helveticus (IMAU50151),extracellular proteinase,In vitro and In vivo,spontaneously Hypertensive Rats,Spectrophotometric assay using HHL as substate,Ultra Performance LC-Tandem MS,,,325.20014000000003,25151888;12369200,,4.5,37c,25.0h,https://webs.iiitd.edu.in/raghava/fermfoodb/display_sub.php?details=FMDB2029,activity_label_not_exact_ace_inhibitory; mass_da_estimated_from_sequence,estimated_from_sequence,0,mass_da_estimated_from_sequence,expanded,1,
fermfoodb_ace_000803,ace,database,FermFooDb,FMDB2030,ACE,VPP,3,Ace-inhibitory;Anti-hypertensive,9 micro mol /l,9.0,M,=,9000000.0,exact_molar,converted_from_M_to_uM,Fermented Milk,Casein,L. helveticus (IMAU60117),extracellular proteinase,In vitro and In vivo,spontaneously Hypertensive Rats,Spectrophotometric assay using HHL as substate,Ultra Performance LC-Tandem MS,,,311.18449,25151888;12369200,,4.5,37c,11.7h,https://webs.iiitd.edu.in/raghava/fermfoodb/display_sub.php?details=FMDB2030,activity_label_not_exact_ace_inhibitory; mass_da_estimated_from_sequence,estimated_from_sequence,0,mass_da_estimated_from_sequence,expanded,1,
fermfoodb_ace_000804,ace,database,FermFooDb,FMDB2031,ACE,IPP,3,Ace-inhibitory;Anti-hypertensive,5 micromol/l,5.0,M,=,5000000.0,exact_molar,converted_from_M_to_uM,Fermented Milk,Casein,L. helveticus (IMAU60117),extracellular proteinase,In vitro and In vivo,spontaneously Hypertensive Rats,Spectrophotometric assay using HHL as substate,Ultra Performance LC-Tandem MS,,,325.20014000000003,25151888;12369200,,4.5,37c,11.7h,https://webs.iiitd.edu.in/raghava/fermfoodb/display_sub.php?details=FMDB2031,activity_label_not_exact_ace_inhibitory; mass_da_estimated_from_sequence,estimated_from_sequence,0,mass_da_estimated_from_sequence,expanded,1,
fermfoodb_ace_000805,ace,database,FermFooDb,FMDB2032,ACE,VPP,3,Ace-inhibitory;Anti-hypertensive,9 micro mol /l,9.0,M,=,9000000.0,exact_molar,converted_from_M_to_uM,Fermented Milk,Casein,L. helveticus (IMAU30003),extracellular proteinase,In vitro and In vivo,spontaneously Hypertensive Rats,Spectrophotometric assay using HHL as substate,Ultra Performance LC-Tandem MS,,,311.18449,25151888;12369200,,4.5,37c,11h,https://webs.iiitd.edu.in/raghava/fermfoodb/display_sub.php?details=FMDB2032,activity_label_not_exact_ace_inhibitory; mass_da_estimated_from_sequence,estimated_from_sequence,0,mass_da_estimated_from_sequence,expanded,1,
fermfoodb_ace_000806,ace,database,FermFooDb,FMDB2033,ACE,IPP,3,Ace-inhibitory;Anti-hypertensive,5 micromol/l,5.0,M,=,5000000.0,exact_molar,converted_from_M_to_uM,Fermented Milk,Casein,L. helveticus (IMAU30003),extracellular proteinase,In vitro and In vivo,spontaneously Hypertensive Rats,Spectrophotometric assay using HHL as substate,Ultra Performance LC-Tandem MS,,,325.20014000000003,25151888;12369200,,4.5,37c,11h,https://webs.iiitd.edu.in/raghava/fermfoodb/display_sub.php?details=FMDB2033,activity_label_not_exact_ace_inhibitory; mass_da_estimated_from_sequence,estimated_from_sequence,0,mass_da_estimated_from_sequence,expanded,1,
fermfoodb_ace_000807,ace,database,FermFooDb,FMDB2034,ACE,IPP,3,Ace-inhibitory;Anti-hypertensive,5 micromol/l,5.0,M,=,5000000.0,exact_molar,converted_from_M_to_uM,Fermented Milk,Casein,L. helveticus (IMAU30023),extracellular proteinase,In vitro and In vivo,spontaneously Hypertensive Rats,Spectrophotometric assay using HHL as substate,Ultra Performance LC-Tandem MS,,,325.20014000000003,25151888;12369200,,4.5,37c,23h,https://webs.iiitd.edu.in/raghava/fermfoodb/display_sub.php?details=FMDB2034,activity_label_not_exact_ace_inhibitory; mass_da_estimated_from_sequence,estimated_from_sequence,0,mass_da_estimated_from_sequence,expanded,1,
fermfoodb_ace_000808,ace,database,FermFooDb,FMDB2035,ACE,IPP,3,Ace-inhibitory;Anti-hypertensive,5 micromol/l,5.0,M,=,5000000.0,exact_molar,converted_from_M_to_uM,Fermented Milk,Casein,L. helveticus (IMAU50061),extracellular proteinase,In vitro and In vivo,spontaneously Hypertensive Rats,Spectrophotometric assay using HHL as substate,Ultra Performance LC-Tandem MS,,,325.20014000000003,25151888;12369200,,4.5,37c,42.4h,https://webs.iiitd.edu.in/raghava/fermfoodb/display_sub.php?details=FMDB2035,activity_label_not_exact_ace_inhibitory; mass_da_estimated_from_sequence,estimated_from_sequence,0,mass_da_estimated_from_sequence,expanded,1,
fermfoodb_ace_000809,ace,database,FermFooDb,FMDB2036,ACE,VPP,3,Ace-inhibitory;Anti-hypertensive,9 micro mol /l,9.0,M,=,9000000.0,exact_molar,converted_from_M_to_uM,Fermented Milk,Casein,L. helveticus (IMAU30134),extracellular proteinase,In vitro and In vivo,spontaneously Hypertensive Rats,Spectrophotometric assay using HHL as substate,Ultra Performance LC-Tandem MS,,,311.18449,25151888;12369200,,4.5,37c,16h,https://webs.iiitd.edu.in/raghava/fermfoodb/display_sub.php?details=FMDB2036,activity_label_not_exact_ace_inhibitory; mass_da_estimated_from_sequence,estimated_from_sequence,0,mass_da_estimated_from_sequence,expanded,1,
fermfoodb_ace_000810,ace,database,FermFooDb,FMDB2037,ACE,IPP,3,Ace-inhibitory;Anti-hypertensive,5 micromol/l,5.0,M,=,5000000.0,exact_molar,converted_from_M_to_uM,Fermented Milk,Casein,L. helveticus (IMAU30134),extracellular proteinase,In vitro and In vivo,spontaneously Hypertensive Rats,Spectrophotometric assay using HHL as substate,Ultra Performance LC-Tandem MS,,,325.20014000000003,25151888;12369200,,4.5,37c,16h,https://webs.iiitd.edu.in/raghava/fermfoodb/display_sub.php?details=FMDB2037,activity_label_not_exact_ace_inhibitory; mass_da_estimated_from_sequence,estimated_from_sequence,0,mass_da_estimated_from_sequence,expanded,1,
fermfoodb_ace_000811,ace,database,FermFooDb,FMDB2038,ACE,VPP,3,Ace-inhibitory;Anti-hypertensive,9 micro mol /l,9.0,M,=,9000000.0,exact_molar,converted_from_M_to_uM,Fermented Milk,Casein,L. helveticus (IMAU60206),extracellular proteinase,In vitro and In vivo,spontaneously Hypertensive Rats,Spectrophotometric assay using HHL as substate,Ultra Performance LC-Tandem MS,,,311.18449,25151888;12369200,,4.5,37c,14.5h,https://webs.iiitd.edu.in/raghava/fermfoodb/display_sub.php?details=FMDB2038,activity_label_not_exact_ace_inhibitory; mass_da_estimated_from_sequence,estimated_from_sequence,0,mass_da_estimated_from_sequence,expanded,1,
fermfoodb_ace_000812,ace,database,FermFooDb,FMDB2039,ACE,IPP,3,Ace-inhibitory;Anti-hypertensive,5 micromol/l,5.0,M,=,5000000.0,exact_molar,converted_from_M_to_uM,Fermented Milk,Casein,L. helveticus (IMAU60206),extracellular proteinase,In vitro and In vivo,spontaneously Hypertensive Rats,Spectrophotometric assay using HHL as substate,Ultra Performance LC-Tandem MS,,,325.20014000000003,25151888;12369200,,4.5,37c,14.5h,https://webs.iiitd.edu.in/raghava/fermfoodb/display_sub.php?details=FMDB2039,activity_label_not_exact_ace_inhibitory; mass_da_estimated_from_sequence,estimated_from_sequence,0,mass_da_estimated_from_sequence,expanded,1,
fermfoodb_ace_000813,ace,database,FermFooDb,FMDB2040,ACE,IPP,3,Ace-inhibitory;Anti-hypertensive,5 micromol/l,5.0,M,=,5000000.0,exact_molar,converted_from_M_to_uM,Fermented Milk,Casein,L. helveticus (IMAU50011),extracellular proteinase,In vitro and In vivo,spontaneously Hypertensive Rats,Spectrophotometric assay using HHL as substate,Ultra Performance LC-Tandem MS,,,325.20014000000003,25151888;12369200,,4.5,37c,25.0h,https://webs.iiitd.edu.in/raghava/fermfoodb/display_sub.php?details=FMDB2040,activity_label_not_exact_ace_inhibitory; mass_da_estimated_from_sequence,estimated_from_sequence,0,mass_da_estimated_from_sequence,expanded,1,
fermfoodb_ace_000829,ace,database,FermFooDb,FMDB2075,ACE,HQK,3,Ace-inhibitory,786ug/ml,786.0,ug/ml,=,1910.270743207116,exact_molar,converted_from_ug_per_ml_to_uM_using_mass_da,sheep Milk sodium Caseinate,αS2-Casein,Proteinase of L.helveticus PR4,proteinase,In vitro,,Spectrophotometric assay using HHL and furanacryloyl-Phe-Gly-Gly as substate,MALDITOF-MS,,411.46,411.46,12957917,,4.6,37c,48h,https://webs.iiitd.edu.in/raghava/fermfoodb/display_sub.php?details=FMDB2075,mass_numeric_extracted,,0,,expanded,1,
fermfoodb_ace_000833,ace,database,FermFooDb,FMDB2079,ACE,QPQ,3,Ace-inhibitory,228.1ug/ml,228.1,ug/ml,=,614.3942250713785,exact_molar,converted_from_ug_per_ml_to_uM_using_mass_da,Human Milk sodium Caseinate,β-Casein,Proteinase of L.helveticus PR4,proteinase,In vitro,,Spectrophotometric assay using HHL and furanacryloyl-Phe-Gly-Gly as substate,MALDITOF-MS,,371.26,371.26,12957917,,4.6,37c,48h,https://webs.iiitd.edu.in/raghava/fermfoodb/display_sub.php?details=FMDB2079,mass_numeric_extracted,,0,,expanded,1,
fermfoodb_ace_000834,ace,database,FermFooDb,FMDB2080,ACE,VPQ,3,Ace-inhibitory,228.1ug/ml,228.1,ug/ml,=,666.4524046046864,exact_molar,converted_from_ug_per_ml_to_uM_using_mass_da,Human Milk sodium Caseinate,β-Casein,Proteinase of L.helveticus PR4,proteinase,In vitro,,Spectrophotometric assay using HHL and furanacryloyl-Phe-Gly-Gly as substate,MALDITOF-MS,,342.26,342.26,12957917,,4.6,37c,48h,https://webs.iiitd.edu.in/raghava/fermfoodb/display_sub.php?details=FMDB2080,mass_numeric_extracted,,0,,expanded,1,
fermfoodb_ace_000835,ace,database,FermFooDb,FMDB2081,ACE,IPQ,3,Ace-inhibitory,228.1ug/ml,228.1,ug/ml,=,640.0830620720619,exact_molar,converted_from_ug_per_ml_to_uM_using_mass_da,Human Milk sodium Caseinate,β-Casein,Proteinase of L.helveticus PR4,proteinase,In vitro,,Spectrophotometric assay using HHL and furanacryloyl-Phe-Gly-Gly as substate,MALDITOF-MS,,356.36,356.36,12957917,,4.6,37c,48h,https://webs.iiitd.edu.in/raghava/fermfoodb/display_sub.php?details=FMDB2081,mass_numeric_extracted,,0,,expanded,1,
fermfoodb_ace_000857,ace,database,FermFooDb,FMDB2203,ACE,AF,2,Ace-inhibitory,165.3uM,165.3,uM,=,165.3,exact_molar,parsed_direct_uM_like_unit,Salt free soy sauce,,Aspergillus oryzae,,In vitro,,Spectrophotometric assay using HHL as substate,,,,236.11608,,Identification of ACE-inhibitory peptides in salt-free soy sauce that are transportable across caco-2 cell monolayers,,,,https://webs.iiitd.edu.in/raghava/fermfoodb/display_sub.php?details=FMDB2203,pubmed_id_missing; mass_da_estimated_from_sequence,estimated_from_sequence,0,mass_da_estimated_from_sequence,expanded,1,
fermfoodb_ace_000859,ace,database,FermFooDb,FMDB2205,ACE,IF,2,Ace-inhibitory,65.8 µM,65.8,uM,=,65.8,exact_molar,parsed_direct_uM_like_unit,Salt free soy sauce,,Aspergillus oryzae,,In vitro,,Spectrophotometric assay using HHL as substate,,,,278.16303,,Identification of ACE-inhibitory peptides in salt-free soy sauce that are transportable across caco-2 cell monolayers,,,,https://webs.iiitd.edu.in/raghava/fermfoodb/display_sub.php?details=FMDB2205,pubmed_id_missing; mass_da_estimated_from_sequence,estimated_from_sequence,0,mass_da_estimated_from_sequence,expanded,1,
