sequence,peptide_length,record_count,record_id_list,source_record_id_list,source_name_set,ic50_parse_status_set,ic50_relation_set,ic50_uM_min,ic50_uM_max,ic50_uM_mean,ic50_uM_median,ic50_spread_ratio_max_min,bibliographic_year_min,bibliographic_year_max,detail_report_url_list,notes_set
AA,2,1,biopep_ace_000194,7590,BIOPEP-UWM,exact_molar,=,620.0,620.0,620.0,620.0,1.0,1981,1981,https://biochemia.uwm.edu.pl/biopep/peptidedatacard.php?zm_ID=7590,
AC,2,1,biopep_ace_000834,11320,BIOPEP-UWM,exact_molar,=,547.02,547.02,547.02,547.02,1.0,2025,2025,https://biochemia.uwm.edu.pl/biopep/peptidedatacard.php?zm_ID=11320,
AF,2,1,biopep_ace_000187,7583,BIOPEP-UWM,exact_molar,=,190.0,190.0,190.0,190.0,1.0,1980,1980,https://biochemia.uwm.edu.pl/biopep/peptidedatacard.php?zm_ID=7583,
AG,2,1,biopep_ace_000204,7600,BIOPEP-UWM,exact_molar,=,2500.0,2500.0,2500.0,2500.0,1.0,1980,1980,https://biochemia.uwm.edu.pl/biopep/peptidedatacard.php?zm_ID=7600,
AH,2,1,biopep_ace_000251,7835,BIOPEP-UWM,exact_molar,=,9000.0,9000.0,9000.0,9000.0,1.0,2008,2008,https://biochemia.uwm.edu.pl/biopep/peptidedatacard.php?zm_ID=7835,
AI,2,1,biopep_ace_000268,8193,BIOPEP-UWM,exact_molar,=,3.41,3.41,3.41,3.41,1.0,2010,2010,https://biochemia.uwm.edu.pl/biopep/peptidedatacard.php?zm_ID=8193,
AK,2,1,biopep_ace_000765,10920,BIOPEP-UWM,exact_molar,=,0.0,0.0,0.0,0.0,,2025,2025,https://biochemia.uwm.edu.pl/biopep/peptidedatacard.php?zm_ID=10920,
AP,2,1,biopep_ace_000188,7584,BIOPEP-UWM,exact_molar,=,230.0,230.0,230.0,230.0,1.0,1980,1980,https://biochemia.uwm.edu.pl/biopep/peptidedatacard.php?zm_ID=7584,
AR,2,1,biopep_ace_000234,7742,BIOPEP-UWM,exact_molar,=,95.5,95.5,95.5,95.5,1.0,2007,2007,https://biochemia.uwm.edu.pl/biopep/peptidedatacard.php?zm_ID=7742,
AV,2,1,biopep_ace_000303,8951,BIOPEP-UWM,exact_molar,=,956.28,956.28,956.28,956.28,1.0,2015,2015,https://biochemia.uwm.edu.pl/biopep/peptidedatacard.php?zm_ID=8951,
AW,2,1,biopep_ace_000166,7543,BIOPEP-UWM,exact_molar,=,10.0,10.0,10.0,10.0,1.0,2004,2004,https://biochemia.uwm.edu.pl/biopep/peptidedatacard.php?zm_ID=7543,
AY,2,1,biopep_ace_000141,3563,BIOPEP-UWM,exact_molar,=,19.0,19.0,19.0,19.0,1.0,1996,1996,https://biochemia.uwm.edu.pl/biopep/peptidedatacard.php?zm_ID=3563,
DA,2,1,biopep_ace_000210,7606,BIOPEP-UWM,exact_molar,=,3800.0,3800.0,3800.0,3800.0,1.0,1981,1981,https://biochemia.uwm.edu.pl/biopep/peptidedatacard.php?zm_ID=7606,
DF,2,1,biopep_ace_000371,9074,BIOPEP-UWM,exact_molar,=,363.1,363.1,363.1,363.1,1.0,2006,2006,https://biochemia.uwm.edu.pl/biopep/peptidedatacard.php?zm_ID=9074,
DL,2,1,biopep_ace_000683,10408,BIOPEP-UWM,exact_molar,=,0.0,0.0,0.0,0.0,,2003,2003,https://biochemia.uwm.edu.pl/biopep/peptidedatacard.php?zm_ID=10408,
DM,2,1,biopep_ace_000372,9075,BIOPEP-UWM,exact_molar,=,602.6,602.6,602.6,602.6,1.0,2006,2006,https://biochemia.uwm.edu.pl/biopep/peptidedatacard.php?zm_ID=9075,
DR,2,1,biopep_ace_000647,10091,BIOPEP-UWM,exact_molar,=,110.5,110.5,110.5,110.5,1.0,2021,2021,https://biochemia.uwm.edu.pl/biopep/peptidedatacard.php?zm_ID=10091,
DW,2,1,biopep_ace_000775,10990,BIOPEP-UWM,exact_molar,=,258.0,258.0,258.0,258.0,1.0,2012,2012,https://biochemia.uwm.edu.pl/biopep/peptidedatacard.php?zm_ID=10990,
DY,2,1,biopep_ace_000369,9072,BIOPEP-UWM,exact_molar,=,100.0,100.0,100.0,100.0,1.0,2006,2006,https://biochemia.uwm.edu.pl/biopep/peptidedatacard.php?zm_ID=9072,
EA,2,1,biopep_ace_000227,7623,BIOPEP-UWM,exact_molar,=,10000.0,10000.0,10000.0,10000.0,1.0,1980,1980,https://biochemia.uwm.edu.pl/biopep/peptidedatacard.php?zm_ID=7623,
EF,2,1,biopep_ace_000612,9942,BIOPEP-UWM,exact_molar,=,0.0,0.0,0.0,0.0,,2010,2010,https://biochemia.uwm.edu.pl/biopep/peptidedatacard.php?zm_ID=9942,
EG,2,1,biopep_ace_000226,7622,BIOPEP-UWM,exact_molar,=,10000.0,10000.0,10000.0,10000.0,1.0,1980,1980,https://biochemia.uwm.edu.pl/biopep/peptidedatacard.php?zm_ID=7622,
EK,2,1,biopep_ace_000256,7840,BIOPEP-UWM,exact_molar,=,0.0,0.0,0.0,0.0,,2008,2008,https://biochemia.uwm.edu.pl/biopep/peptidedatacard.php?zm_ID=7840,
ER,2,1,biopep_ace_000613,9944,BIOPEP-UWM,exact_molar,=,270.0,270.0,270.0,270.0,1.0,2010,2010,https://biochemia.uwm.edu.pl/biopep/peptidedatacard.php?zm_ID=9944,
EW,2,1,biopep_ace_000254,7838,BIOPEP-UWM,exact_molar,=,0.0,0.0,0.0,0.0,,2008,2008,https://biochemia.uwm.edu.pl/biopep/peptidedatacard.php?zm_ID=7838,
FF,2,1,biopep_ace_000635,10027,BIOPEP-UWM,exact_molar,=,59.15,59.15,59.15,59.15,1.0,2017,2017,https://biochemia.uwm.edu.pl/biopep/peptidedatacard.php?zm_ID=10027,
FG,2,1,biopep_ace_000209,7605,BIOPEP-UWM,exact_molar,=,3700.0,3700.0,3700.0,3700.0,1.0,1980,1980,https://biochemia.uwm.edu.pl/biopep/peptidedatacard.php?zm_ID=7605,
FK,2,1,biopep_ace_000738,10718,BIOPEP-UWM,exact_molar,=,265.43,265.43,265.43,265.43,1.0,2011,2011,https://biochemia.uwm.edu.pl/biopep/peptidedatacard.php?zm_ID=10718,
FL,2,1,biopep_ace_000789,11103,BIOPEP-UWM,exact_molar,=,13.6,13.6,13.6,13.6,1.0,2006,2006,https://biochemia.uwm.edu.pl/biopep/peptidedatacard.php?zm_ID=11103,
FQ,2,1,biopep_ace_000373,9076,BIOPEP-UWM,exact_molar,=,51.29,51.29,51.29,51.29,1.0,2006,2006,https://biochemia.uwm.edu.pl/biopep/peptidedatacard.php?zm_ID=9076,
FR,2,1,biopep_ace_000196,7592,BIOPEP-UWM,exact_molar,=,920.0,920.0,920.0,920.0,1.0,1981,1981,https://biochemia.uwm.edu.pl/biopep/peptidedatacard.php?zm_ID=7592,
FW,2,1,biopep_ace_000739,10719,BIOPEP-UWM,exact_molar,=,0.0,0.0,0.0,0.0,,2017,2017,https://biochemia.uwm.edu.pl/biopep/peptidedatacard.php?zm_ID=10719,
FY,2,1,biopep_ace_000138,3556,BIOPEP-UWM,exact_molar,=,25.0,25.0,25.0,25.0,1.0,1996,1996,https://biochemia.uwm.edu.pl/biopep/peptidedatacard.php?zm_ID=3556,
GA,2,1,biopep_ace_000202,7598,BIOPEP-UWM,exact_molar,=,2000.0,2000.0,2000.0,2000.0,1.0,1980,1980,https://biochemia.uwm.edu.pl/biopep/peptidedatacard.php?zm_ID=7598,
GD,2,1,biopep_ace_000224,7620,BIOPEP-UWM,exact_molar,=,9200.0,9200.0,9200.0,9200.0,1.0,1980,1980,https://biochemia.uwm.edu.pl/biopep/peptidedatacard.php?zm_ID=7620,
GE,2,1,biopep_ace_000219,7615,BIOPEP-UWM,exact_molar,=,5400.0,5400.0,5400.0,5400.0,1.0,1980,1980,https://biochemia.uwm.edu.pl/biopep/peptidedatacard.php?zm_ID=7615,
GF,2,1,biopep_ace_000195,7591,BIOPEP-UWM,exact_molar,=,630.0,630.0,630.0,630.0,1.0,1980,1980,https://biochemia.uwm.edu.pl/biopep/peptidedatacard.php?zm_ID=7591,
GG,2,1,biopep_ace_000220,7616,BIOPEP-UWM,exact_molar,=,7200.0,7200.0,7200.0,7200.0,1.0,1981,1981,https://biochemia.uwm.edu.pl/biopep/peptidedatacard.php?zm_ID=7616,
GI,2,1,biopep_ace_000200,7596,BIOPEP-UWM,exact_molar,=,1200.0,1200.0,1200.0,1200.0,1.0,1980,1980,https://biochemia.uwm.edu.pl/biopep/peptidedatacard.php?zm_ID=7596,
GK,2,1,biopep_ace_000215,7611,BIOPEP-UWM,exact_molar,=,5400.0,5400.0,5400.0,5400.0,1.0,1980,1980,https://biochemia.uwm.edu.pl/biopep/peptidedatacard.php?zm_ID=7611,
GL,2,1,biopep_ace_000203,7599,BIOPEP-UWM,exact_molar,=,2500.0,2500.0,2500.0,2500.0,1.0,1980,1980,https://biochemia.uwm.edu.pl/biopep/peptidedatacard.php?zm_ID=7599,
GM,2,1,biopep_ace_000201,7597,BIOPEP-UWM,exact_molar,=,1400.0,1400.0,1400.0,1400.0,1.0,1980,1980,https://biochemia.uwm.edu.pl/biopep/peptidedatacard.php?zm_ID=7597,
GQ,2,1,biopep_ace_000214,7610,BIOPEP-UWM,exact_molar,=,7000.0,7000.0,7000.0,7000.0,1.0,1980,1980,https://biochemia.uwm.edu.pl/biopep/peptidedatacard.php?zm_ID=7610,
GR,2,1,biopep_ace_000207,7603,BIOPEP-UWM,exact_molar,=,3200.0,3200.0,3200.0,3200.0,1.0,1980,1980,https://biochemia.uwm.edu.pl/biopep/peptidedatacard.php?zm_ID=7603,
GS,2,1,biopep_ace_000211,7607,BIOPEP-UWM,exact_molar,=,3800.0,3800.0,3800.0,3800.0,1.0,1980,1980,https://biochemia.uwm.edu.pl/biopep/peptidedatacard.php?zm_ID=7607,
GT,2,1,biopep_ace_000216,7612,BIOPEP-UWM,exact_molar,=,5700.0,5700.0,5700.0,5700.0,1.0,1980,1980,https://biochemia.uwm.edu.pl/biopep/peptidedatacard.php?zm_ID=7612,
GV,2,1,biopep_ace_000212,7608,BIOPEP-UWM,exact_molar,=,4600.0,4600.0,4600.0,4600.0,1.0,1980,1980,https://biochemia.uwm.edu.pl/biopep/peptidedatacard.php?zm_ID=7608,
GW,2,1,biopep_ace_000183,7579,BIOPEP-UWM,exact_molar,=,30.0,30.0,30.0,30.0,1.0,1980,1980,https://biochemia.uwm.edu.pl/biopep/peptidedatacard.php?zm_ID=7579,
GY,2,1,biopep_ace_000122,3532,BIOPEP-UWM,exact_molar,=,210.0,210.0,210.0,210.0,1.0,1980,1980,https://biochemia.uwm.edu.pl/biopep/peptidedatacard.php?zm_ID=3532,
HG,2,1,biopep_ace_000218,7614,BIOPEP-UWM,exact_molar,=,6300.0,6300.0,6300.0,6300.0,1.0,1980,1980,https://biochemia.uwm.edu.pl/biopep/peptidedatacard.php?zm_ID=7614,
HK,2,1,biopep_ace_000260,7844,BIOPEP-UWM,exact_molar,=,0.0,0.0,0.0,0.0,,2008,2008,https://biochemia.uwm.edu.pl/biopep/peptidedatacard.php?zm_ID=7844,
HL,2,1,biopep_ace_000206,7602,BIOPEP-UWM,exact_molar,=,3200.0,3200.0,3200.0,3200.0,1.0,1981,1981,https://biochemia.uwm.edu.pl/biopep/peptidedatacard.php?zm_ID=7602,
HP,2,1,biopep_ace_000258,7842,BIOPEP-UWM,exact_molar,=,0.0,0.0,0.0,0.0,,2008,2008,https://biochemia.uwm.edu.pl/biopep/peptidedatacard.php?zm_ID=7842,
IF,2,1,biopep_ace_000197,7593,BIOPEP-UWM,exact_molar,=,930.0,930.0,930.0,930.0,1.0,1980,1980,https://biochemia.uwm.edu.pl/biopep/peptidedatacard.php?zm_ID=7593,
IG,2,1,biopep_ace_000199,7595,BIOPEP-UWM,exact_molar,=,1200.0,1200.0,1200.0,1200.0,1.0,1980,1980,https://biochemia.uwm.edu.pl/biopep/peptidedatacard.php?zm_ID=7595,
IL,2,1,biopep_ace_000376,9079,BIOPEP-UWM,exact_molar,=,54.95,54.95,54.95,54.95,1.0,2006,2006,https://biochemia.uwm.edu.pl/biopep/peptidedatacard.php?zm_ID=9079,
IP,2,1,biopep_ace_000185,7581,BIOPEP-UWM,exact_molar,=,130.0,130.0,130.0,130.0,1.0,1980,1980,https://biochemia.uwm.edu.pl/biopep/peptidedatacard.php?zm_ID=7581,
IW,2,1,biopep_ace_000167,7544,BIOPEP-UWM,exact_molar,=,4.7,4.7,4.7,4.7,1.0,2003,2003,https://biochemia.uwm.edu.pl/biopep/peptidedatacard.php?zm_ID=7544,
IY,2,1,biopep_ace_000077,3383,BIOPEP-UWM,exact_molar,=,2.1,2.1,2.1,2.1,1.0,1994,1994,https://biochemia.uwm.edu.pl/biopep/peptidedatacard.php?zm_ID=3383,
KA,2,1,biopep_ace_000235,7743,BIOPEP-UWM,exact_molar,=,31.5,31.5,31.5,31.5,1.0,2007,2007,https://biochemia.uwm.edu.pl/biopep/peptidedatacard.php?zm_ID=7743,
KE,2,1,biopep_ace_000257,7841,BIOPEP-UWM,exact_molar,=,0.0,0.0,0.0,0.0,,2008,2008,https://biochemia.uwm.edu.pl/biopep/peptidedatacard.php?zm_ID=7841,
KF,2,1,biopep_ace_000232,7692,BIOPEP-UWM,exact_molar,=,28.3,28.3,28.3,28.3,1.0,2006,2006,https://biochemia.uwm.edu.pl/biopep/peptidedatacard.php?zm_ID=7692,
KG,2,1,biopep_ace_000208,7604,BIOPEP-UWM,exact_molar,=,3200.0,3200.0,3200.0,3200.0,1.0,1980,1980,https://biochemia.uwm.edu.pl/biopep/peptidedatacard.php?zm_ID=7604,
KK,2,1,biopep_ace_000766,10921,BIOPEP-UWM,exact_molar,=,0.0,0.0,0.0,0.0,,2025,2025,https://biochemia.uwm.edu.pl/biopep/peptidedatacard.php?zm_ID=10921,
KR,2,1,biopep_ace_000190,7586,BIOPEP-UWM,exact_molar,=,380.0,380.0,380.0,380.0,1.0,1981,1981,https://biochemia.uwm.edu.pl/biopep/peptidedatacard.php?zm_ID=7586,
KW,2,1,biopep_ace_000080,3386,BIOPEP-UWM,exact_molar,=,1.63,1.63,1.63,1.63,1.0,1994,1994,https://biochemia.uwm.edu.pl/biopep/peptidedatacard.php?zm_ID=3386,
LA,2,1,biopep_ace_000189,7585,BIOPEP-UWM,exact_molar,=,310.0,310.0,310.0,310.0,1.0,1981,1981,https://biochemia.uwm.edu.pl/biopep/peptidedatacard.php?zm_ID=7585,
LF,2,1,biopep_ace_000136,3551,BIOPEP-UWM,exact_molar,=,349.0,349.0,349.0,349.0,1.0,1998,1998,https://biochemia.uwm.edu.pl/biopep/peptidedatacard.php?zm_ID=3551,
LG,2,1,biopep_ace_000223,7619,BIOPEP-UWM,exact_molar,=,8800.0,8800.0,8800.0,8800.0,1.0,1980,1980,https://biochemia.uwm.edu.pl/biopep/peptidedatacard.php?zm_ID=7619,
LN,2,1,biopep_ace_000248,7832,BIOPEP-UWM,exact_molar,=,0.0,0.0,0.0,0.0,,2008,2008,https://biochemia.uwm.edu.pl/biopep/peptidedatacard.php?zm_ID=7832,
LP,2,1,biopep_ace_000648,10092,BIOPEP-UWM,exact_molar,=,117.8,117.8,117.8,117.8,1.0,2021,2021,https://biochemia.uwm.edu.pl/biopep/peptidedatacard.php?zm_ID=10092,
LQ,2,1,biopep_ace_000247,7831,BIOPEP-UWM,exact_molar,=,0.0,0.0,0.0,0.0,,2008,2008,https://biochemia.uwm.edu.pl/biopep/peptidedatacard.php?zm_ID=7831,
LR,2,1,biopep_ace_000459,9213,BIOPEP-UWM,exact_molar,=,158.0,158.0,158.0,158.0,1.0,2014,2014,https://biochemia.uwm.edu.pl/biopep/peptidedatacard.php?zm_ID=9213,
LY,2,1,biopep_ace_000075,3381,BIOPEP-UWM,exact_molar,=,18.0,18.0,18.0,18.0,1.0,1994,1994,https://biochemia.uwm.edu.pl/biopep/peptidedatacard.php?zm_ID=3381,
ME,2,1,biopep_ace_000255,7839,BIOPEP-UWM,exact_molar,=,0.0,0.0,0.0,0.0,,2008,2008,https://biochemia.uwm.edu.pl/biopep/peptidedatacard.php?zm_ID=7839,
MF,2,1,biopep_ace_000079,3385,BIOPEP-UWM,exact_molar,=,45.0,45.0,45.0,45.0,1.0,1994,1994,https://biochemia.uwm.edu.pl/biopep/peptidedatacard.php?zm_ID=3385,
MG,2,1,biopep_ace_000213,7609,BIOPEP-UWM,exact_molar,=,4800.0,4800.0,4800.0,4800.0,1.0,1980,1980,https://biochemia.uwm.edu.pl/biopep/peptidedatacard.php?zm_ID=7609,
MM,2,1,biopep_ace_000380,9085,BIOPEP-UWM,exact_molar,=,547.5,547.5,547.5,547.5,1.0,2016,2016,https://biochemia.uwm.edu.pl/biopep/peptidedatacard.php?zm_ID=9085,
MW,2,1,biopep_ace_000385,9091,BIOPEP-UWM,exact_molar,=,10.0,10.0,10.0,10.0,1.0,2006,2006,https://biochemia.uwm.edu.pl/biopep/peptidedatacard.php?zm_ID=9091,
MY,2,1,biopep_ace_000082,3388,BIOPEP-UWM,exact_molar,=,193.0,193.0,193.0,193.0,1.0,1994,1994,https://biochemia.uwm.edu.pl/biopep/peptidedatacard.php?zm_ID=3388,
NG,2,1,biopep_ace_000228,7624,BIOPEP-UWM,exact_molar,=,12000.0,12000.0,12000.0,12000.0,1.0,1981,1981,https://biochemia.uwm.edu.pl/biopep/peptidedatacard.php?zm_ID=7624,
PA,2,1,biopep_ace_000768,10923,BIOPEP-UWM,exact_molar,=,0.0,0.0,0.0,0.0,,2025,2025,https://biochemia.uwm.edu.pl/biopep/peptidedatacard.php?zm_ID=10923,
PG,2,1,biopep_ace_000229,7625,BIOPEP-UWM,exact_molar,=,17000.0,17000.0,17000.0,17000.0,1.0,1980,1980,https://biochemia.uwm.edu.pl/biopep/peptidedatacard.php?zm_ID=7625,
PH,2,1,biopep_ace_000259,7843,BIOPEP-UWM,exact_molar,=,0.0,0.0,0.0,0.0,,2008,2008,https://biochemia.uwm.edu.pl/biopep/peptidedatacard.php?zm_ID=7843,
PQ,2,1,biopep_ace_000253,7837,BIOPEP-UWM,exact_molar,=,0.0,0.0,0.0,0.0,,2008,2008,https://biochemia.uwm.edu.pl/biopep/peptidedatacard.php?zm_ID=7837,
PR,2,1,biopep_ace_000126,3537,BIOPEP-UWM,exact_molar,=,4.1,4.1,4.1,4.1,1.0,1994,1994,https://biochemia.uwm.edu.pl/biopep/peptidedatacard.php?zm_ID=3537,
PT,2,1,biopep_ace_000249,7833,BIOPEP-UWM,exact_molar,=,0.0,0.0,0.0,0.0,,2008,2008,https://biochemia.uwm.edu.pl/biopep/peptidedatacard.php?zm_ID=7833,
QG,2,1,biopep_ace_000221,7617,BIOPEP-UWM,exact_molar,=,7400.0,7400.0,7400.0,7400.0,1.0,1980,1980,https://biochemia.uwm.edu.pl/biopep/peptidedatacard.php?zm_ID=7617,
QP,2,1,biopep_ace_000528,9566,BIOPEP-UWM,exact_molar,=,598.1,598.1,598.1,598.1,1.0,2006,2006,https://biochemia.uwm.edu.pl/biopep/peptidedatacard.php?zm_ID=9566,
RA,2,1,biopep_ace_000192,7588,BIOPEP-UWM,exact_molar,=,460.0,460.0,460.0,460.0,1.0,1981,1981,https://biochemia.uwm.edu.pl/biopep/peptidedatacard.php?zm_ID=7588,
RG,2,1,biopep_ace_000431,9173,BIOPEP-UWM,exact_molar,=,1200.0,1200.0,1200.0,1200.0,1.0,1980,1980,https://biochemia.uwm.edu.pl/biopep/peptidedatacard.php?zm_ID=9173,
RP,2,1,biopep_ace_000186,7582,BIOPEP-UWM,exact_molar,=,180.0,180.0,180.0,180.0,1.0,1980,1980,https://biochemia.uwm.edu.pl/biopep/peptidedatacard.php?zm_ID=7582,
RR,2,1,biopep_ace_000233,7741,BIOPEP-UWM,exact_molar,=,267.1,267.1,267.1,267.1,1.0,2007,2007,https://biochemia.uwm.edu.pl/biopep/peptidedatacard.php?zm_ID=7741,
RW,2,1,biopep_ace_000184,7580,BIOPEP-UWM,exact_molar,=,16.0,16.0,16.0,16.0,1.0,1980,1980,https://biochemia.uwm.edu.pl/biopep/peptidedatacard.php?zm_ID=7580,
RY,2,1,biopep_ace_000074,3380,BIOPEP-UWM,exact_molar,=,10.5,10.5,10.5,10.5,1.0,1994,1994,https://biochemia.uwm.edu.pl/biopep/peptidedatacard.php?zm_ID=3380,
SG,2,1,biopep_ace_000222,7618,BIOPEP-UWM,exact_molar,=,8500.0,8500.0,8500.0,8500.0,1.0,1980,1980,https://biochemia.uwm.edu.pl/biopep/peptidedatacard.php?zm_ID=7618,
SI,2,1,biopep_ace_000832,11318,BIOPEP-UWM,exact_molar,=,188.3,188.3,188.3,188.3,1.0,2025,2025,https://biochemia.uwm.edu.pl/biopep/peptidedatacard.php?zm_ID=11318,
ST,2,1,biopep_ace_000436,9184,BIOPEP-UWM,exact_molar,=,4.03,4.03,4.03,4.03,1.0,2008,2008,https://biochemia.uwm.edu.pl/biopep/peptidedatacard.php?zm_ID=9184,
TE,2,1,biopep_ace_000246,7830,BIOPEP-UWM,exact_molar,=,0.0,0.0,0.0,0.0,,2008,2008,https://biochemia.uwm.edu.pl/biopep/peptidedatacard.php?zm_ID=7830,
TF,2,1,biopep_ace_000267,8185,BIOPEP-UWM,exact_molar,=,18.0,18.0,18.0,18.0,1.0,2009,2009,https://biochemia.uwm.edu.pl/biopep/peptidedatacard.php?zm_ID=8185,
TG,2,1,biopep_ace_000225,7621,BIOPEP-UWM,exact_molar,=,9900.0,9900.0,9900.0,9900.0,1.0,1980,1980,https://biochemia.uwm.edu.pl/biopep/peptidedatacard.php?zm_ID=7621,
TP,2,1,biopep_ace_000370,9073,BIOPEP-UWM,exact_molar,=,288.4,288.4,288.4,288.4,1.0,2006,2006,https://biochemia.uwm.edu.pl/biopep/peptidedatacard.php?zm_ID=9073,
TQ,2,1,biopep_ace_000250,7834,BIOPEP-UWM,exact_molar,=,0.0,0.0,0.0,0.0,,2008,2008,https://biochemia.uwm.edu.pl/biopep/peptidedatacard.php?zm_ID=7834,
VC,2,1,biopep_ace_000787,11040,BIOPEP-UWM,exact_molar,=,134.45,134.45,134.45,134.45,1.0,2017,2017,https://biochemia.uwm.edu.pl/biopep/peptidedatacard.php?zm_ID=11040,
VE,2,1,biopep_ace_000245,7829,BIOPEP-UWM,exact_molar,=,0.0,0.0,0.0,0.0,,2008,2008,https://biochemia.uwm.edu.pl/biopep/peptidedatacard.php?zm_ID=7829,
VF,2,1,biopep_ace_000078,3384,BIOPEP-UWM,exact_molar,=,9.2,9.2,9.2,9.2,1.0,1994,1994,https://biochemia.uwm.edu.pl/biopep/peptidedatacard.php?zm_ID=3384,
VG,2,1,biopep_ace_000198,7594,BIOPEP-UWM,exact_molar,=,1100.0,1100.0,1100.0,1100.0,1.0,1980,1980,https://biochemia.uwm.edu.pl/biopep/peptidedatacard.php?zm_ID=7594,
VM,2,1,biopep_ace_000601,9882,BIOPEP-UWM,exact_molar,=,0.0,0.0,0.0,0.0,,2013,2013,https://biochemia.uwm.edu.pl/biopep/peptidedatacard.php?zm_ID=9882,
VP,2,1,biopep_ace_000191,7587,BIOPEP-UWM,exact_molar,=,420.0,420.0,420.0,420.0,1.0,1980,1980,https://biochemia.uwm.edu.pl/biopep/peptidedatacard.php?zm_ID=7587,
VV,2,1,biopep_ace_000769,10924,BIOPEP-UWM,exact_molar,=,0.0,0.0,0.0,0.0,,2025,2025,https://biochemia.uwm.edu.pl/biopep/peptidedatacard.php?zm_ID=10924,
WA,2,1,biopep_ace_000383,9089,BIOPEP-UWM,exact_molar,=,275.4,275.4,275.4,275.4,1.0,2006,2006,https://biochemia.uwm.edu.pl/biopep/peptidedatacard.php?zm_ID=9089,
WG,2,1,biopep_ace_000217,7613,BIOPEP-UWM,exact_molar,=,5900.0,5900.0,5900.0,5900.0,1.0,1980,1980,https://biochemia.uwm.edu.pl/biopep/peptidedatacard.php?zm_ID=7613,
WL,2,1,biopep_ace_000395,9107,BIOPEP-UWM,exact_molar,=,41.4,41.4,41.4,41.4,1.0,2015,2015,https://biochemia.uwm.edu.pl/biopep/peptidedatacard.php?zm_ID=9107,
WM,2,1,biopep_ace_000384,9090,BIOPEP-UWM,exact_molar,=,95.5,95.5,95.5,95.5,1.0,2006,2006,https://biochemia.uwm.edu.pl/biopep/peptidedatacard.php?zm_ID=9090,
WP,2,1,biopep_ace_000774,10989,BIOPEP-UWM,exact_molar,=,217.0,217.0,217.0,217.0,1.0,2012,2012,https://biochemia.uwm.edu.pl/biopep/peptidedatacard.php?zm_ID=10989,
WT,2,1,biopep_ace_000776,10991,BIOPEP-UWM,exact_molar,=,632.0,632.0,632.0,632.0,1.0,2012,2012,https://biochemia.uwm.edu.pl/biopep/peptidedatacard.php?zm_ID=10991,
WV,2,1,biopep_ace_000822,11195,BIOPEP-UWM,exact_molar,=,500.5,500.5,500.5,500.5,1.0,2006,2006,https://biochemia.uwm.edu.pl/biopep/peptidedatacard.php?zm_ID=11195,
WW,2,1,biopep_ace_000707,10561,BIOPEP-UWM,exact_molar,=,68.0,68.0,68.0,68.0,1.0,2013,2013,https://biochemia.uwm.edu.pl/biopep/peptidedatacard.php?zm_ID=10561,
WY,2,1,biopep_ace_000794,11113,BIOPEP-UWM,exact_molar,=,113.0,113.0,113.0,113.0,1.0,2009,2009,https://biochemia.uwm.edu.pl/biopep/peptidedatacard.php?zm_ID=11113,
YA,2,1,biopep_ace_000193,7589,BIOPEP-UWM,exact_molar,=,460.0,460.0,460.0,460.0,1.0,1981,1981,https://biochemia.uwm.edu.pl/biopep/peptidedatacard.php?zm_ID=7589,
YE,2,1,biopep_ace_000375,9078,BIOPEP-UWM,exact_molar,=,630.9,630.9,630.9,630.9,1.0,2006,2006,https://biochemia.uwm.edu.pl/biopep/peptidedatacard.php?zm_ID=9078,
YG,2,1,biopep_ace_000137,3553,BIOPEP-UWM,exact_molar,=,1523.0,1523.0,1523.0,1523.0,1.0,1996,1996,https://biochemia.uwm.edu.pl/biopep/peptidedatacard.php?zm_ID=3553,
YH,2,1,biopep_ace_000381,9087,BIOPEP-UWM,exact_molar,=,5.1,5.1,5.1,5.1,1.0,2004,2004,https://biochemia.uwm.edu.pl/biopep/peptidedatacard.php?zm_ID=9087,
YI,2,1,biopep_ace_000795,11114,BIOPEP-UWM,exact_molar,=,316.0,316.0,316.0,316.0,1.0,2009,2009,https://biochemia.uwm.edu.pl/biopep/peptidedatacard.php?zm_ID=11114,
YN,2,1,biopep_ace_000437,9185,BIOPEP-UWM,exact_molar,=,51.0,51.0,51.0,51.0,1.0,2008,2008,https://biochemia.uwm.edu.pl/biopep/peptidedatacard.php?zm_ID=9185,
YP,2,1,biopep_ace_000143,3666,BIOPEP-UWM,exact_molar,=,720.0,720.0,720.0,720.0,1.0,1991,1991,https://biochemia.uwm.edu.pl/biopep/peptidedatacard.php?zm_ID=3666,
YS,2,1,biopep_ace_000773,10988,BIOPEP-UWM,exact_molar,=,412.0,412.0,412.0,412.0,1.0,2012,2012,https://biochemia.uwm.edu.pl/biopep/peptidedatacard.php?zm_ID=10988,
YV,2,1,biopep_ace_000374,9077,BIOPEP-UWM,exact_molar,=,575.4,575.4,575.4,575.4,1.0,2006,2006,https://biochemia.uwm.edu.pl/biopep/peptidedatacard.php?zm_ID=9077,
YY,2,1,biopep_ace_000615,9946,BIOPEP-UWM,exact_molar,=,180.0,180.0,180.0,180.0,1.0,2016,2016,https://biochemia.uwm.edu.pl/biopep/peptidedatacard.php?zm_ID=9946,
AAP,3,1,biopep_ace_000071,3375,BIOPEP-UWM,exact_molar,=,0.0,0.0,0.0,0.0,,1993,1993,https://biochemia.uwm.edu.pl/biopep/peptidedatacard.php?zm_ID=3375,
AEL,3,1,biopep_ace_000382,9088,BIOPEP-UWM,exact_molar,=,57.1,57.1,57.1,57.1,1.0,2001,2001,https://biochemia.uwm.edu.pl/biopep/peptidedatacard.php?zm_ID=9088,
AFL,3,1,biopep_ace_000340,9042,BIOPEP-UWM,exact_molar,=,63.1,63.1,63.1,63.1,1.0,2001,2001,https://biochemia.uwm.edu.pl/biopep/peptidedatacard.php?zm_ID=9042,
AGP,3,1,biopep_ace_000339,9041,BIOPEP-UWM,exact_molar,=,562.3,562.3,562.3,562.3,1.0,2006,2006,https://biochemia.uwm.edu.pl/biopep/peptidedatacard.php?zm_ID=9041,
AGS,3,1,biopep_ace_000444,9192,BIOPEP-UWM,exact_molar,=,527.9,527.9,527.9,527.9,1.0,2010,2010,https://biochemia.uwm.edu.pl/biopep/peptidedatacard.php?zm_ID=9192,
AIP,3,1,biopep_ace_000142,3597,BIOPEP-UWM,exact_molar,=,670.0,670.0,670.0,670.0,1.0,1990,1990,https://biochemia.uwm.edu.pl/biopep/peptidedatacard.php?zm_ID=3597,
AKK,3,1,biopep_ace_000073,3379,BIOPEP-UWM,exact_molar,=,3.2,3.2,3.2,3.2,1.0,1994,1994,https://biochemia.uwm.edu.pl/biopep/peptidedatacard.php?zm_ID=3379,
ALP,3,1,biopep_ace_000327,9029,BIOPEP-UWM,exact_molar,=,239.9,239.9,239.9,239.9,1.0,2006,2006,https://biochemia.uwm.edu.pl/biopep/peptidedatacard.php?zm_ID=9029,
AQL,3,1,biopep_ace_000345,9047,BIOPEP-UWM,exact_molar,=,57.54,57.54,57.54,57.54,1.0,2006,2006,https://biochemia.uwm.edu.pl/biopep/peptidedatacard.php?zm_ID=9047,
ARY,3,1,biopep_ace_000636,10043,BIOPEP-UWM,exact_molar,=,1.3,1.3,1.3,1.3,1.0,2021,2021,https://biochemia.uwm.edu.pl/biopep/peptidedatacard.php?zm_ID=10043,
AVL,3,1,biopep_ace_000357,9060,BIOPEP-UWM,exact_molar,=,7.11,7.11,7.11,7.11,1.0,2002,2002,https://biochemia.uwm.edu.pl/biopep/peptidedatacard.php?zm_ID=9060,
AVV,3,1,biopep_ace_000448,9196,BIOPEP-UWM,exact_molar,=,66.6,66.6,66.6,66.6,1.0,2010,2010,https://biochemia.uwm.edu.pl/biopep/peptidedatacard.php?zm_ID=9196,
AWW,3,1,biopep_ace_000709,10563,BIOPEP-UWM,exact_molar,=,9.4,9.4,9.4,9.4,1.0,2019,2019,https://biochemia.uwm.edu.pl/biopep/peptidedatacard.php?zm_ID=10563,
DFG,3,1,biopep_ace_000445,9193,BIOPEP-UWM,exact_molar,=,44.7,44.7,44.7,44.7,1.0,2010,2010,https://biochemia.uwm.edu.pl/biopep/peptidedatacard.php?zm_ID=9193,
DFY,3,1,biopep_ace_000535,9696,BIOPEP-UWM,exact_molar,=,44.35,44.35,44.35,44.35,1.0,2014,2014,https://biochemia.uwm.edu.pl/biopep/peptidedatacard.php?zm_ID=9696,
DGL,3,1,biopep_ace_000354,9056,BIOPEP-UWM,exact_molar,=,2.14,2.14,2.14,2.14,1.0,2006,2006,https://biochemia.uwm.edu.pl/biopep/peptidedatacard.php?zm_ID=9056,
DLP,3,1,biopep_ace_000165,7542,BIOPEP-UWM,exact_molar,=,4.8,4.8,4.8,4.8,1.0,2004,2004,https://biochemia.uwm.edu.pl/biopep/peptidedatacard.php?zm_ID=7542,
EAP,3,1,biopep_ace_000360,9063,BIOPEP-UWM,exact_molar,=,407.4,407.4,407.4,407.4,1.0,2006,2006,https://biochemia.uwm.edu.pl/biopep/peptidedatacard.php?zm_ID=9063,
EKR,3,1,biopep_ace_000559,9742,BIOPEP-UWM,exact_molar,=,0.0,0.0,0.0,0.0,,2019,2019,https://biochemia.uwm.edu.pl/biopep/peptidedatacard.php?zm_ID=9742,
EQR,3,1,biopep_ace_000560,9743,BIOPEP-UWM,exact_molar,=,0.0,0.0,0.0,0.0,,2019,2019,https://biochemia.uwm.edu.pl/biopep/peptidedatacard.php?zm_ID=9743,
FAL,3,1,biopep_ace_000240,7823,BIOPEP-UWM,exact_molar,=,26.3,26.3,26.3,26.3,1.0,2001,2001,https://biochemia.uwm.edu.pl/biopep/peptidedatacard.php?zm_ID=7823,
FAP,3,1,biopep_ace_000084,3393,BIOPEP-UWM,exact_molar,=,3.8,3.8,3.8,3.8,1.0,1987,1987,https://biochemia.uwm.edu.pl/biopep/peptidedatacard.php?zm_ID=3393,
FDK,3,1,biopep_ace_000347,9049,BIOPEP-UWM,exact_molar,=,389.0,389.0,389.0,389.0,1.0,2006,2006,https://biochemia.uwm.edu.pl/biopep/peptidedatacard.php?zm_ID=9049,
FEP,3,1,biopep_ace_000323,9025,BIOPEP-UWM,exact_molar,=,12.02,12.02,12.02,12.02,1.0,2006,2006,https://biochemia.uwm.edu.pl/biopep/peptidedatacard.php?zm_ID=9025,
FGF,3,1,biopep_ace_000678,10231,BIOPEP-UWM,exact_molar,=,19.5,19.5,19.5,19.5,1.0,2011,2011,https://biochemia.uwm.edu.pl/biopep/peptidedatacard.php?zm_ID=10231,
FGG,3,1,biopep_ace_000447,9195,BIOPEP-UWM,exact_molar,=,82.5,82.5,82.5,82.5,1.0,2010,2010,https://biochemia.uwm.edu.pl/biopep/peptidedatacard.php?zm_ID=9195,
FKF,3,1,biopep_ace_000783,11010,BIOPEP-UWM,exact_molar,=,474.62,474.62,474.62,474.62,1.0,2025,2025,https://biochemia.uwm.edu.pl/biopep/peptidedatacard.php?zm_ID=11010,
FKR,3,1,biopep_ace_000457,9211,BIOPEP-UWM,exact_molar,=,77.9,77.9,77.9,77.9,1.0,2014,2014,https://biochemia.uwm.edu.pl/biopep/peptidedatacard.php?zm_ID=9211,
FNE,3,1,biopep_ace_000330,9032,BIOPEP-UWM,exact_molar,=,338.8,338.8,338.8,338.8,1.0,2006,2006,https://biochemia.uwm.edu.pl/biopep/peptidedatacard.php?zm_ID=9032,
FNF,3,1,biopep_ace_000356,9059,BIOPEP-UWM,exact_molar,=,6.92,6.92,6.92,6.92,1.0,2002,2002,https://biochemia.uwm.edu.pl/biopep/peptidedatacard.php?zm_ID=9059,
FNQ,3,1,biopep_ace_000139,3557,BIOPEP-UWM,exact_molar,=,335.0,335.0,335.0,335.0,1.0,1996,1996,https://biochemia.uwm.edu.pl/biopep/peptidedatacard.php?zm_ID=3557,
FQP,3,1,biopep_ace_000054,3341,BIOPEP-UWM,exact_molar,=,0.0,0.0,0.0,0.0,,1992,1992,https://biochemia.uwm.edu.pl/biopep/peptidedatacard.php?zm_ID=3341,
FRY,3,1,biopep_ace_000784,11012,BIOPEP-UWM,exact_molar,=,393.13,393.13,393.13,393.13,1.0,2025,2025,https://biochemia.uwm.edu.pl/biopep/peptidedatacard.php?zm_ID=11012,
FYN,3,1,biopep_ace_000351,9053,BIOPEP-UWM,exact_molar,=,18.2,18.2,18.2,18.2,1.0,2006,2006,https://biochemia.uwm.edu.pl/biopep/peptidedatacard.php?zm_ID=9053,
GEF,3,1,biopep_ace_000732,10702,BIOPEP-UWM,exact_molar,=,13.0,13.0,13.0,13.0,1.0,2017,2017,https://biochemia.uwm.edu.pl/biopep/peptidedatacard.php?zm_ID=10702,
GGY,3,1,biopep_ace_000111,3515,BIOPEP-UWM,exact_molar,=,1.3,1.3,1.3,1.3,1.0,1994,1994,https://biochemia.uwm.edu.pl/biopep/peptidedatacard.php?zm_ID=3515,
GHG,3,1,biopep_ace_000443,9191,BIOPEP-UWM,exact_molar,=,122.0,122.0,122.0,122.0,1.0,2010,2010,https://biochemia.uwm.edu.pl/biopep/peptidedatacard.php?zm_ID=9191,
GHS,3,1,biopep_ace_000515,9473,BIOPEP-UWM,exact_molar,=,0.0,0.0,0.0,0.0,,2013,2013,https://biochemia.uwm.edu.pl/biopep/peptidedatacard.php?zm_ID=9473,
GIL,3,1,biopep_ace_000682,10407,BIOPEP-UWM,exact_molar,=,0.0,0.0,0.0,0.0,,2012,2012,https://biochemia.uwm.edu.pl/biopep/peptidedatacard.php?zm_ID=10407,
GKP,3,1,biopep_ace_000109,3506,BIOPEP-UWM,exact_molar,=,352.0,352.0,352.0,352.0,1.0,1998,1998,https://biochemia.uwm.edu.pl/biopep/peptidedatacard.php?zm_ID=3506,
GLY,3,1,biopep_ace_000331,9033,BIOPEP-UWM,exact_molar,=,8.91,8.91,8.91,8.91,1.0,2006,2006,https://biochemia.uwm.edu.pl/biopep/peptidedatacard.php?zm_ID=9033,
GPA,3,1,biopep_ace_000055,3342,BIOPEP-UWM,exact_molar,=,405.0,405.0,405.0,405.0,1.0,2006,2006,https://biochemia.uwm.edu.pl/biopep/peptidedatacard.php?zm_ID=3342,
GPM,3,1,biopep_ace_000350,9052,BIOPEP-UWM,exact_molar,=,16.98,16.98,16.98,16.98,1.0,2006,2006,https://biochemia.uwm.edu.pl/biopep/peptidedatacard.php?zm_ID=9052,
GPV,3,1,biopep_ace_000168,7545,BIOPEP-UWM,exact_molar,=,4.7,4.7,4.7,4.7,1.0,2001,2001,https://biochemia.uwm.edu.pl/biopep/peptidedatacard.php?zm_ID=7545,
GQP,3,1,biopep_ace_000332,9034,BIOPEP-UWM,exact_molar,=,3.24,3.24,3.24,3.24,1.0,2006,2006,https://biochemia.uwm.edu.pl/biopep/peptidedatacard.php?zm_ID=9034,
GRP,3,1,biopep_ace_000072,3378,BIOPEP-UWM,exact_molar,=,19.9,19.9,19.9,19.9,1.0,1994,1994,https://biochemia.uwm.edu.pl/biopep/peptidedatacard.php?zm_ID=3378,
GSH,3,1,biopep_ace_000333,9035,BIOPEP-UWM,exact_molar,=,32.36,32.36,32.36,32.36,1.0,2006,2006,https://biochemia.uwm.edu.pl/biopep/peptidedatacard.php?zm_ID=9035,
GTG,3,1,biopep_ace_000435,9183,BIOPEP-UWM,exact_molar,=,5.54,5.54,5.54,5.54,1.0,2008,2008,https://biochemia.uwm.edu.pl/biopep/peptidedatacard.php?zm_ID=9183,
GTW,3,1,biopep_ace_000159,7490,BIOPEP-UWM,exact_molar,=,464.6,464.6,464.6,464.6,1.0,2007,2007,https://biochemia.uwm.edu.pl/biopep/peptidedatacard.php?zm_ID=7490,
GVR,3,1,biopep_ace_000546,9727,BIOPEP-UWM,exact_molar,=,166.5,166.5,166.5,166.5,1.0,2017,2017,https://biochemia.uwm.edu.pl/biopep/peptidedatacard.php?zm_ID=9727,
GVW,3,1,biopep_ace_000160,7491,BIOPEP-UWM,exact_molar,=,240.0,240.0,240.0,240.0,1.0,2007,2007,https://biochemia.uwm.edu.pl/biopep/peptidedatacard.php?zm_ID=7491,
GVY,3,1,biopep_ace_000362,9065,BIOPEP-UWM,exact_molar,=,398.1,398.1,398.1,398.1,1.0,2006,2006,https://biochemia.uwm.edu.pl/biopep/peptidedatacard.php?zm_ID=9065,
HHL,3,1,biopep_ace_000157,7478,BIOPEP-UWM,exact_molar,=,5.43,5.43,5.43,5.43,1.0,2001,2001,https://biochemia.uwm.edu.pl/biopep/peptidedatacard.php?zm_ID=7478,
HHT,3,1,biopep_ace_000326,9028,BIOPEP-UWM,exact_molar,=,794.3,794.3,794.3,794.3,1.0,2006,2006,https://biochemia.uwm.edu.pl/biopep/peptidedatacard.php?zm_ID=9028,
HIR,3,1,biopep_ace_000105,3463,BIOPEP-UWM,exact_molar,=,955.0,955.0,955.0,955.0,1.0,2006,2006,https://biochemia.uwm.edu.pl/biopep/peptidedatacard.php?zm_ID=3463,
HLL,3,1,biopep_ace_000158,7479,BIOPEP-UWM,exact_molar,=,22.2,22.2,22.2,22.2,1.0,2008,2008,https://biochemia.uwm.edu.pl/biopep/peptidedatacard.php?zm_ID=7479,
HQG,3,1,biopep_ace_000325,9027,BIOPEP-UWM,exact_molar,=,741.3,741.3,741.3,741.3,1.0,2006,2006,https://biochemia.uwm.edu.pl/biopep/peptidedatacard.php?zm_ID=9027,
IAF,3,1,biopep_ace_000640,10076,BIOPEP-UWM,exact_molar,=,19.87,19.87,19.87,19.87,1.0,2021,2021,https://biochemia.uwm.edu.pl/biopep/peptidedatacard.php?zm_ID=10076,
IAQ,3,1,biopep_ace_000341,9043,BIOPEP-UWM,exact_molar,=,34.67,34.67,34.67,34.67,1.0,2006,2006,https://biochemia.uwm.edu.pl/biopep/peptidedatacard.php?zm_ID=9043,
IAY,3,1,biopep_ace_000368,9071,BIOPEP-UWM,exact_molar,=,12.59,12.59,12.59,12.59,1.0,2006,2006,https://biochemia.uwm.edu.pl/biopep/peptidedatacard.php?zm_ID=9071,
IEP,3,1,biopep_ace_000261,7859,BIOPEP-UWM,exact_molar,=,1.6,1.6,1.6,1.6,1.0,2006,2006,https://biochemia.uwm.edu.pl/biopep/peptidedatacard.php?zm_ID=7859,
IEW,3,1,biopep_ace_000274,8228,BIOPEP-UWM,exact_molar,=,104.0,104.0,104.0,104.0,1.0,2010,2010,https://biochemia.uwm.edu.pl/biopep/peptidedatacard.php?zm_ID=8228,
IEY,3,1,biopep_ace_000273,8227,BIOPEP-UWM,exact_molar,=,182.0,182.0,182.0,182.0,1.0,2010,2010,https://biochemia.uwm.edu.pl/biopep/peptidedatacard.php?zm_ID=8227,
IFL,3,1,biopep_ace_000337,9039,BIOPEP-UWM,exact_molar,=,44.67,44.67,44.67,44.67,1.0,2003,2003,https://biochemia.uwm.edu.pl/biopep/peptidedatacard.php?zm_ID=9039,
IFY,3,1,biopep_ace_000537,9701,BIOPEP-UWM,exact_molar,=,13.93,13.93,13.93,13.93,1.0,2014,2014,https://biochemia.uwm.edu.pl/biopep/peptidedatacard.php?zm_ID=9701,
IIY,3,1,biopep_ace_000538,9704,BIOPEP-UWM,exact_molar,=,1.08,1.08,1.08,1.08,1.0,2014,2014,https://biochemia.uwm.edu.pl/biopep/peptidedatacard.php?zm_ID=9704,
IKP,3,1,biopep_ace_000062,3349,BIOPEP-UWM,exact_molar,=,6.9,6.9,6.9,6.9,1.0,1992,1992,https://biochemia.uwm.edu.pl/biopep/peptidedatacard.php?zm_ID=3349,
IKW,3,1,biopep_ace_000169,7546,BIOPEP-UWM,exact_molar,=,0.21,0.21,0.21,0.21,1.0,2000,2000,https://biochemia.uwm.edu.pl/biopep/peptidedatacard.php?zm_ID=7546,
IKY,3,1,biopep_ace_000275,8229,BIOPEP-UWM,exact_molar,=,34.0,34.0,34.0,34.0,1.0,2010,2010,https://biochemia.uwm.edu.pl/biopep/peptidedatacard.php?zm_ID=8229,
ILP,3,1,biopep_ace_000024,2642,BIOPEP-UWM,exact_molar,=,270.0,270.0,270.0,270.0,1.0,1989,1989,https://biochemia.uwm.edu.pl/biopep/peptidedatacard.php?zm_ID=2642,
ILR,3,1,biopep_ace_000781,11000,BIOPEP-UWM,exact_molar,=,0.0,0.0,0.0,0.0,,2021,2021,https://biochemia.uwm.edu.pl/biopep/peptidedatacard.php?zm_ID=11000,
IMY,3,1,biopep_ace_000353,9055,BIOPEP-UWM,exact_molar,=,1.82,1.82,1.82,1.82,1.0,2002,2002,https://biochemia.uwm.edu.pl/biopep/peptidedatacard.php?zm_ID=9055,
IQW,3,1,biopep_ace_000498,9343,BIOPEP-UWM,exact_molar,=,0.0,0.0,0.0,0.0,,2015,2015,https://biochemia.uwm.edu.pl/biopep/peptidedatacard.php?zm_ID=9343,
IRA,3,1,biopep_ace_000135,3547,BIOPEP-UWM,exact_molar,=,6.4,6.4,6.4,6.4,1.0,1991,1991,https://biochemia.uwm.edu.pl/biopep/peptidedatacard.php?zm_ID=3547,
IRP,3,1,biopep_ace_000170,7547,BIOPEP-UWM,exact_molar,=,1.8,1.8,1.8,1.8,1.0,1993,1993,https://biochemia.uwm.edu.pl/biopep/peptidedatacard.php?zm_ID=7547,
IRW,3,1,biopep_ace_000600,9874,BIOPEP-UWM,exact_molar,=,0.61,0.61,0.61,0.61,1.0,2011,2011,https://biochemia.uwm.edu.pl/biopep/peptidedatacard.php?zm_ID=9874,
ITF,3,1,biopep_ace_000359,9062,BIOPEP-UWM,exact_molar,=,48.98,48.98,48.98,48.98,1.0,2002,2002,https://biochemia.uwm.edu.pl/biopep/peptidedatacard.php?zm_ID=9062,
ITH,3,1,biopep_ace_000828,11314,BIOPEP-UWM,exact_molar,=,28.77,28.77,28.77,28.77,1.0,2025,2025,https://biochemia.uwm.edu.pl/biopep/peptidedatacard.php?zm_ID=11314,
IVF,3,1,biopep_ace_000300,8508,BIOPEP-UWM,exact_molar,=,33.11,33.11,33.11,33.11,1.0,2007,2007,https://biochemia.uwm.edu.pl/biopep/peptidedatacard.php?zm_ID=8508,
IVQ,3,1,biopep_ace_000343,9045,BIOPEP-UWM,exact_molar,=,95.5,95.5,95.5,95.5,1.0,2006,2006,https://biochemia.uwm.edu.pl/biopep/peptidedatacard.php?zm_ID=9045,
IVR,3,1,biopep_ace_000161,7502,BIOPEP-UWM,exact_molar,=,0.81,0.81,0.81,0.81,1.0,2014,2014,https://biochemia.uwm.edu.pl/biopep/peptidedatacard.php?zm_ID=7502,
IWH,3,1,biopep_ace_000171,7548,BIOPEP-UWM,exact_molar,=,3.5,3.5,3.5,3.5,1.0,2004,2004,https://biochemia.uwm.edu.pl/biopep/peptidedatacard.php?zm_ID=7548,
IWW,3,1,biopep_ace_000710,10564,BIOPEP-UWM,exact_molar,=,489.14,489.14,489.14,489.14,1.0,2018,2018,https://biochemia.uwm.edu.pl/biopep/peptidedatacard.php?zm_ID=10564,
IYP,3,1,biopep_ace_000011,2627,BIOPEP-UWM,exact_molar,=,61.0,61.0,61.0,61.0,1.0,1989,1989,https://biochemia.uwm.edu.pl/biopep/peptidedatacard.php?zm_ID=2627,
KAF,3,1,biopep_ace_000757,10830,BIOPEP-UWM,exact_molar,=,0.63,0.63,0.63,0.63,1.0,2024,2024,https://biochemia.uwm.edu.pl/biopep/peptidedatacard.php?zm_ID=10830,
KGP,3,1,biopep_ace_000417,9148,BIOPEP-UWM,exact_molar,=,172.0,172.0,172.0,172.0,1.0,2017,2017,https://biochemia.uwm.edu.pl/biopep/peptidedatacard.php?zm_ID=9148,
KKK,3,1,biopep_ace_000767,10922,BIOPEP-UWM,exact_molar,=,0.0,0.0,0.0,0.0,,2025,2025,https://biochemia.uwm.edu.pl/biopep/peptidedatacard.php?zm_ID=10922,
KLP,3,1,biopep_ace_000561,9744,BIOPEP-UWM,exact_molar,=,0.0,0.0,0.0,0.0,,2019,2019,https://biochemia.uwm.edu.pl/biopep/peptidedatacard.php?zm_ID=9744,
LAY,3,1,biopep_ace_000140,3558,BIOPEP-UWM,exact_molar,=,3.9,3.9,3.9,3.9,1.0,1996,1996,https://biochemia.uwm.edu.pl/biopep/peptidedatacard.php?zm_ID=3558,
LEE,3,1,biopep_ace_000329,9031,BIOPEP-UWM,exact_molar,=,100.0,100.0,100.0,100.0,1.0,2006,2006,https://biochemia.uwm.edu.pl/biopep/peptidedatacard.php?zm_ID=9031,
LFR,3,1,biopep_ace_000452,9206,BIOPEP-UWM,exact_molar,=,31.8,31.8,31.8,31.8,1.0,2014,2014,https://biochemia.uwm.edu.pl/biopep/peptidedatacard.php?zm_ID=9206,
LGF,3,1,biopep_ace_000746,10783,BIOPEP-UWM,exact_molar,=,290.0,290.0,290.0,290.0,1.0,2021,2021,https://biochemia.uwm.edu.pl/biopep/peptidedatacard.php?zm_ID=10783,
LGI,3,1,biopep_ace_000358,9061,BIOPEP-UWM,exact_molar,=,28.84,28.84,28.84,28.84,1.0,2002,2002,https://biochemia.uwm.edu.pl/biopep/peptidedatacard.php?zm_ID=9061,
LGV,3,1,biopep_ace_000496,9326,BIOPEP-UWM,exact_molar,=,145.0,145.0,145.0,145.0,1.0,2017,2017,https://biochemia.uwm.edu.pl/biopep/peptidedatacard.php?zm_ID=9326,
LGY,3,1,biopep_ace_000493,9284,BIOPEP-UWM,exact_molar,=,21.46,21.46,21.46,21.46,1.0,2013,2013,https://biochemia.uwm.edu.pl/biopep/peptidedatacard.php?zm_ID=9284,
LKP,3,1,biopep_ace_000172,7549,BIOPEP-UWM,exact_molar,=,0.32,0.32,0.32,0.32,1.0,2000,2000,https://biochemia.uwm.edu.pl/biopep/peptidedatacard.php?zm_ID=7549,
LLY,3,1,biopep_ace_000670,10167,BIOPEP-UWM,exact_molar,=,0.0,0.0,0.0,0.0,,2018,2018,https://biochemia.uwm.edu.pl/biopep/peptidedatacard.php?zm_ID=10167,
LMP,3,1,biopep_ace_000657,10132,BIOPEP-UWM,exact_molar,=,15.8,15.8,15.8,15.8,1.0,2021,2021,https://biochemia.uwm.edu.pl/biopep/peptidedatacard.php?zm_ID=10132,
LNP,3,1,biopep_ace_000132,3544,BIOPEP-UWM,exact_molar,=,43.0,43.0,43.0,43.0,1.0,1991,1991,https://biochemia.uwm.edu.pl/biopep/peptidedatacard.php?zm_ID=3544,
LNY,3,1,biopep_ace_000324,9026,BIOPEP-UWM,exact_molar,=,81.28,81.28,81.28,81.28,1.0,2006,2006,https://biochemia.uwm.edu.pl/biopep/peptidedatacard.php?zm_ID=9026,
LPF,3,1,biopep_ace_000338,9040,BIOPEP-UWM,exact_molar,=,39.81,39.81,39.81,39.81,1.0,2006,2006,https://biochemia.uwm.edu.pl/biopep/peptidedatacard.php?zm_ID=9040,
LPK,3,1,biopep_ace_000700,10553,BIOPEP-UWM,exact_molar,=,6540.0,6540.0,6540.0,6540.0,1.0,2023,2023,https://biochemia.uwm.edu.pl/biopep/peptidedatacard.php?zm_ID=10553,
LPL,3,1,biopep_ace_000626,10001,BIOPEP-UWM,exact_molar,=,0.0,0.0,0.0,0.0,,2014,2014,https://biochemia.uwm.edu.pl/biopep/peptidedatacard.php?zm_ID=10001,
LPP,3,1,biopep_ace_000083,3391,BIOPEP-UWM,exact_molar,=,9.6,9.6,9.6,9.6,1.0,1989,1989,https://biochemia.uwm.edu.pl/biopep/peptidedatacard.php?zm_ID=3391,
LQL,3,1,biopep_ace_000627,10004,BIOPEP-UWM,exact_molar,=,0.0,0.0,0.0,0.0,,2014,2014,https://biochemia.uwm.edu.pl/biopep/peptidedatacard.php?zm_ID=10004,
LQP,3,1,biopep_ace_000130,3542,BIOPEP-UWM,exact_molar,=,1.9,1.9,1.9,1.9,1.0,1991,1991,https://biochemia.uwm.edu.pl/biopep/peptidedatacard.php?zm_ID=3542,
LQQ,3,1,biopep_ace_000144,3714,BIOPEP-UWM,exact_molar,=,100.0,100.0,100.0,100.0,1.0,1996,1996,https://biochemia.uwm.edu.pl/biopep/peptidedatacard.php?zm_ID=3714,
LRM,3,1,biopep_ace_000638,10045,BIOPEP-UWM,exact_molar,=,0.15,0.15,0.15,0.15,1.0,2021,2021,https://biochemia.uwm.edu.pl/biopep/peptidedatacard.php?zm_ID=10045,
LRP,3,1,biopep_ace_000131,3543,BIOPEP-UWM,exact_molar,=,1.0,1.0,1.0,1.0,1.0,1995,1995,https://biochemia.uwm.edu.pl/biopep/peptidedatacard.php?zm_ID=3543,
LRW,3,1,biopep_ace_000154,7414,BIOPEP-UWM,exact_molar,=,0.15,0.15,0.15,0.15,1.0,2006,2006,https://biochemia.uwm.edu.pl/biopep/peptidedatacard.php?zm_ID=7414,
LSP,3,1,biopep_ace_000129,3541,BIOPEP-UWM,exact_molar,=,1.7,1.7,1.7,1.7,1.0,1995,1995,https://biochemia.uwm.edu.pl/biopep/peptidedatacard.php?zm_ID=3541,
LVF,3,1,biopep_ace_000632,10024,BIOPEP-UWM,exact_molar,=,360.0,360.0,360.0,360.0,1.0,2021,2021,https://biochemia.uwm.edu.pl/biopep/peptidedatacard.php?zm_ID=10024,
LVL,3,1,biopep_ace_000101,3421,BIOPEP-UWM,exact_molar,=,12.3,12.3,12.3,12.3,1.0,1986,1986,https://biochemia.uwm.edu.pl/biopep/peptidedatacard.php?zm_ID=3421,
LVQ,3,1,biopep_ace_000346,9048,BIOPEP-UWM,exact_molar,=,14.13,14.13,14.13,14.13,1.0,2006,2006,https://biochemia.uwm.edu.pl/biopep/peptidedatacard.php?zm_ID=9048,
LVR,3,1,biopep_ace_000120,3528,BIOPEP-UWM,exact_molar,=,14.0,14.0,14.0,14.0,1.0,1989,1989,https://biochemia.uwm.edu.pl/biopep/peptidedatacard.php?zm_ID=3528,
LVS,3,1,biopep_ace_000782,11001,BIOPEP-UWM,exact_molar,=,0.0,0.0,0.0,0.0,,2021,2021,https://biochemia.uwm.edu.pl/biopep/peptidedatacard.php?zm_ID=11001,
LVY,3,1,biopep_ace_000292,8402,BIOPEP-UWM,exact_molar,=,5.84,5.84,5.84,5.84,1.0,2014,2014,https://biochemia.uwm.edu.pl/biopep/peptidedatacard.php?zm_ID=8402,
LWA,3,1,biopep_ace_000364,9067,BIOPEP-UWM,exact_molar,=,12.59,12.59,12.59,12.59,1.0,2006,2006,https://biochemia.uwm.edu.pl/biopep/peptidedatacard.php?zm_ID=9067,
LYP,3,1,biopep_ace_000173,7550,BIOPEP-UWM,exact_molar,=,6.6,6.6,6.6,6.6,1.0,2004,2004,https://biochemia.uwm.edu.pl/biopep/peptidedatacard.php?zm_ID=7550,
MAM,3,1,biopep_ace_000771,10957,BIOPEP-UWM,exact_molar,=,199.1,199.1,199.1,199.1,1.0,2025,2025,https://biochemia.uwm.edu.pl/biopep/peptidedatacard.php?zm_ID=10957,
MAP,3,1,biopep_ace_000476,9241,BIOPEP-UWM,exact_molar,=,0.8,0.8,0.8,0.8,1.0,2008,2008,https://biochemia.uwm.edu.pl/biopep/peptidedatacard.php?zm_ID=9241,
MAW,3,1,biopep_ace_000442,9190,BIOPEP-UWM,exact_molar,=,16.32,16.32,16.32,16.32,1.0,2010,2010,https://biochemia.uwm.edu.pl/biopep/peptidedatacard.php?zm_ID=9190,
MGP,3,1,biopep_ace_000411,9142,BIOPEP-UWM,exact_molar,=,51.11,51.11,51.11,51.11,1.0,2017,2017,https://biochemia.uwm.edu.pl/biopep/peptidedatacard.php?zm_ID=9142,
MKP,3,1,biopep_ace_000304,8958,BIOPEP-UWM,exact_molar,=,0.43,0.43,0.43,0.43,1.0,2015,2015,https://biochemia.uwm.edu.pl/biopep/peptidedatacard.php?zm_ID=8958,
MPP,3,1,biopep_ace_000352,9054,BIOPEP-UWM,exact_molar,=,9.55,9.55,9.55,9.55,1.0,2006,2006,https://biochemia.uwm.edu.pl/biopep/peptidedatacard.php?zm_ID=9054,
MRW,3,1,biopep_ace_000367,9070,BIOPEP-UWM,exact_molar,=,0.6,0.6,0.6,0.6,1.0,2006,2006,https://biochemia.uwm.edu.pl/biopep/peptidedatacard.php?zm_ID=9070,
MYY,3,1,biopep_ace_000091,3407,BIOPEP-UWM,exact_molar,=,9.6,9.6,9.6,9.6,1.0,1989,1989,https://biochemia.uwm.edu.pl/biopep/peptidedatacard.php?zm_ID=3407,
NCW,3,1,biopep_ace_000512,9427,BIOPEP-UWM,exact_molar,=,35.5,35.5,35.5,35.5,1.0,2018,2018,https://biochemia.uwm.edu.pl/biopep/peptidedatacard.php?zm_ID=9427,
NLR,3,1,biopep_ace_000562,9754,BIOPEP-UWM,exact_molar,=,0.0,0.0,0.0,0.0,,2019,2019,https://biochemia.uwm.edu.pl/biopep/peptidedatacard.php?zm_ID=9754,
NPR,3,1,biopep_ace_000548,9730,BIOPEP-UWM,exact_molar,=,285.4,285.4,285.4,285.4,1.0,2017,2017,https://biochemia.uwm.edu.pl/biopep/peptidedatacard.php?zm_ID=9730,
PFP,3,1,biopep_ace_000527,9565,BIOPEP-UWM,exact_molar,=,144.4,144.4,144.4,144.4,1.0,2006,2006,https://biochemia.uwm.edu.pl/biopep/peptidedatacard.php?zm_ID=9565,
PGR,3,1,biopep_ace_000764,10904,BIOPEP-UWM,exact_molar,=,0.0,0.0,0.0,0.0,,2010,2010,https://biochemia.uwm.edu.pl/biopep/peptidedatacard.php?zm_ID=10904,
PLP,3,1,biopep_ace_000042,2664,BIOPEP-UWM,exact_molar,=,430.0,430.0,430.0,430.0,1.0,1989,1989,https://biochemia.uwm.edu.pl/biopep/peptidedatacard.php?zm_ID=2664,
PPF,3,1,biopep_ace_000833,11319,BIOPEP-UWM,exact_molar,=,239.33,239.33,239.33,239.33,1.0,2025,2025,https://biochemia.uwm.edu.pl/biopep/peptidedatacard.php?zm_ID=11319,
PPL,3,1,biopep_ace_000602,9908,BIOPEP-UWM,exact_molar,=,427.15,427.15,427.15,427.15,1.0,2011,2011,https://biochemia.uwm.edu.pl/biopep/peptidedatacard.php?zm_ID=9908,
PPP,3,1,biopep_ace_000430,9172,BIOPEP-UWM,exact_molar,=,78.2,78.2,78.2,78.2,1.0,2007,2007,https://biochemia.uwm.edu.pl/biopep/peptidedatacard.php?zm_ID=9172,
PRI,3,1,biopep_ace_000563,9755,BIOPEP-UWM,exact_molar,=,0.0,0.0,0.0,0.0,,2019,2019,https://biochemia.uwm.edu.pl/biopep/peptidedatacard.php?zm_ID=9755,
PRP,3,1,biopep_ace_000698,10551,BIOPEP-UWM,exact_molar,=,420.0,420.0,420.0,420.0,1.0,2023,2023,https://biochemia.uwm.edu.pl/biopep/peptidedatacard.php?zm_ID=10551,
PRY,3,1,biopep_ace_000125,3536,BIOPEP-UWM,exact_molar,=,2.5,2.5,2.5,2.5,1.0,1994,1994,https://biochemia.uwm.edu.pl/biopep/peptidedatacard.php?zm_ID=3536,
PYK,3,1,biopep_ace_000564,9756,BIOPEP-UWM,exact_molar,=,0.0,0.0,0.0,0.0,,2019,2019,https://biochemia.uwm.edu.pl/biopep/peptidedatacard.php?zm_ID=9756,
QGP,3,1,biopep_ace_000415,9146,BIOPEP-UWM,exact_molar,=,149.5,149.5,149.5,149.5,1.0,2017,2017,https://biochemia.uwm.edu.pl/biopep/peptidedatacard.php?zm_ID=9146,
QRQ,3,1,biopep_ace_000780,10999,BIOPEP-UWM,exact_molar,=,0.0,0.0,0.0,0.0,,2021,2021,https://biochemia.uwm.edu.pl/biopep/peptidedatacard.php?zm_ID=10999,
QSE,3,1,biopep_ace_000830,11316,BIOPEP-UWM,exact_molar,=,41.21,41.21,41.21,41.21,1.0,2025,2025,https://biochemia.uwm.edu.pl/biopep/peptidedatacard.php?zm_ID=11316,
RFH,3,1,biopep_ace_000081,3387,BIOPEP-UWM,exact_molar,=,331.0,331.0,331.0,331.0,1.0,1994,1994,https://biochemia.uwm.edu.pl/biopep/peptidedatacard.php?zm_ID=3387,
RPA,3,1,biopep_ace_000699,10552,BIOPEP-UWM,exact_molar,=,970.0,970.0,970.0,970.0,1.0,2023,2023,https://biochemia.uwm.edu.pl/biopep/peptidedatacard.php?zm_ID=10552,
RPK,3,1,biopep_ace_000156,7440,BIOPEP-UWM,exact_molar,=,0.0,0.0,0.0,0.0,,2006,2006,https://biochemia.uwm.edu.pl/biopep/peptidedatacard.php?zm_ID=7440,
RPP,3,1,biopep_ace_000349,9051,BIOPEP-UWM,exact_molar,=,0.0,0.0,0.0,0.0,,2006,2006,https://biochemia.uwm.edu.pl/biopep/peptidedatacard.php?zm_ID=9051,
RRR,3,1,biopep_ace_000494,9309,BIOPEP-UWM,exact_molar,=,0.0,0.0,0.0,0.0,,2007,2007,https://biochemia.uwm.edu.pl/biopep/peptidedatacard.php?zm_ID=9309,
RVR,3,1,biopep_ace_000497,9327,BIOPEP-UWM,exact_molar,=,526.0,526.0,526.0,526.0,1.0,2017,2017,https://biochemia.uwm.edu.pl/biopep/peptidedatacard.php?zm_ID=9327,
RVY,3,1,biopep_ace_000328,9030,BIOPEP-UWM,exact_molar,=,205.6,205.6,205.6,205.6,1.0,1994,1994,https://biochemia.uwm.edu.pl/biopep/peptidedatacard.php?zm_ID=9030,
RWL,3,1,biopep_ace_000785,11014,BIOPEP-UWM,exact_molar,=,580.12,580.12,580.12,580.12,1.0,2025,2025,https://biochemia.uwm.edu.pl/biopep/peptidedatacard.php?zm_ID=11014,
RYL,3,1,biopep_ace_000518,9543,BIOPEP-UWM,exact_molar,=,3.31,3.31,3.31,3.31,1.0,2017,2017,https://biochemia.uwm.edu.pl/biopep/peptidedatacard.php?zm_ID=9543,
SGP,3,1,biopep_ace_000414,9145,BIOPEP-UWM,exact_molar,=,77.72,77.72,77.72,77.72,1.0,2017,2017,https://biochemia.uwm.edu.pl/biopep/peptidedatacard.php?zm_ID=9145,
SLR,3,1,biopep_ace_000614,9945,BIOPEP-UWM,exact_molar,=,170.0,170.0,170.0,170.0,1.0,2016,2016,https://biochemia.uwm.edu.pl/biopep/peptidedatacard.php?zm_ID=9945,
SRP,3,1,biopep_ace_000697,10550,BIOPEP-UWM,exact_molar,=,46.0,46.0,46.0,46.0,1.0,2023,2023,https://biochemia.uwm.edu.pl/biopep/peptidedatacard.php?zm_ID=10550,
SVY,3,1,biopep_ace_000336,9038,BIOPEP-UWM,exact_molar,=,8.13,8.13,8.13,8.13,1.0,2006,2006,https://biochemia.uwm.edu.pl/biopep/peptidedatacard.php?zm_ID=9038,
TAP,3,1,biopep_ace_000090,3406,BIOPEP-UWM,exact_molar,=,3.5,3.5,3.5,3.5,1.0,1989,1989,https://biochemia.uwm.edu.pl/biopep/peptidedatacard.php?zm_ID=3406,
TGP,3,1,biopep_ace_000420,9151,BIOPEP-UWM,exact_molar,=,79.1,79.1,79.1,79.1,1.0,2017,2017,https://biochemia.uwm.edu.pl/biopep/peptidedatacard.php?zm_ID=9151,
TKY,3,1,biopep_ace_000355,9057,BIOPEP-UWM,exact_molar,=,2.29,2.29,2.29,2.29,1.0,2006,2006,https://biochemia.uwm.edu.pl/biopep/peptidedatacard.php?zm_ID=9057,
TLS,3,1,biopep_ace_000429,9160,BIOPEP-UWM,exact_molar,=,102.1,102.1,102.1,102.1,1.0,2016,2016,https://biochemia.uwm.edu.pl/biopep/peptidedatacard.php?zm_ID=9160,
TTW,3,1,biopep_ace_000499,9350,BIOPEP-UWM,exact_molar,=,0.61,0.61,0.61,0.61,1.0,2018,2018,https://biochemia.uwm.edu.pl/biopep/peptidedatacard.php?zm_ID=9350,
VAA,3,1,biopep_ace_000114,3518,BIOPEP-UWM,exact_molar,=,13.0,13.0,13.0,13.0,1.0,1991,1991,https://biochemia.uwm.edu.pl/biopep/peptidedatacard.php?zm_ID=3518,
VAF,3,1,biopep_ace_000264,8126,BIOPEP-UWM,exact_molar,=,35.8,35.8,35.8,35.8,1.0,2001,2001,https://biochemia.uwm.edu.pl/biopep/peptidedatacard.php?zm_ID=8126,
VAP,3,1,biopep_ace_000115,3521,BIOPEP-UWM,exact_molar,=,2.0,2.0,2.0,2.0,1.0,1987,1987,https://biochemia.uwm.edu.pl/biopep/peptidedatacard.php?zm_ID=3521,
VAY,3,1,biopep_ace_000134,3546,BIOPEP-UWM,exact_molar,=,16.0,16.0,16.0,16.0,1.0,1991,1991,https://biochemia.uwm.edu.pl/biopep/peptidedatacard.php?zm_ID=3546,
VEF,3,1,biopep_ace_000733,10703,BIOPEP-UWM,exact_molar,=,23.0,23.0,23.0,23.0,1.0,2017,2017,https://biochemia.uwm.edu.pl/biopep/peptidedatacard.php?zm_ID=10703,
VEP,3,1,biopep_ace_000829,11315,BIOPEP-UWM,exact_molar,=,40.88,40.88,40.88,40.88,1.0,2025,2025,https://biochemia.uwm.edu.pl/biopep/peptidedatacard.php?zm_ID=11315,
VES,3,1,biopep_ace_000831,11317,BIOPEP-UWM,exact_molar,=,83.18,83.18,83.18,83.18,1.0,2025,2025,https://biochemia.uwm.edu.pl/biopep/peptidedatacard.php?zm_ID=11317,
VGP,3,1,biopep_ace_000366,9069,BIOPEP-UWM,exact_molar,=,26.3,26.3,26.3,26.3,1.0,2006,2006,https://biochemia.uwm.edu.pl/biopep/peptidedatacard.php?zm_ID=9069,
VHW,3,1,biopep_ace_000500,9351,BIOPEP-UWM,exact_molar,=,0.91,0.91,0.91,0.91,1.0,2018,2018,https://biochemia.uwm.edu.pl/biopep/peptidedatacard.php?zm_ID=9351,
VKF,3,1,biopep_ace_000734,10704,BIOPEP-UWM,exact_molar,=,11.0,11.0,11.0,11.0,1.0,2017,2017,https://biochemia.uwm.edu.pl/biopep/peptidedatacard.php?zm_ID=10704,
VKK,3,1,biopep_ace_000731,10695,BIOPEP-UWM,exact_molar,=,1045.0,1045.0,1045.0,1045.0,1.0,2006,2006,https://biochemia.uwm.edu.pl/biopep/peptidedatacard.php?zm_ID=10695,
VLP,3,1,biopep_ace_000032,2653,BIOPEP-UWM,exact_molar,=,320.0,320.0,320.0,320.0,1.0,1989,1989,https://biochemia.uwm.edu.pl/biopep/peptidedatacard.php?zm_ID=2653,
VLY,3,1,biopep_ace_000348,9050,BIOPEP-UWM,exact_molar,=,30.9,30.9,30.9,30.9,1.0,2006,2006,https://biochemia.uwm.edu.pl/biopep/peptidedatacard.php?zm_ID=9050,
VMP,3,1,biopep_ace_000001,2617,BIOPEP-UWM,exact_molar,=,29.0,29.0,29.0,29.0,1.0,1989,1989,https://biochemia.uwm.edu.pl/biopep/peptidedatacard.php?zm_ID=2617,
VPK,3,1,biopep_ace_000147,3975,BIOPEP-UWM,exact_molar,=,0.0,0.0,0.0,0.0,,2000,2000,https://biochemia.uwm.edu.pl/biopep/peptidedatacard.php?zm_ID=3975,
VQV,3,1,biopep_ace_000344,9046,BIOPEP-UWM,exact_molar,=,8.71,8.71,8.71,8.71,1.0,2006,2006,https://biochemia.uwm.edu.pl/biopep/peptidedatacard.php?zm_ID=9046,
VRF,3,1,biopep_ace_000730,10692,BIOPEP-UWM,exact_molar,=,5.0,5.0,5.0,5.0,1.0,2017,2017,https://biochemia.uwm.edu.pl/biopep/peptidedatacard.php?zm_ID=10692,
VRP,3,1,biopep_ace_000088,3404,BIOPEP-UWM,exact_molar,=,2.2,2.2,2.2,2.2,1.0,1989,1989,https://biochemia.uwm.edu.pl/biopep/peptidedatacard.php?zm_ID=3404,
VSK,3,1,biopep_ace_000827,11313,BIOPEP-UWM,exact_molar,=,13.8,13.8,13.8,13.8,1.0,2025,2025,https://biochemia.uwm.edu.pl/biopep/peptidedatacard.php?zm_ID=11313,
VSP,3,1,biopep_ace_000127,3538,BIOPEP-UWM,exact_molar,=,10.0,10.0,10.0,10.0,1.0,1991,1991,https://biochemia.uwm.edu.pl/biopep/peptidedatacard.php?zm_ID=3538,
VTR,3,1,biopep_ace_000365,9068,BIOPEP-UWM,exact_molar,=,134.9,134.9,134.9,134.9,1.0,2006,2006,https://biochemia.uwm.edu.pl/biopep/peptidedatacard.php?zm_ID=9068,
VVF,3,1,biopep_ace_000342,9044,BIOPEP-UWM,exact_molar,=,35.45,35.45,35.45,35.45,1.0,2006,2006,https://biochemia.uwm.edu.pl/biopep/peptidedatacard.php?zm_ID=9044,
VVL,3,1,biopep_ace_000549,9731,BIOPEP-UWM,exact_molar,=,0.0,0.0,0.0,0.0,,2017,2017,https://biochemia.uwm.edu.pl/biopep/peptidedatacard.php?zm_ID=9731,
VVR,3,1,biopep_ace_000547,9729,BIOPEP-UWM,exact_molar,=,249.7,249.7,249.7,249.7,1.0,2017,2017,https://biochemia.uwm.edu.pl/biopep/peptidedatacard.php?zm_ID=9729,
WAA,3,1,biopep_ace_000708,10562,BIOPEP-UWM,exact_molar,=,118.5,118.5,118.5,118.5,1.0,2019,2019,https://biochemia.uwm.edu.pl/biopep/peptidedatacard.php?zm_ID=10562,
WCW,3,1,biopep_ace_000711,10567,BIOPEP-UWM,exact_molar,=,49.5,49.5,49.5,49.5,1.0,2018,2018,https://biochemia.uwm.edu.pl/biopep/peptidedatacard.php?zm_ID=10567,
WKP,3,1,biopep_ace_000786,11015,BIOPEP-UWM,exact_molar,=,562.67,562.67,562.67,562.67,1.0,2025,2025,https://biochemia.uwm.edu.pl/biopep/peptidedatacard.php?zm_ID=11015,
WLP,3,1,biopep_ace_000679,10232,BIOPEP-UWM,exact_molar,=,0.0,0.0,0.0,0.0,,2011,2011,https://biochemia.uwm.edu.pl/biopep/peptidedatacard.php?zm_ID=10232,
WLW,3,1,biopep_ace_000714,10570,BIOPEP-UWM,exact_molar,=,1783.0,1783.0,1783.0,1783.0,1.0,2018,2018,https://biochemia.uwm.edu.pl/biopep/peptidedatacard.php?zm_ID=10570,
WMY,3,1,biopep_ace_000633,10025,BIOPEP-UWM,exact_molar,=,550.0,550.0,550.0,550.0,1.0,2021,2021,https://biochemia.uwm.edu.pl/biopep/peptidedatacard.php?zm_ID=10025,
WRP,3,1,biopep_ace_000724,10585,BIOPEP-UWM,exact_molar,=,46.71,46.71,46.71,46.71,1.0,2024,2024,https://biochemia.uwm.edu.pl/biopep/peptidedatacard.php?zm_ID=10585,
WSR,3,1,biopep_ace_000725,10586,BIOPEP-UWM,exact_molar,=,300.12,300.12,300.12,300.12,1.0,2024,2024,https://biochemia.uwm.edu.pl/biopep/peptidedatacard.php?zm_ID=10586,
WSY,3,1,biopep_ace_000629,10013,BIOPEP-UWM,exact_molar,=,0.0,0.0,0.0,0.0,,2014,2014,https://biochemia.uwm.edu.pl/biopep/peptidedatacard.php?zm_ID=10013,
WWI,3,1,biopep_ace_000713,10569,BIOPEP-UWM,exact_molar,=,752.91,752.91,752.91,752.91,1.0,2018,2018,https://biochemia.uwm.edu.pl/biopep/peptidedatacard.php?zm_ID=10569,
WWW,3,1,biopep_ace_000712,10568,BIOPEP-UWM,exact_molar,=,536.02,536.02,536.02,536.02,1.0,2018,2018,https://biochemia.uwm.edu.pl/biopep/peptidedatacard.php?zm_ID=10568,
WYT,3,1,biopep_ace_000611,9941,BIOPEP-UWM,exact_molar,=,54.0,54.0,54.0,54.0,1.0,2014,2014,https://biochemia.uwm.edu.pl/biopep/peptidedatacard.php?zm_ID=9941,
YGG,3,1,biopep_ace_000230,7647,BIOPEP-UWM,exact_molar,=,1001.0,1001.0,1001.0,1001.0,1.0,2006,2006,https://biochemia.uwm.edu.pl/biopep/peptidedatacard.php?zm_ID=7647,
YLL,3,1,biopep_ace_000654,10113,BIOPEP-UWM,exact_molar,=,518.54,518.54,518.54,518.54,1.0,2020,2020,https://biochemia.uwm.edu.pl/biopep/peptidedatacard.php?zm_ID=10113,
YLR,3,1,biopep_ace_000637,10044,BIOPEP-UWM,exact_molar,=,5.8,5.8,5.8,5.8,1.0,2021,2021,https://biochemia.uwm.edu.pl/biopep/peptidedatacard.php?zm_ID=10044,
YNL,3,1,biopep_ace_000630,10020,BIOPEP-UWM,exact_molar,=,0.0,0.0,0.0,0.0,,2014,2014,https://biochemia.uwm.edu.pl/biopep/peptidedatacard.php?zm_ID=10020,
YPG,3,1,biopep_ace_000363,9066,BIOPEP-UWM,exact_molar,=,23.44,23.44,23.44,23.44,1.0,2006,2006,https://biochemia.uwm.edu.pl/biopep/peptidedatacard.php?zm_ID=9066,
YPR,3,1,biopep_ace_000124,3535,BIOPEP-UWM,exact_molar,=,16.5,16.5,16.5,16.5,1.0,1994,1994,https://biochemia.uwm.edu.pl/biopep/peptidedatacard.php?zm_ID=3535,
YQK,3,1,biopep_ace_000491,9282,BIOPEP-UWM,exact_molar,=,0.0,0.0,0.0,0.0,,2013,2013,https://biochemia.uwm.edu.pl/biopep/peptidedatacard.php?zm_ID=9282,
YQY,3,1,biopep_ace_000174,7551,BIOPEP-UWM,exact_molar,=,4.0,4.0,4.0,4.0,1.0,2004,2004,https://biochemia.uwm.edu.pl/biopep/peptidedatacard.php?zm_ID=7551,
YRP,3,1,biopep_ace_000726,10587,BIOPEP-UWM,exact_molar,=,89.56,89.56,89.56,89.56,1.0,2024,2024,https://biochemia.uwm.edu.pl/biopep/peptidedatacard.php?zm_ID=10587,
YVA,3,1,biopep_ace_000334,9036,BIOPEP-UWM,exact_molar,=,1.43,1.43,1.43,1.43,1.0,2006,2006,https://biochemia.uwm.edu.pl/biopep/peptidedatacard.php?zm_ID=9036,
