record_id,task,sequence,peptide_length,source_type,source_name,source_record_id,evidence_type,target,activity_label_raw,ic50_raw,ic50_value,ic50_unit,ic50_relation,ic50_uM,ic50_parse_status,ic50_parse_note,name_raw,function_text_raw,activity_code_raw,activity_name_raw,activity_measure_label_raw,measure_type_raw,number_of_residues_raw,chemical_mass,monoisotopic_mass,bibliographic_authors_raw,bibliographic_title_raw,bibliographic_year_raw,bibliographic_source_type_raw,bibliographic_raw,database_reference_raw,additional_information_raw,smiles,inchi,inchikey,detail_report_url,list_page_number,list_page_url,list_row_index,raw_text_path,raw_html_path,sequence_from,length_consistency_flag,merge_source,notes,workset_keep_flag,workset_exclusion_reasons
biopep_ace_000006,ace,NILP,4,database,BIOPEP-UWM,2622,experimental,ACE,ACE inhibitor | Inhibitor of Angiotensin-Converting Enzyme (ACE) (EC 3.4.15.1) (MEROPS ID: M02-001),560.00 [EC50],560.0,,=,,numeric_no_unit,numeric_value_present_but_unit_missing,ACE inhibitor,Inhibitor of Angiotensin-Converting Enzyme (ACE) (EC 3.4.15.1) (MEROPS ID: M02-001),ah,ACE inhibitor,,EC50,4,455.5469,455.2735,"Kohmura M., Nio N., Kubo K., Minoshima Y., Munekata E., Ariyoshi Y.",Inhibition of angiotensin-converting enzyme by synthetic peptides of human beta-casein.,1989,Journal,"Authors Kohmura M., Nio N., Kubo K., Minoshima Y., Munekata E., Ariyoshi Y. Title Inhibition of angiotensin-converting enzyme by synthetic peptides of human beta-casein. Agric. Biol. Chem. 53, 2107-2114 (1989) Year Source 1989 Journal","AHTPDB: ID 4938, 5295, 5983, 6291, 6808 EROP-Moscow: ID E14597 MBPDB: Peptide NILP SATPdb: ID satpdb22168",BIOPEP-UWM database of bioactive peptides,,,,https://biochemia.uwm.edu.pl/biopep/peptidedatacard.php?zm_ID=2622,4,https://biochemia.uwm.edu.pl/biopep/peptide_data.php?pageNum_result1=3,10,E:\MYS\PepDB\DB\raw\ace\databases\BIOPEP_UWM\experimental\raw_txt\detail_cards\detail_report_2622.txt,E:\MYS\PepDB\DB\raw\ace\databases\BIOPEP_UWM\experimental\raw_html\detail_pages\detail_report_2622.html,list.sequence,consistent,list+detail,ic50_needs_manual_review,0,unresolved_ic50; ec50_record
biopep_ace_000012,ace,LIYP,4,database,BIOPEP-UWM,2628,experimental,ACE,ACE inhibitor | Inhibitor of Angiotensin-Converting Enzyme (ACE) (EC 3.4.15.1) (MEROPS ID: M02-001),10.00 [EC50],10.0,,=,,numeric_no_unit,numeric_value_present_but_unit_missing,ACE inhibitor,Inhibitor of Angiotensin-Converting Enzyme (ACE) (EC 3.4.15.1) (MEROPS ID: M02-001),ah,ACE inhibitor,,EC50,4,504.6174,504.2938,"Kohmura M., Nio N., Kubo K., Minoshima Y., Munekata E., Ariyoshi Y.",Inhibition of angiotensin-converting enzyme by synthetic peptides of human beta-casein.,1989,Journal,"Authors Kohmura M., Nio N., Kubo K., Minoshima Y., Munekata E., Ariyoshi Y. Title Inhibition of angiotensin-converting enzyme by synthetic peptides of human beta-casein. Agric. Biol. Chem., 53(8), 2107-2114 (1989) Year Source 1989 Journal","AHTPDB: ID 3664, 4899, 5287, 5967, 6297, 6784, 6792 EROP-Moscow: ID E14583 MBPDB: Peptide LIYP SATPdb: ID satpdb15991",BIOPEP-UWM database of bioactive peptides,,,,https://biochemia.uwm.edu.pl/biopep/peptidedatacard.php?zm_ID=2628,5,https://biochemia.uwm.edu.pl/biopep/peptide_data.php?pageNum_result1=4,1,E:\MYS\PepDB\DB\raw\ace\databases\BIOPEP_UWM\experimental\raw_txt\detail_cards\detail_report_2628.txt,E:\MYS\PepDB\DB\raw\ace\databases\BIOPEP_UWM\experimental\raw_html\detail_pages\detail_report_2628.html,list.sequence,consistent,list+detail,ic50_needs_manual_review,0,unresolved_ic50; ec50_record
biopep_ace_000015,ace,PQPLIYP,7,database,BIOPEP-UWM,2631,experimental,ACE,ACE inhibitor | Inhibitor of Angiotensin-Converting Enzyme (ACE) (EC 3.4.15.1) (MEROPS ID: M02-001),3.00 [EC50],3.0,,=,,numeric_no_unit,numeric_value_present_but_unit_missing,ACE inhibitor,Inhibitor of Angiotensin-Converting Enzyme (ACE) (EC 3.4.15.1) (MEROPS ID: M02-001),ah,ACE inhibitor,,EC50,7,826.9761,826.4574,"Kohmura M., Nio N., Kubo K., Minoshima Y., Munekata E., Ariyoshi Y.",Inhibition of angiotensin-converting enzyme by synthetic peptides of human beta-casein.,1989,Journal,"Authors Kohmura M., Nio N., Kubo K., Minoshima Y., Munekata E., Ariyoshi Y. Title Inhibition of angiotensin-converting enzyme by synthetic peptides of human beta-casein. Agric. Biol. Chem., 53(8), 2107-2114 (1989) Year Source 1989 Journal","AHTPDB: ID 5970, 6300, 6795 EROP-Moscow: ID E14586 MBPDB: Peptide PQPLIYP SATPdb: ID satpdb16919",BIOPEP-UWM database of bioactive peptides,,,,https://biochemia.uwm.edu.pl/biopep/peptidedatacard.php?zm_ID=2631,5,https://biochemia.uwm.edu.pl/biopep/peptide_data.php?pageNum_result1=4,4,E:\MYS\PepDB\DB\raw\ace\databases\BIOPEP_UWM\experimental\raw_txt\detail_cards\detail_report_2631.txt,E:\MYS\PepDB\DB\raw\ace\databases\BIOPEP_UWM\experimental\raw_html\detail_pages\detail_report_2631.html,list.sequence,consistent,list+detail,ic50_needs_manual_review,0,unresolved_ic50; ec50_record
biopep_ace_000029,ace,NPPHQIYP,8,database,BIOPEP-UWM,2649,experimental,ACE,ACE inhibitor | Inhibitor of Angiotensin-Converting Enzyme (ACE) (EC 3.4.15.1) (MEROPS ID: M02-001),37.00 [EC50],37.0,,=,,numeric_no_unit,numeric_value_present_but_unit_missing,ACE inhibitor,Inhibitor of Angiotensin-Converting Enzyme (ACE) (EC 3.4.15.1) (MEROPS ID: M02-001),ah,ACE inhibitor,,EC50,8,965.0603,964.4752,"Kohmura M., Nio N., Kubo K., Minoshima Y., Munekata E., Ariyoshi Y.",Inhibition of angiotensin-converting enzyme by synthetic peptides of human beta-casein.,1989,Journal,"Authors Kohmura M., Nio N., Kubo K., Minoshima Y., Munekata E., Ariyoshi Y. Title Inhibition of angiotensin-converting enzyme by synthetic peptides of human beta-casein. Agric. Biol. Chem., 53(8), 2107-2114 (1989) Year Source 1989 Journal","AHTPDB: ID 6028, 6314, 6853 EROP-Moscow: ID E14632 SATPdb: ID satpdb14900",BIOPEP-UWM database of bioactive peptides,,,,https://biochemia.uwm.edu.pl/biopep/peptidedatacard.php?zm_ID=2649,6,https://biochemia.uwm.edu.pl/biopep/peptide_data.php?pageNum_result1=5,3,E:\MYS\PepDB\DB\raw\ace\databases\BIOPEP_UWM\experimental\raw_txt\detail_cards\detail_report_2649.txt,E:\MYS\PepDB\DB\raw\ace\databases\BIOPEP_UWM\experimental\raw_html\detail_pages\detail_report_2649.html,list.sequence,consistent,list+detail,ic50_needs_manual_review,0,unresolved_ic50; ec50_record
biopep_ace_000040,ace,VPQPIP,6,database,BIOPEP-UWM,2662,experimental,ACE,ACE inhibitor | Inhibitor of Angiotensin-Converting Enzyme (ACE) (EC 3.4.15.1) (MEROPS ID: M02-001),290.00 [EC50],290.0,,=,,numeric_no_unit,numeric_value_present_but_unit_missing,ACE inhibitor,Inhibitor of Angiotensin-Converting Enzyme (ACE) (EC 3.4.15.1) (MEROPS ID: M02-001),ah,ACE inhibitor,,EC50,6,649.7767,649.3787,"Kohmura M., Nio N., Kubo K., Minoshima Y., Munekata E., Ariyoshi Y.",Inhibition of angiotensin-converting enzyme by synthetic peptides of human beta-casein.,1989,Journal,"Authors Kohmura M., Nio N., Kubo K., Minoshima Y., Munekata E., Ariyoshi Y. Title Inhibition of angiotensin-converting enzyme by synthetic peptides of human beta-casein. Agric. Biol. Chem., 53(8), 2107-2114 (1989) Year Source 1989 Journal","AHTPDB: ID 5396, 6008, 6325, 6833 EROP-Moscow: ID E14616 MBPDB: Peptide VPQPIP SATPdb: ID satpdb20967",BIOPEP-UWM database of bioactive peptides,,,,https://biochemia.uwm.edu.pl/biopep/peptidedatacard.php?zm_ID=2662,6,https://biochemia.uwm.edu.pl/biopep/peptide_data.php?pageNum_result1=5,14,E:\MYS\PepDB\DB\raw\ace\databases\BIOPEP_UWM\experimental\raw_txt\detail_cards\detail_report_2662.txt,E:\MYS\PepDB\DB\raw\ace\databases\BIOPEP_UWM\experimental\raw_html\detail_pages\detail_report_2662.html,list.sequence,consistent,list+detail,ic50_needs_manual_review,0,unresolved_ic50; ec50_record
biopep_ace_000046,ace,LHLP,4,database,BIOPEP-UWM,2668,experimental,ACE,ACE inhibitor | Inhibitor of Angiotensin-Converting Enzyme (ACE) (EC 3.4.15.1) (MEROPS ID: M02-001),210.00 [EC50],210.0,,=,,numeric_no_unit,numeric_value_present_but_unit_missing,ACE inhibitor,Inhibitor of Angiotensin-Converting Enzyme (ACE) (EC 3.4.15.1) (MEROPS ID: M02-001),ah,ACE inhibitor,,EC50,4,478.5835,478.2895,"Kohmura M., Nio N., Kubo K., Minoshima Y., Munekata E., Ariyoshi Y.",Inhibition of angiotensin-converting enzyme by synthetic peptides of human beta-casein.,1989,Journal,"Authors Kohmura M., Nio N., Kubo K., Minoshima Y., Munekata E., Ariyoshi Y. Title Inhibition of angiotensin-converting enzyme by synthetic peptides of human beta-casein. Agric. Biol. Chem., 53(8), 2107-2114 (1989) Year Source 1989 Journal","AHTPDB: ID 1162, 3367, 4087, 4917, 5286, 5994, 6331, 6819 EROP-Moscow: ID E14606 MBPDB: Peptide LHLP SATPdb: Id satpdb26040",BIOPEP-UWM database of bioactive peptides,,,,https://biochemia.uwm.edu.pl/biopep/peptidedatacard.php?zm_ID=2668,7,https://biochemia.uwm.edu.pl/biopep/peptide_data.php?pageNum_result1=6,5,E:\MYS\PepDB\DB\raw\ace\databases\BIOPEP_UWM\experimental\raw_txt\detail_cards\detail_report_2668.txt,E:\MYS\PepDB\DB\raw\ace\databases\BIOPEP_UWM\experimental\raw_html\detail_pages\detail_report_2668.html,list.sequence,consistent,list+detail,ic50_needs_manual_review,0,unresolved_ic50; ec50_record
biopep_ace_000048,ace,NLHLP,5,database,BIOPEP-UWM,2671,experimental,ACE,ACE inhibitor | Inhibitor of Angiotensin-Converting Enzyme (ACE) (EC 3.4.15.1) (MEROPS ID: M02-001),420.00 [EC50],420.0,,=,,numeric_no_unit,numeric_value_present_but_unit_missing,ACE inhibitor,Inhibitor of Angiotensin-Converting Enzyme (ACE) (EC 3.4.15.1) (MEROPS ID: M02-001),ah,ACE inhibitor,,EC50,5,592.6859,592.3323,"Kohmura M., Nio N., Kubo K., Minoshima Y., Munekata E., Ariyoshi Y.",Inhibition of angiotensin-converting enzyme by synthetic peptides of human beta-casein.,1989,Journal,"Authors Kohmura M., Nio N., Kubo K., Minoshima Y., Munekata E., Ariyoshi Y. Title Inhibition of angiotensin-converting enzyme by synthetic peptides of human beta-casein. Agric. Biol. Chem., 53(8), 2107-2114, (1989) Year Source 1989 Journal","AHTPDB: ID 1175, 2491, 3368, 4101, 5332, 5995, 6333, 6820 EROP-Moscow: ID E14607 MBPDB: Peptide NLHLP SATPdb: ID satpdb13205",BIOPEP-UWM database of bioactive peptides,,,,https://biochemia.uwm.edu.pl/biopep/peptidedatacard.php?zm_ID=2671,7,https://biochemia.uwm.edu.pl/biopep/peptide_data.php?pageNum_result1=6,7,E:\MYS\PepDB\DB\raw\ace\databases\BIOPEP_UWM\experimental\raw_txt\detail_cards\detail_report_2671.txt,E:\MYS\PepDB\DB\raw\ace\databases\BIOPEP_UWM\experimental\raw_html\detail_pages\detail_report_2671.html,list.sequence,consistent,list+detail,ic50_needs_manual_review,0,unresolved_ic50; ec50_record
biopep_ace_000058,ace,DMIPAQK,7,database,BIOPEP-UWM,3345,experimental,ACE,ACE inhibitor | Inhibitor of Angiotensin-Converting Enzyme (ACE) (EC 3.4.15.1) (MEROPS ID: XM02-001),45.00 [EC50],45.0,,=,,numeric_no_unit,numeric_value_present_but_unit_missing,ACE inhibitor,Inhibitor of Angiotensin-Converting Enzyme (ACE) (EC 3.4.15.1) (MEROPS ID: XM02-001),ah,ACE inhibitor,,EC50,7,801.9497,801.4041,"Yokoyama K., Chiba H., and Yoshikawa M.","Peptide inhibitors for angiotensin I-converting enzyme from thermolysin digest of dried bonito. Biosci. Biotech. Biochem., 56, 1541-1545, 1992",1992,Journal,"Authors Yokoyama K., Chiba H., and Yoshikawa M. Title Peptide inhibitors for angiotensin I-converting enzyme from thermolysin digest of dried bonito. Biosci. Biotech. Biochem., 56, 1541-1545, 1992 Year Source 1992 Journal",,BIOPEP-UWM database of bioactive peptides,,,,https://biochemia.uwm.edu.pl/biopep/peptidedatacard.php?zm_ID=3345,48,https://biochemia.uwm.edu.pl/biopep/peptide_data.php?pageNum_result1=47,8,E:\MYS\PepDB\DB\raw\ace\databases\BIOPEP_UWM\experimental\raw_txt\detail_cards\detail_report_3345.txt,E:\MYS\PepDB\DB\raw\ace\databases\BIOPEP_UWM\experimental\raw_html\detail_pages\detail_report_3345.html,list.sequence,consistent,list+detail,ic50_needs_manual_review,0,unresolved_ic50; ec50_record
biopep_ace_000205,ace,GH,2,database,BIOPEP-UWM,7601,experimental,ACE,ACE inhibitor,3100.00 [EC50],3100.0,,=,,numeric_no_unit,numeric_value_present_but_unit_missing,ACE inhibitor,,ah,ACE inhibitor,,EC50,2,212.2054,212.0907,"Cheung H.-S., Wang F.-L., Ondetti M. A., Sabo E. F., Cushman D. W.","Binding of peptide substrates and inhibitors of angiotensin-converting enzyme. J. Biol. Chem., 255, 401-407",1980,Journal,"Authors Cheung H.-S., Wang F.-L., Ondetti M. A., Sabo E. F., Cushman D. W. Title Binding of peptide substrates and inhibitors of angiotensin-converting enzyme. J. Biol. Chem., 255, 401-407 Year Source 1980 Journal",,,,,,https://biochemia.uwm.edu.pl/biopep/peptidedatacard.php?zm_ID=7601,125,https://biochemia.uwm.edu.pl/biopep/peptide_data.php?pageNum_result1=124,5,E:\MYS\PepDB\DB\raw\ace\databases\BIOPEP_UWM\experimental\raw_txt\detail_cards\detail_report_7601.txt,E:\MYS\PepDB\DB\raw\ace\databases\BIOPEP_UWM\experimental\raw_html\detail_pages\detail_report_7601.html,list.sequence,consistent,list+detail,ic50_needs_manual_review,0,unresolved_ic50; ec50_record
biopep_ace_000242,ace,EI,2,database,BIOPEP-UWM,7826,experimental,ACE,ACE inhibitor | Inhibitor of Angiotensin-Converting Enzyme (ACE) (EC 3.4.15.1) (MEROPS ID: M02-001),0.00 [EC50],0.0,,=,,numeric_no_unit,numeric_value_present_but_unit_missing,ACE inhibitor,Inhibitor of Angiotensin-Converting Enzyme (ACE) (EC 3.4.15.1) (MEROPS ID: M02-001),ah,ACE inhibitor,,EC50,2,260.2861,260.1367,"van Platerink C. J., Janssen H.-G. M., Haverkamp J.","Application of at-line two-dimensional liquid chromatography-mass spectrometry for identification of small hydrophilic angiotensin I-inhibiting peptides in milk hydrolysates. Anal. Bioanal. Chem., 2008, 391, 299-307.",2008,Journal,"Authors van Platerink C. J., Janssen H.-G. M., Haverkamp J. Title Application of at-line two-dimensional liquid chromatography-mass spectrometry for identification of small hydrophilic angiotensin I-inhibiting peptides in milk hydrolysates. Anal. Bioanal. Chem., 2008, 391, 299-307. Year Source 2008 Journal","AHTPDB: ID 3279; 3436; 3473; 3899; 6729 BIOPEP-UWM database of bioactive peptides: ID 8772 BIOPEP-UWM database of sensory peptides and amino acids: ID 272 ChEBI: ID 141436 ChemSpider: ID 7989605 FeptideDB: ID 7826, 8772 FooDB: ID FDB111866 HMDB: ID HMDB0028822 PubChem: CID 9813855 SATPdb: ID satpdb11351 SureChEMBL: ID SCHEMBL3708036",BIOPEP-UWM database of bioactive peptides,,,,https://biochemia.uwm.edu.pl/biopep/peptidedatacard.php?zm_ID=7826,140,https://biochemia.uwm.edu.pl/biopep/peptide_data.php?pageNum_result1=139,5,E:\MYS\PepDB\DB\raw\ace\databases\BIOPEP_UWM\experimental\raw_txt\detail_cards\detail_report_7826.txt,E:\MYS\PepDB\DB\raw\ace\databases\BIOPEP_UWM\experimental\raw_html\detail_pages\detail_report_7826.html,list.sequence,consistent,list+detail,ic50_needs_manual_review,0,unresolved_ic50; ec50_record
biopep_ace_000243,ace,IE,2,database,BIOPEP-UWM,7827,experimental,ACE,ACE inhibitor | Inhibitor of Angiotensin-Converting Enzyme (ACE) (EC 3.4.15.1) (MEROPS ID: M02-001),0.00 [EC50],0.0,,=,,numeric_no_unit,numeric_value_present_but_unit_missing,ACE inhibitor,Inhibitor of Angiotensin-Converting Enzyme (ACE) (EC 3.4.15.1) (MEROPS ID: M02-001),ah,ACE inhibitor,,EC50,2,260.2861,260.1367,"van Platerink C. J., Janssen H.-G. M., Haverkamp J.","Application of at-line two-dimensional liquid chromatography-mass spectrometry for identification of small hydrophilic angiotensin I-inhibiting peptides in milk hydrolysates. Anal. Bioanal. Chem., 2008, 391, 299-307.",2008,Journal,"Authors van Platerink C. J., Janssen H.-G. M., Haverkamp J. Title Application of at-line two-dimensional liquid chromatography-mass spectrometry for identification of small hydrophilic angiotensin I-inhibiting peptides in milk hydrolysates. Anal. Bioanal. Chem., 2008, 391, 299-307. Year Source 2008 Journal","AHTPDB: ID 1701, 2987, 3033, 3113, 3280, 3356, 3437, 3867, 3946, 6730 BioPepDB: ID biopep00496 BIOPEP-UWM database of sensory peptides and amino acids: ID 487 BRENDA: Ligand Ile-Glu ChEBI: ID 137259 ChEMBL: ID CHEMBL436551 ChemSpider: ID 5373205 EROP-Moscow: ID E01850 FeptideDB: ID 7827 J-GLOBAL: ID 201407086499305160 Nikkaji: ID J3.318.463H PubChem: CID 7009625 SATPdb: ID satpdb19205 SureChEMBL: ID SCHEMBL12496193 ZINC: ID ZINC000002384845",BIOPEP-UWM database of bioactive peptides,,,,https://biochemia.uwm.edu.pl/biopep/peptidedatacard.php?zm_ID=7827,140,https://biochemia.uwm.edu.pl/biopep/peptide_data.php?pageNum_result1=139,6,E:\MYS\PepDB\DB\raw\ace\databases\BIOPEP_UWM\experimental\raw_txt\detail_cards\detail_report_7827.txt,E:\MYS\PepDB\DB\raw\ace\databases\BIOPEP_UWM\experimental\raw_html\detail_pages\detail_report_7827.html,list.sequence,consistent,list+detail,ic50_needs_manual_review,0,unresolved_ic50; ec50_record
biopep_ace_000244,ace,EV,2,database,BIOPEP-UWM,7828,experimental,ACE,ACE inhibitor | Inhibitor of Angiotensin-Converting Enzyme (ACE) (EC 3.4.15.1) (MEROPS ID: XM02-001),0.00 [EC50],0.0,,=,,numeric_no_unit,numeric_value_present_but_unit_missing,ACE inhibitor,Inhibitor of Angiotensin-Converting Enzyme (ACE) (EC 3.4.15.1) (MEROPS ID: XM02-001),ah,ACE inhibitor,,EC50,2,246.2596,246.1211,"van Platerink C. J., Janssen H.-G. M., Haverkamp J.","Application of at-line two-dimensional liquid chromatography-mass spectrometry for identification of small hydrophilic angiotensin I-inhibiting peptides in milk hydrolysates. Anal. Bioanal. Chem., 2008, 391, 299-307.",2008,Journal,"Authors van Platerink C. J., Janssen H.-G. M., Haverkamp J. Title Application of at-line two-dimensional liquid chromatography-mass spectrometry for identification of small hydrophilic angiotensin I-inhibiting peptides in milk hydrolysates. Anal. Bioanal. Chem., 2008, 391, 299-307. Year Source 2008 Journal",AHTPDB: ID 3047; 3104; 3281; 3348; 3438; 3475; 3901; 5441; 6731 BIOPEP database of sensory peptides and amino acids: ID 267; 308; 309; 357 ChEBI: ID 68846 ChemSpider: ID 5360697 EROP-Moscow: ID E03926; E06350 Human Metabolome Database (HMDB): ID HMDB59717 PubChem: ID 6992567 ZINC: ID ZINC01576296,BIOPEP database of bioactive peptides,,,,https://biochemia.uwm.edu.pl/biopep/peptidedatacard.php?zm_ID=7828,140,https://biochemia.uwm.edu.pl/biopep/peptide_data.php?pageNum_result1=139,7,E:\MYS\PepDB\DB\raw\ace\databases\BIOPEP_UWM\experimental\raw_txt\detail_cards\detail_report_7828.txt,E:\MYS\PepDB\DB\raw\ace\databases\BIOPEP_UWM\experimental\raw_html\detail_pages\detail_report_7828.html,list.sequence,consistent,list+detail,ic50_needs_manual_review,0,unresolved_ic50; ec50_record
biopep_ace_000252,ace,PP,2,database,BIOPEP-UWM,7836,experimental,ACE,ACE inhibitor | Inhibitor of Angiotensin-Converting Enzyme (ACE) (EC 3.4.15.1) (MEROPS ID: M02-001),0.00 [EC50],0.0,,=,,numeric_no_unit,numeric_value_present_but_unit_missing,ACE inhibitor,Inhibitor of Angiotensin-Converting Enzyme (ACE) (EC 3.4.15.1) (MEROPS ID: M02-001),ah,ACE inhibitor,,EC50,2,212.2450,212.1157,"van Platerink C. J., Janssen H.-G. M., Haverkamp J.","Application of at-line two-dimensional liquid chromatography-mass spectrometry for identification of small hydrophilic angiotensin I-inhibiting peptides in milk hydrolysates. Anal. Bioanal. Chem., 2008, 391, 299-307.",2008,Journal,"Authors van Platerink C. J., Janssen H.-G. M., Haverkamp J. Title Application of at-line two-dimensional liquid chromatography-mass spectrometry for identification of small hydrophilic angiotensin I-inhibiting peptides in milk hydrolysates. Anal. Bioanal. Chem., 2008, 391, 299-307. Year Source 2008 Journal",AHTPDB: ID 3007; 3289; 3445; 3527; 3579; 4007; 5442; 6739 BindingDB: ID 50169141 BioPepDB: ID biopep01074 BIOPEP-UWM database of bioactive peptides: ID 3170; 9651 BIOPEP-UWM database of sensory peptides and amino acids: ID 5 BRENDA: Ligand Pro-Pro CHEBI: ID 73646 ChEMBL: ID CHEMBL371194 ChemSpider: ID 9797341 EROP-Moscow: ID E01865; E09232 HMDB: ID HMDB0011180 J-GLOBAL: ID 200907033363473135 Metabolights: ID MTBLC73646 Nikkaji: ID J364.500B NIST: ID 20488-28-2 PubChem: CID 11622593 SATPdb: ID satpdb13817 ZINC: ID ZINC04899613,BIOPEP-UWM database of bioactive peptides,,,,https://biochemia.uwm.edu.pl/biopep/peptidedatacard.php?zm_ID=7836,140,https://biochemia.uwm.edu.pl/biopep/peptide_data.php?pageNum_result1=139,15,E:\MYS\PepDB\DB\raw\ace\databases\BIOPEP_UWM\experimental\raw_txt\detail_cards\detail_report_7836.txt,E:\MYS\PepDB\DB\raw\ace\databases\BIOPEP_UWM\experimental\raw_html\detail_pages\detail_report_7836.html,list.sequence,consistent,list+detail,ic50_needs_manual_review,0,unresolved_ic50; ec50_record
biopep_ace_000263,ace,AGSS,4,database,BIOPEP-UWM,8096,experimental,ACE,ACE inhibitor | Inhibitor of Angiotensin-Converting Enzyme (ACE) (EC 3.4.15.1) (MEROPS ID: XM02-001),672.10 [EC50],672.1,,=,,numeric_no_unit,numeric_value_present_but_unit_missing,ACE inhibitor,Inhibitor of Angiotensin-Converting Enzyme (ACE) (EC 3.4.15.1) (MEROPS ID: XM02-001),ah,ACE inhibitor,,EC50,4,320.2983,320.1327,"Balti R., Nedjar-Arroume N., Adjé E.Y., Guillochon D., Nasri M.","Analysis of novel angiotensin I-converting enzyme inhibitory peptides from enzymatic hydrolysates of cuttlefish (Sepia officinalis) muscle proteins. J. Agric. Food Chem., 58, 3840-3846, 2010",2010,Journal,"Authors Balti R., Nedjar-Arroume N., Adjé E.Y., Guillochon D., Nasri M. Title Analysis of novel angiotensin I-converting enzyme inhibitory peptides from enzymatic hydrolysates of cuttlefish (Sepia officinalis) muscle proteins. J. Agric. Food Chem., 58, 3840-3846, 2010 Year Source 2010 Journal",,,,,,https://biochemia.uwm.edu.pl/biopep/peptidedatacard.php?zm_ID=8096,158,https://biochemia.uwm.edu.pl/biopep/peptide_data.php?pageNum_result1=157,4,E:\MYS\PepDB\DB\raw\ace\databases\BIOPEP_UWM\experimental\raw_txt\detail_cards\detail_report_8096.txt,E:\MYS\PepDB\DB\raw\ace\databases\BIOPEP_UWM\experimental\raw_html\detail_pages\detail_report_8096.html,list.sequence,consistent,list+detail,ic50_needs_manual_review,0,unresolved_ic50; ec50_record
biopep_ace_000282,ace,VTVNPYKWLP,10,database,BIOPEP-UWM,8298,experimental,ACE,ACE inhibitor | Inhibitor of Angiotensin-Converting Enzyme (ACE) (EC 3.4.15.1) (MEROPS ID: XM02-001),5.50 [EC50],5.5,,=,,numeric_no_unit,numeric_value_present_but_unit_missing,ACE inhibitor,Inhibitor of Angiotensin-Converting Enzyme (ACE) (EC 3.4.15.1) (MEROPS ID: XM02-001),ah,ACE inhibitor,,EC50,10,1216.4238,1215.6631,"Terashima M., Baba T., Ikemoto N., Katayama M., Morimoto T., Matsumura S.","Novel angiotensin-converting enzyme (ACE) inhibitory peptides derived from boneless chicken leg meat. J. Agric. Food Chem., 58, 7432-7436, 2010",2010,book,"Authors Terashima M., Baba T., Ikemoto N., Katayama M., Morimoto T., Matsumura S. Title Novel angiotensin-converting enzyme (ACE) inhibitory peptides derived from boneless chicken leg meat. J. Agric. Food Chem., 58, 7432-7436, 2010 Year Source 2010 book",,,,,,https://biochemia.uwm.edu.pl/biopep/peptidedatacard.php?zm_ID=8298,171,https://biochemia.uwm.edu.pl/biopep/peptide_data.php?pageNum_result1=170,11,E:\MYS\PepDB\DB\raw\ace\databases\BIOPEP_UWM\experimental\raw_txt\detail_cards\detail_report_8298.txt,E:\MYS\PepDB\DB\raw\ace\databases\BIOPEP_UWM\experimental\raw_html\detail_pages\detail_report_8298.html,list.sequence,consistent,list+detail,ic50_needs_manual_review,0,unresolved_ic50; ec50_record
biopep_ace_000297,ace,MVGSAPGVL,9,database,BIOPEP-UWM,8417,experimental,ACE,ACE inhibitor | Inhibitor of Angiotensin-Converting Enzyme (ACE) (EC 3.4.15.1) (MEROPS ID: M02-001),3.09 [EC50],3.09,,=,,numeric_no_unit,numeric_value_present_but_unit_missing,ACE inhibitor,Inhibitor of Angiotensin-Converting Enzyme (ACE) (EC 3.4.15.1) (MEROPS ID: M02-001),ah,ACE inhibitor,,EC50,9,830.0027,829.4353,"Ngo D.H., Ryu B., Kim S.K.","Active peptides from skate (Okamejei kenojei) skin gelatin diminish angiotensin-I converting enzyme activity and intracellular free radical-mediated oxidation. Food Chemistry 143, 246-255, 2014",2014,Journal,"Authors Ngo D.H., Ryu B., Kim S.K. Title Active peptides from skate (Okamejei kenojei) skin gelatin diminish angiotensin-I converting enzyme activity and intracellular free radical-mediated oxidation. Food Chemistry 143, 246-255, 2014 Year Source 2014 Journal",AHTPDB: ID 6781 BioPepDB: ID biopep00983 SATPdb: ID satpdb24192,BIOPEP-UWM database of bioactive peptides,,,,https://biochemia.uwm.edu.pl/biopep/peptidedatacard.php?zm_ID=8417,179,https://biochemia.uwm.edu.pl/biopep/peptide_data.php?pageNum_result1=178,9,E:\MYS\PepDB\DB\raw\ace\databases\BIOPEP_UWM\experimental\raw_txt\detail_cards\detail_report_8417.txt,E:\MYS\PepDB\DB\raw\ace\databases\BIOPEP_UWM\experimental\raw_html\detail_pages\detail_report_8417.html,list.sequence,consistent,list+detail,ic50_needs_manual_review,0,unresolved_ic50; ec50_record
biopep_ace_000307,ace,GMKCAF,6,database,BIOPEP-UWM,8961,experimental,ACE,ACE inhibitor | Inhibitor of Angiotensin-Converting Enzyme (ACE) (EC 3.4.15.1) (MEROPS ID: M02-001),0.00 [EC50],0.0,,=,,numeric_no_unit,numeric_value_present_but_unit_missing,ACE inhibitor,Inhibitor of Angiotensin-Converting Enzyme (ACE) (EC 3.4.15.1) (MEROPS ID: M02-001),ah,ACE inhibitor,,EC50,6,655.8300,655.2812,"Lan X., Liao D., Wu S., Wang F., Sun J., Tong Z.","Rapid purification and characterization of angiotensin converting enzyme inhibitory peptides from lizard fish protein hydrolysates with magnetic affinity separation. Food Chemistry, 182, 136-142, 2015",2015,Journal,"Authors Lan X., Liao D., Wu S., Wang F., Sun J., Tong Z. Title Rapid purification and characterization of angiotensin converting enzyme inhibitory peptides from lizard fish protein hydrolysates with magnetic affinity separation. Food Chemistry, 182, 136-142, 2015 Year Source 2015 Journal",FeptideDB: ID 8961,BIOPEP-UWM database of bioactive peptides,,,,https://biochemia.uwm.edu.pl/biopep/peptidedatacard.php?zm_ID=8961,215,https://biochemia.uwm.edu.pl/biopep/peptide_data.php?pageNum_result1=214,13,E:\MYS\PepDB\DB\raw\ace\databases\BIOPEP_UWM\experimental\raw_txt\detail_cards\detail_report_8961.txt,E:\MYS\PepDB\DB\raw\ace\databases\BIOPEP_UWM\experimental\raw_html\detail_pages\detail_report_8961.html,list.sequence,consistent,list+detail,ic50_needs_manual_review,0,unresolved_ic50; ec50_record
biopep_ace_000309,ace,ASL,3,database,BIOPEP-UWM,8968,experimental,ACE,ACE inhibitor | Inhibitor of Angiotensin-Converting Enzyme (ACE) (EC 3.4.15.1) (MEROPS ID: M02-001),102.15 [EC50],102.15,,=,,numeric_no_unit,numeric_value_present_but_unit_missing,ACE inhibitor,Inhibitor of Angiotensin-Converting Enzyme (ACE) (EC 3.4.15.1) (MEROPS ID: M02-001),ah,ACE inhibitor,,EC50,3,289.3272,289.1632,"Wu S., Feng X., Lan X., Xu Y., Liao D.",A novel angiotensin-I converting enzyme (ACE) inhibitory peptide from gastrointestinal protease hydrolysate of silkworm pupa (Bombyx mori) protein:,2015,Journal,"Authors Wu S., Feng X., Lan X., Xu Y., Liao D. Title A novel angiotensin-I converting enzyme (ACE) inhibitory peptide from gastrointestinal protease hydrolysate of silkworm pupa (Bombyx mori) protein: Biochemical characterization and molecular docking study. Peptides, 68, 17-24 (2015) Year Source 2015 Journal",EROP-Moscow: ID E14359 PubChem: CID 44230567,BIOPEP-UWM database of bioactive peptides,,,,https://biochemia.uwm.edu.pl/biopep/peptidedatacard.php?zm_ID=8968,216,https://biochemia.uwm.edu.pl/biopep/peptide_data.php?pageNum_result1=215,5,E:\MYS\PepDB\DB\raw\ace\databases\BIOPEP_UWM\experimental\raw_txt\detail_cards\detail_report_8968.txt,E:\MYS\PepDB\DB\raw\ace\databases\BIOPEP_UWM\experimental\raw_html\detail_pages\detail_report_8968.html,list.sequence,consistent,list+detail,ic50_needs_manual_review,0,unresolved_ic50; ec50_record
biopep_ace_000335,ace,GKV,3,database,BIOPEP-UWM,9037,experimental,ACE,ACE inhibitor | Inhibitor of Angiotensin-Converting Enzyme (ACE) (EC 3.4.15.1) (MEROPS ID: M02-001),3.89 [EC50],3.89,,=,,numeric_no_unit,numeric_value_present_but_unit_missing,ACE inhibitor,Inhibitor of Angiotensin-Converting Enzyme (ACE) (EC 3.4.15.1) (MEROPS ID: M02-001),ah,ACE inhibitor,,EC50,3,302.3689,302.1948,"Wu J., Aluko R. E., Nakai S.","Structural requirements of angiotensin I-converting enzyme inhibitory activity: quantitative structure-activity relationship study of di- and tripeptides. J. Agric. Food Chem., 54, 732-738, 2006",2006,Journal,"Authors Wu J., Aluko R. E., Nakai S. Title Structural requirements of angiotensin I-converting enzyme inhibitory activity: quantitative structure-activity relationship study of di- and tripeptides. J. Agric. Food Chem., 54, 732-738, 2006 Year Source 2006 Journal",AHTPDB: ID 1561 BioPepDB: ID biopep00366 SATPdb: ID satpdb15502,BIOPEP-UWM database of bioactive peptides,,,,https://biochemia.uwm.edu.pl/biopep/peptidedatacard.php?zm_ID=9037,220,https://biochemia.uwm.edu.pl/biopep/peptide_data.php?pageNum_result1=219,14,E:\MYS\PepDB\DB\raw\ace\databases\BIOPEP_UWM\experimental\raw_txt\detail_cards\detail_report_9037.txt,E:\MYS\PepDB\DB\raw\ace\databases\BIOPEP_UWM\experimental\raw_html\detail_pages\detail_report_9037.html,list.sequence,consistent,list+detail,ic50_needs_manual_review,0,unresolved_ic50; ec50_record
biopep_ace_000361,ace,LEK,3,database,BIOPEP-UWM,9064,experimental,ACE,ACE inhibitor | Inhibitor of Angiotensin-Converting Enzyme (ACE) (EC 3.4.15.1) (MEROPS ID: M02-001),794.40 [EC50],794.4,,=,,numeric_no_unit,numeric_value_present_but_unit_missing,ACE inhibitor,Inhibitor of Angiotensin-Converting Enzyme (ACE) (EC 3.4.15.1) (MEROPS ID: M02-001),ah,ACE inhibitor,,EC50,3,388.4579,388.2314,"Wu J., Aluko R. E., Nakai S.","Structural requirements of angiotensin I-converting enzyme inhibitory activity: quantitative structure-activity relationship study of di- and tripeptides. J. Agric. Food Chem., 54, 732-738, 2006",2006,Journal,"Authors Wu J., Aluko R. E., Nakai S. Title Structural requirements of angiotensin I-converting enzyme inhibitory activity: quantitative structure-activity relationship study of di- and tripeptides. J. Agric. Food Chem., 54, 732-738, 2006 Year Source 2006 Journal","AHTPDB: ID 1630, 2856 BioPepDB: ID biopep00747 ChemSpider: ID 9592739 PubChem: CID 11417852 SATPdb: ID satpdb13310",BIOPEP-UWM database of bioactive peptides,,,,https://biochemia.uwm.edu.pl/biopep/peptidedatacard.php?zm_ID=9064,222,https://biochemia.uwm.edu.pl/biopep/peptide_data.php?pageNum_result1=221,11,E:\MYS\PepDB\DB\raw\ace\databases\BIOPEP_UWM\experimental\raw_txt\detail_cards\detail_report_9064.txt,E:\MYS\PepDB\DB\raw\ace\databases\BIOPEP_UWM\experimental\raw_html\detail_pages\detail_report_9064.html,list.sequence,consistent,list+detail,ic50_needs_manual_review,0,unresolved_ic50; ec50_record
biopep_ace_000378,ace,PDLVF,5,database,BIOPEP-UWM,9081,experimental,ACE,ACE inhibitor | Inhibitor of Angiotensin-Converting Enzyme (ACE) (EC 3.4.15.1) (MEROPS ID: M02-001),84.90 [EC50],84.9,,=,,numeric_no_unit,numeric_value_present_but_unit_missing,ACE inhibitor,Inhibitor of Angiotensin-Converting Enzyme (ACE) (EC 3.4.15.1) (MEROPS ID: M02-001),ah,ACE inhibitor,,EC50,5,589.6787,589.3101,"Torkova A., Kononikhin A., Bugrova A., Khotchenkov V., Tsentalovich M., Medvedeva U.","Effect of in vitro gastrointestinal digestion on bioactivity of poultry protein hydrolysate. Curr. Res. Nutr. Food Sci., 4 (SI 2), 77-86, 2016",2016,Journal,"Authors Torkova A., Kononikhin A., Bugrova A., Khotchenkov V., Tsentalovich M., Medvedeva U. Title Effect of in vitro gastrointestinal digestion on bioactivity of poultry protein hydrolysate. Curr. Res. Nutr. Food Sci., 4 (SI 2), 77-86, 2016 Year Source 2016 Journal",,BIOPEP-UWM database of bioactive peptides,,,,https://biochemia.uwm.edu.pl/biopep/peptidedatacard.php?zm_ID=9081,223,https://biochemia.uwm.edu.pl/biopep/peptide_data.php?pageNum_result1=222,13,E:\MYS\PepDB\DB\raw\ace\databases\BIOPEP_UWM\experimental\raw_txt\detail_cards\detail_report_9081.txt,E:\MYS\PepDB\DB\raw\ace\databases\BIOPEP_UWM\experimental\raw_html\detail_pages\detail_report_9081.html,list.sequence,consistent,list+detail,ic50_needs_manual_review,0,unresolved_ic50; ec50_record
biopep_ace_000485,ace,VVVPPF,6,database,BIOPEP-UWM,9251,experimental,ACE,ACE inhibitor | Inhibitor of Angiotensin-Converting Enzyme (ACE) (EC 3.4.15.1) (MEROPS ID: M02-001),1.18 [EC50],1.18,,=,,numeric_no_unit,numeric_value_present_but_unit_missing,ACE inhibitor,Inhibitor of Angiotensin-Converting Enzyme (ACE) (EC 3.4.15.1) (MEROPS ID: M02-001),ah,ACE inhibitor,,EC50,6,656.8106,656.3885,"Quirós A., Contreras M. M., Ramos M., Amigo L., Recio I.","Stability to gastrointestinal enzymes and structure-activity relationship of β-casein-peptides with antihypertensive properties. Peptides. 2009, 30:1848-1853.",2009,Journal,"Authors Quirós A., Contreras M. M., Ramos M., Amigo L., Recio I. Title Stability to gastrointestinal enzymes and structure-activity relationship of β-casein-peptides with antihypertensive properties. Peptides. 2009, 30:1848-1853. Year Source 2009 Journal","AHTPDB: ID 2534, 4335, 5817 SATPdb: ID satpdb16462",BIOPEP-UWM database of bioactive peptides,,,,https://biochemia.uwm.edu.pl/biopep/peptidedatacard.php?zm_ID=9251,235,https://biochemia.uwm.edu.pl/biopep/peptide_data.php?pageNum_result1=234,3,E:\MYS\PepDB\DB\raw\ace\databases\BIOPEP_UWM\experimental\raw_txt\detail_cards\detail_report_9251.txt,E:\MYS\PepDB\DB\raw\ace\databases\BIOPEP_UWM\experimental\raw_html\detail_pages\detail_report_9251.html,list.sequence,consistent,list+detail,ic50_needs_manual_review,0,unresolved_ic50; ec50_record
biopep_ace_000516,ace,FHL,3,database,BIOPEP-UWM,9475,experimental,ACE,ACE inhibitor | Inhibitor of Angiotensin-Converting Enzyme (ACE) (EC 3.4.15.1) (MEROPS ID: M02-001),0.05 [EC50],0.05,,=,,numeric_no_unit,numeric_value_present_but_unit_missing,ACE inhibitor,Inhibitor of Angiotensin-Converting Enzyme (ACE) (EC 3.4.15.1) (MEROPS ID: M02-001),ah,ACE inhibitor,,EC50,3,399.4855,399.2264,"Savitha M. N., Siddesha J. M., Suvilesh K. N., Yariswamy M., Vivek H. K., D’Souza C. J. M., Umashankar M., Vishwanath B. S.","Active-site directed peptide L-Phe-D-His-L-Leu inhibits angiotensin converting enzyme activity and dexamethasone-induced hypertension in rats. Peptides, 112, 34–42, 2019",2019,Journal,"Authors Savitha M. N., Siddesha J. M., Suvilesh K. N., Yariswamy M., Vivek H. K., D’Souza C. J. M., Umashankar M., Vishwanath B. S. Title Active-site directed peptide L-Phe-D-His-L-Leu inhibits angiotensin converting enzyme activity and dexamethasone-induced hypertension in rats. Peptides, 112, 34–42, 2019 Year Source 2019 Journal",,BIOPEP-UWM database of bioactive peptides,,,,https://biochemia.uwm.edu.pl/biopep/peptidedatacard.php?zm_ID=9475,250,https://biochemia.uwm.edu.pl/biopep/peptide_data.php?pageNum_result1=249,2,E:\MYS\PepDB\DB\raw\ace\databases\BIOPEP_UWM\experimental\raw_txt\detail_cards\detail_report_9475.txt,E:\MYS\PepDB\DB\raw\ace\databases\BIOPEP_UWM\experimental\raw_html\detail_pages\detail_report_9475.html,list.sequence,consistent,list+detail,ic50_needs_manual_review,0,unresolved_ic50; ec50_record
biopep_ace_000669,ace,LIIPEH,6,database,BIOPEP-UWM,10161,experimental,ACE,ACE inhibitor | Inhibitor of Angiotensin-Converting Enzyme (ACE) (EC 3.4.15.1) (MEROPS ID: M02-001),0.00 [EC50],0.0,,=,,numeric_no_unit,numeric_value_present_but_unit_missing,ACE inhibitor,Inhibitor of Angiotensin-Converting Enzyme (ACE) (EC 3.4.15.1) (MEROPS ID: M02-001),ah,ACE inhibitor,,EC50,6,720.8544,720.4157,"He Z., Liu G., Qiao Z., Cao Y., Song M.","Novel angiotensin-I converting enzyme inhibitory peptides isolated from rice wine lees: purification, characterization, and structure-activity relationship. Front. Nutr., 8, 746113, 2021",2021,Journal,"Authors He Z., Liu G., Qiao Z., Cao Y., Song M. Title Novel angiotensin-I converting enzyme inhibitory peptides isolated from rice wine lees: purification, characterization, and structure-activity relationship. Front. Nutr., 8, 746113, 2021 Year Source 2021 Journal",,BIOPEP-UWM database of bioactive peptides,,,,https://biochemia.uwm.edu.pl/biopep/peptidedatacard.php?zm_ID=10161,295,https://biochemia.uwm.edu.pl/biopep/peptide_data.php?pageNum_result1=294,13,E:\MYS\PepDB\DB\raw\ace\databases\BIOPEP_UWM\experimental\raw_txt\detail_cards\detail_report_10161.txt,E:\MYS\PepDB\DB\raw\ace\databases\BIOPEP_UWM\experimental\raw_html\detail_pages\detail_report_10161.html,list.sequence,consistent,list+detail,ic50_needs_manual_review,0,unresolved_ic50; ec50_record
biopep_ace_000727,ace,PYPQR,5,database,BIOPEP-UWM,10645,experimental,ACE,ACE inhibitor | Inhibitor of Angiotensin-Converting Enzyme (ACE) (EC 3.4.15.1) (MEROPS ID: M02-001),0.00 [EC50],0.0,,=,,numeric_no_unit,numeric_value_present_but_unit_missing,ACE inhibitor,Inhibitor of Angiotensin-Converting Enzyme (ACE) (EC 3.4.15.1) (MEROPS ID: M02-001),ah,ACE inhibitor,,EC50,5,659.7320,659.3381,"Wu N., Wuhanqimuge, Shuang Q.","Screening, characterization, and mechanistic evaluation of Angiotensin converting enzyme inhibitory peptides derived from milk fermented with Lactobacillus delbrueckii QS306 with and without ultrahigh-pressure treatment. J. Agric. Food Chem., 45, 17420–17431, 2023",2023,Journal,"Authors Wu N., Wuhanqimuge, Shuang Q. Title Screening, characterization, and mechanistic evaluation of Angiotensin converting enzyme inhibitory peptides derived from milk fermented with Lactobacillus delbrueckii QS306 with and without ultrahigh-pressure treatment. J. Agric. Food Chem., 45, 17420–17431, 2023 Year Source 2023 Journal",,BIOPEP-UWM database of bioactive peptides,,,,https://biochemia.uwm.edu.pl/biopep/peptidedatacard.php?zm_ID=10645,328,https://biochemia.uwm.edu.pl/biopep/peptide_data.php?pageNum_result1=327,2,E:\MYS\PepDB\DB\raw\ace\databases\BIOPEP_UWM\experimental\raw_txt\detail_cards\detail_report_10645.txt,E:\MYS\PepDB\DB\raw\ace\databases\BIOPEP_UWM\experimental\raw_html\detail_pages\detail_report_10645.html,list.sequence,consistent,list+detail,ic50_needs_manual_review,0,unresolved_ic50; ec50_record
biopep_ace_000728,ace,VAPFP,5,database,BIOPEP-UWM,10646,experimental,ACE,ACE inhibitor | Inhibitor of Angiotensin-Converting Enzyme (ACE) (EC 3.4.15.1) (MEROPS ID: M02-001),0.00 [EC50],0.0,,=,,numeric_no_unit,numeric_value_present_but_unit_missing,ACE inhibitor,Inhibitor of Angiotensin-Converting Enzyme (ACE) (EC 3.4.15.1) (MEROPS ID: M02-001),ah,ACE inhibitor,,EC50,5,529.6269,529.2891,"Wu N., Wuhanqimuge, Shuang Q.","Screening, characterization, and mechanistic evaluation of Angiotensin converting enzyme inhibitory peptides derived from milk fermented with Lactobacillus delbrueckii QS306 with and without ultrahigh-pressure treatment. J. Agric. Food Chem., 45, 17420–17431, 2023",2023,Journal,"Authors Wu N., Wuhanqimuge, Shuang Q. Title Screening, characterization, and mechanistic evaluation of Angiotensin converting enzyme inhibitory peptides derived from milk fermented with Lactobacillus delbrueckii QS306 with and without ultrahigh-pressure treatment. J. Agric. Food Chem., 45, 17420–17431, 2023 Year Source 2023 Journal",,BIOPEP-UWM database of bioactive peptides,,,,https://biochemia.uwm.edu.pl/biopep/peptidedatacard.php?zm_ID=10646,328,https://biochemia.uwm.edu.pl/biopep/peptide_data.php?pageNum_result1=327,3,E:\MYS\PepDB\DB\raw\ace\databases\BIOPEP_UWM\experimental\raw_txt\detail_cards\detail_report_10646.txt,E:\MYS\PepDB\DB\raw\ace\databases\BIOPEP_UWM\experimental\raw_html\detail_pages\detail_report_10646.html,list.sequence,consistent,list+detail,ic50_needs_manual_review,0,unresolved_ic50; ec50_record
biopep_ace_000762,ace,APFL,4,database,BIOPEP-UWM,10892,experimental,ACE,ACE inhibitor | Inhibitor of Angiotensin-Converting Enzyme (ACE) (EC 3.4.15.1) (MEROPS ID: M02-001),0.00 [EC50],0.0,,=,,numeric_no_unit,numeric_value_present_but_unit_missing,ACE inhibitor,Inhibitor of Angiotensin-Converting Enzyme (ACE) (EC 3.4.15.1) (MEROPS ID: M02-001),ah,ACE inhibitor,,EC50,4,446.5385,446.2521,"Deng Z., Li M., Zhang Z., Chen C., Qu X., Wang Z., Zhang D., Zhang C., Wu B., Sang X.","Identification and in silico characterization of the novel inhibitory peptides of angiotensin converting enzyme from donkey meat. Int. J. Pept. Res. Therapeut., 31, 16, 2025",2025,Journal,"Authors Deng Z., Li M., Zhang Z., Chen C., Qu X., Wang Z., Zhang D., Zhang C., Wu B., Sang X. Title Identification and in silico characterization of the novel inhibitory peptides of angiotensin converting enzyme from donkey meat. Int. J. Pept. Res. Therapeut., 31, 16, 2025 Year Source 2025 Journal",,BIOPEP-UWM database of bioactive peptides,,,,https://biochemia.uwm.edu.pl/biopep/peptidedatacard.php?zm_ID=10892,344,https://biochemia.uwm.edu.pl/biopep/peptide_data.php?pageNum_result1=343,9,E:\MYS\PepDB\DB\raw\ace\databases\BIOPEP_UWM\experimental\raw_txt\detail_cards\detail_report_10892.txt,E:\MYS\PepDB\DB\raw\ace\databases\BIOPEP_UWM\experimental\raw_html\detail_pages\detail_report_10892.html,list.sequence,consistent,list+detail,ic50_needs_manual_review,0,unresolved_ic50; ec50_record
biopep_ace_000763,ace,GPR,3,database,BIOPEP-UWM,10903,experimental,ACE,ACE inhibitor | Inhibitor of Angiotensin-Converting Enzyme (ACE) (EC 3.4.15.1) (MEROPS ID: M02-001),0.00 [EC50],0.0,,=,,numeric_no_unit,numeric_value_present_but_unit_missing,ACE inhibitor,Inhibitor of Angiotensin-Converting Enzyme (ACE) (EC 3.4.15.1) (MEROPS ID: M02-001),ah,ACE inhibitor,,EC50,3,328.3665,328.1854,"Escudero E., Sentandreu M. A., Arihara K., Toldrá F.","Angiotensin I-converting enzyme inhibitory peptides generated from in vitro gastrointestinal digestion of pork meat. J. Agric. Food Chem., 58, 2895-2901, 2010",2010,Journal,"Authors Escudero E., Sentandreu M. A., Arihara K., Toldrá F. Title Angiotensin I-converting enzyme inhibitory peptides generated from in vitro gastrointestinal digestion of pork meat. J. Agric. Food Chem., 58, 2895-2901, 2010 Year Source 2010 Journal","ACToR: ID 47295-77-2 AHTPDB: ID 2713, 6120 BioPepDB: ID biopep00397 BIOPEP-UWM database of bioactive peptides: ID 3047 BIOPEP-UWM database of sensory peptides and amino acids: ID 341 BRENDA: Ligand Gly-Pro-Arg CAS: Registry No 47295-77-2 ChEBI: ID 163949 ChEMBL: ID CHEMBL3752079 ChemIDplus: ID 47295-77-2 ChemSpider: ID 149304 DFBP: ID DFBPACEI1250; DFBPANTH0014, DFBPANTH0064, DFBPANTH0075, DFBPANTH0076, DFBPANTH0079; DFBPMUFU0276 EPA CompTox: ID DTXSID00197085 EROP-Moscow: ID E09224 J-GLOBAL: ID 200907014849104358 Metabolomics Workbench: ID 82137 MMDB: ID 21849.7 Nikkaji: ID J378.769I PubChem: CID 170776 SATPdb: ID satpdb26650 SureChEMBL: ID SCHEMBL7853147 Wikidata: ID Q83070056 ZINC: ID ZINC02572698",BIOPEP-UWM database of bioactive peptides,,,,https://biochemia.uwm.edu.pl/biopep/peptidedatacard.php?zm_ID=10903,345,https://biochemia.uwm.edu.pl/biopep/peptide_data.php?pageNum_result1=344,5,E:\MYS\PepDB\DB\raw\ace\databases\BIOPEP_UWM\experimental\raw_txt\detail_cards\detail_report_10903.txt,E:\MYS\PepDB\DB\raw\ace\databases\BIOPEP_UWM\experimental\raw_html\detail_pages\detail_report_10903.html,list.sequence,consistent,list+detail,ic50_needs_manual_review,0,unresolved_ic50; ec50_record
biopep_ace_000779,ace,YQ,2,database,BIOPEP-UWM,10998,experimental,ACE,ACE inhibitor | Inhibitor of Angiotensin-Converting Enzyme (ACE) (EC 3.4.15.1) (MEROPS ID: M02-001),0.00 [EC50],0.0,,=,,numeric_no_unit,numeric_value_present_but_unit_missing,ACE inhibitor,Inhibitor of Angiotensin-Converting Enzyme (ACE) (EC 3.4.15.1) (MEROPS ID: M02-001),ah,ACE inhibitor,,EC50,2,309.3170,309.1320,"Liu W.-Y., Zhang J.-T., Miyakawa T., Li G.-M., Gu R.-Z. Tanokura M.","Antioxidant properties and inhibition of angiotensin‑converting enzyme by highly active peptides from wheat gluten. Sci. Rep., 11, 5206, 2021",2021,Journal,"Authors Liu W.-Y., Zhang J.-T., Miyakawa T., Li G.-M., Gu R.-Z. Tanokura M. Title Antioxidant properties and inhibition of angiotensin‑converting enzyme by highly active peptides from wheat gluten. Sci. Rep., 11, 5206, 2021 Year Source 2021 Journal",AHTPDB: ID 2689 BIOPEP-UWM database of bioactive peptides: ID 8943 BRENDA: Ligand L-Tyr-L-Gln CAS: Registry No 28252-40-6 ChEBI: ID 74881 EPA CompTox: ID DTXSID50427228 EROP-Moscow: ID E04099 FooDB: ID FDB112107 HMDB: ID HMDB0029103 J-GLOBAL: ID 200907008625433500 Metobolights: ID MTBLC74881 Metabolomics Workbench: ID 79021 Nikkaji: ID J2.087.188A PMhub: ID MS000244151 PlantPepDB: ID PPepDB_2961 PubChem: CID 7020179 SATPdb: ID satpdb26265 SureChEMBL: ID SCHEMBL2488237 UniChem: ID 25163838 Wikidata: ID Q27144991 ZINC: ID ZINC000002561124,BIOPEP-UWM database of bioactive peptides,,,,https://biochemia.uwm.edu.pl/biopep/peptidedatacard.php?zm_ID=10998,351,https://biochemia.uwm.edu.pl/biopep/peptide_data.php?pageNum_result1=350,10,E:\MYS\PepDB\DB\raw\ace\databases\BIOPEP_UWM\experimental\raw_txt\detail_cards\detail_report_10998.txt,E:\MYS\PepDB\DB\raw\ace\databases\BIOPEP_UWM\experimental\raw_html\detail_pages\detail_report_10998.html,list.sequence,consistent,list+detail,ic50_needs_manual_review,0,unresolved_ic50; ec50_record
biopep_ace_000798,ace,FPGGPP,6,database,BIOPEP-UWM,11119,experimental,ACE,ACE inhibitor | Inhibitor of Angiotensin-Converting Enzyme (ACE) (EC 3.4.15.1) (MEROPS ID: M02-001),0.00 [EC50],0.0,,=,,numeric_no_unit,numeric_value_present_but_unit_missing,ACE inhibitor,Inhibitor of Angiotensin-Converting Enzyme (ACE) (EC 3.4.15.1) (MEROPS ID: M02-001),ah,ACE inhibitor,,EC50,6,570.6358,570.2793,"Liang Q., Zhou W., Peng S., Liang Z., Liu Z., Wang L., Mukhtar H., Mou H.","Exploration of ACE inhibitory peptides from sea cucumber viscera with DPP-IV inhibitory activity: Virtual screening, characterization, and potential mechanism investigation. Int. J. Biol. Macromol., 311, 143843, 2025",2025,Journal,"Authors Liang Q., Zhou W., Peng S., Liang Z., Liu Z., Wang L., Mukhtar H., Mou H. Title Exploration of ACE inhibitory peptides from sea cucumber viscera with DPP-IV inhibitory activity: Virtual screening, characterization, and potential mechanism investigation. Int. J. Biol. Macromol., 311, 143843, 2025 Year Source 2025 Journal",,BIOPEP-UWM database of bioactive peptides,,,,https://biochemia.uwm.edu.pl/biopep/peptidedatacard.php?zm_ID=11119,359,https://biochemia.uwm.edu.pl/biopep/peptide_data.php?pageNum_result1=358,11,E:\MYS\PepDB\DB\raw\ace\databases\BIOPEP_UWM\experimental\raw_txt\detail_cards\detail_report_11119.txt,E:\MYS\PepDB\DB\raw\ace\databases\BIOPEP_UWM\experimental\raw_html\detail_pages\detail_report_11119.html,list.sequence,consistent,list+detail,ic50_needs_manual_review,0,unresolved_ic50; ec50_record
