file_id,source_id,task,relative_path,file_type,content_role,created_or_downloaded_at,generated_by,version_tag,notes
ace_db_ahtpdb_file_001,ace_db_ahtpdb_001,ace,DB/raw/ace/databases/AHTPDB/README.md,md,source_readme,2026-03-24 13:59:20,script:init_ahtpdb_raw_archive.py,v1,AHTPDB 原始归档目录说明
ace_db_ahtpdb_file_002,ace_db_ahtpdb_001,ace,DB/raw/ace/databases/AHTPDB/source_note.txt,txt,retrieval_note,2026-03-24 13:59:20,script:init_ahtpdb_raw_archive.py,v1,AHTPDB 来源说明、URL 与获取口径说明
ace_db_ahtpdb_file_003,ace_db_ahtpdb_001,ace,DB/raw/ace/databases/AHTPDB/page_exports/ahtpdb_home.html,html,page_export_home,2026-03-24 13:59:20,script:urllib_request,v1,AHTPDB 官方页面导出，来源 URL: https://webs.iiitd.edu.in/raghava/ahtpdb/cp_index.php
ace_db_ahtpdb_file_004,ace_db_ahtpdb_001,ace,DB/raw/ace/databases/AHTPDB/page_exports/ahtpdb_information.html,html,page_export_information,2026-03-24 13:59:20,script:urllib_request,v1,AHTPDB 官方页面导出，来源 URL: https://webs.iiitd.edu.in/raghava/ahtpdb/info2.php
ace_db_ahtpdb_file_005,ace_db_ahtpdb_001,ace,DB/raw/ace/databases/AHTPDB/page_exports/ahtpdb_download.html,html,page_export_download,2026-03-24 13:59:20,script:urllib_request,v1,AHTPDB 官方页面导出，来源 URL: https://webs.iiitd.edu.in/raghava/ahtpdb/download.php
ace_db_ahtpdb_file_006,ace_db_ahtpdb_001,ace,DB/raw/ace/databases/AHTPDB/page_exports/ahtpdb_guide.html,html,page_export_guide,2026-03-24 13:59:20,script:urllib_request,v1,AHTPDB 官方页面导出，来源 URL: https://webs.iiitd.edu.in/raghava/ahtpdb/main_help.php
ace_db_ahtpdb_file_007,ace_db_ahtpdb_001,ace,DB/raw/ace/databases/AHTPDB/page_exports/ahtpdb_publications.html,html,page_export_publications,2026-03-24 13:59:20,script:urllib_request,v1,AHTPDB 官方页面导出，来源 URL: https://webs.iiitd.edu.in/raghava/ahtpdb/pub1.php
ace_db_ahtpdb_file_008,ace_db_ahtpdb_001,ace,DB/raw/ace/databases/AHTPDB/raw_tables/ahtpdb_long_peptides_6_plus_residues.txt,txt,raw_table,2026-03-24 13:59:20,script:urllib_request,v1,AHTPDB 官方下载文本，来源 URL: https://webs.iiitd.edu.in/raghava/ahtpdb/downloads/long.txt
ace_db_ahtpdb_file_009,ace_db_ahtpdb_001,ace,DB/raw/ace/databases/AHTPDB/raw_tables/ahtpdb_peptides_with_ic50.txt,txt,raw_table,2026-03-24 13:59:20,script:urllib_request,v1,AHTPDB 官方下载文本，来源 URL: https://webs.iiitd.edu.in/raghava/ahtpdb/downloads/pepic50.txt
ace_db_ahtpdb_file_010,ace_db_ahtpdb_001,ace,DB/raw/ace/databases/AHTPDB/retrieval_logs/ahtpdb_retrieval_log_20260324_135920.json,json,retrieval_log,2026-03-24 13:59:20,script:init_ahtpdb_raw_archive.py,v1,AHTPDB 试点归档运行日志
ace_db_ahtpdb_file_011,ace_db_ahtpdb_001,ace,DB/raw/ace/databases/AHTPDB/raw_tables/ahtpdb_small_peptides_2_5_residues.txt,txt,raw_table,2026-03-24 14:23:07,script:urllib_request_retry,v1,AHTPDB 官方下载文本（dataset_key=small），来源 URL: https://webs.iiitd.edu.in/raghava/ahtpdb/downloads/small.txt
ace_db_ahtpdb_file_012,ace_db_ahtpdb_001,ace,DB/raw/ace/databases/AHTPDB/retrieval_logs/ahtpdb_retrieval_log_20260324_142307.json,json,retrieval_log,2026-03-24 14:23:07,script:init_ahtpdb_raw_archive.py,v1,AHTPDB 试点归档运行日志（重试增强版）
