原始记录ID,序列,来源原表,原始IC50文本,原始IC50类型,原始IC50单位,原始IC50数值,分子量,转换后IC50_uM,转换公式,转换说明,sequence_valid,len_match,原始ic50_uM字段,转换后是否可作为精确值
1294,GEGGP,small,0.044 mg/ml,mass_unit,mg/mL,0.044,414,106.280193237,uM = (mg/mL * 1000000) / molwt_value,mass_unit_mg_per_mL_converted_to_uM,1,1,,是
1295,GEP,small,0.04 mg/ml,mass_unit,mg/mL,0.04,301.1,132.846230488,uM = (mg/mL * 1000000) / molwt_value,mass_unit_mg_per_mL_converted_to_uM,1,1,,是
1819,GPP,small,6.25 μg/ml,mass_unit,ug/mL,6.25,269.3,23.2083178611,uM = (ug/mL * 1000) / molwt_value,mass_unit_ug_per_mL_converted_to_uM,1,1,,是
1820,YPK,small,10.5 μg/ml,mass_unit,ug/mL,10.5,406.48,25.8315292265,uM = (ug/mL * 1000) / molwt_value,mass_unit_ug_per_mL_converted_to_uM,1,1,,是
1828,MDFLI,small,0.11 mg/ml,mass_unit,mg/mL,0.11,637.79,172.470562411,uM = (mg/mL * 1000000) / molwt_value,mass_unit_mg_per_mL_converted_to_uM,1,1,,是
1887,AW,small,10 μg/ml,mass_unit,ug/mL,10,275.31,36.3226907849,uM = (ug/mL * 1000) / molwt_value,mass_unit_ug_per_mL_converted_to_uM,1,1,,是
1888,GW,small,30 μg/ml,mass_unit,ug/mL,30,261.28,114.819350888,uM = (ug/mL * 1000) / molwt_value,mass_unit_ug_per_mL_converted_to_uM,1,1,,是
1889,AY,small,48 μg/ml,mass_unit,ug/mL,48,252.27,190.272327268,uM = (ug/mL * 1000) / molwt_value,mass_unit_ug_per_mL_converted_to_uM,1,1,,是
1890,SY,small,67 μg/ml,mass_unit,ug/mL,67,268.27,249.748387818,uM = (ug/mL * 1000) / molwt_value,mass_unit_ug_per_mL_converted_to_uM,1,1,,是
1891,GY,small,30 μg/ml,mass_unit,ug/mL,30,238.24,125.923438549,uM = (ug/mL * 1000) / molwt_value,mass_unit_ug_per_mL_converted_to_uM,1,1,,是
1892,AF,small,190 μg/ml,mass_unit,ug/mL,190,236.27,804.164726796,uM = (ug/mL * 1000) / molwt_value,mass_unit_ug_per_mL_converted_to_uM,1,1,,是
1893,VP,small,480 μg/ml,mass_unit,ug/mL,480,214.26,2240.26883226,uM = (ug/mL * 1000) / molwt_value,mass_unit_ug_per_mL_converted_to_uM,1,1,,是
1894,AI,small,690 μg/ml,mass_unit,ug/mL,690,202.25,3411.61928307,uM = (ug/mL * 1000) / molwt_value,mass_unit_ug_per_mL_converted_to_uM,1,1,,是
1895,VG,small,1100 μg/ml,mass_unit,ug/mL,1100,174.2,6314.58094145,uM = (ug/mL * 1000) / molwt_value,mass_unit_ug_per_mL_converted_to_uM,1,1,,是
1901,HHL,small,2.2 μg/ml,mass_unit,ug/mL,2.2,405.46,5.42593597396,uM = (ug/mL * 1000) / molwt_value,mass_unit_ug_per_mL_converted_to_uM,1,1,,是
2594,YYRA,small,33.9 μg/ml,mass_unit,ug/mL,33.9,571.63,59.3040953064,uM = (ug/mL * 1000) / molwt_value,mass_unit_ug_per_mL_converted_to_uM,1,1,,是
2698,PPEIN,small,0.29 mg/ml,mass_unit,mg/mL,0.29,568.63,509.997713803,uM = (mg/mL * 1000000) / molwt_value,mass_unit_mg_per_mL_converted_to_uM,1,1,,是
2699,PLPLL,small,0.25 mg/ml,mass_unit,mg/mL,0.25,551.73,453.120185598,uM = (mg/mL * 1000000) / molwt_value,mass_unit_mg_per_mL_converted_to_uM,1,1,,是
2783,HHL,small,2.2 μg/ml,mass_unit,ug/mL,2.2,405.46,5.42593597396,uM = (ug/mL * 1000) / molwt_value,mass_unit_ug_per_mL_converted_to_uM,1,1,,是
2799,FSY,small,0.075 mg/ml,mass_unit,mg/mL,0.075,415.45,180.527139247,uM = (mg/mL * 1000000) / molwt_value,mass_unit_mg_per_mL_converted_to_uM,1,1,,是
2800,FTY,small,0.035 mg/ml,mass_unit,mg/mL,0.035,429.47,81.4957971453,uM = (mg/mL * 1000000) / molwt_value,mass_unit_mg_per_mL_converted_to_uM,1,1,,是
2804,AHLL,small,0.60 mg/ml,mass_unit,mg/mL,0.6,452.55,1325.82035134,uM = (mg/mL * 1000000) / molwt_value,mass_unit_mg_per_mL_converted_to_uM,1,1,,是
2812,VEGY,small,1.47 mg/ml,mass_unit,mg/mL,1.47,466.49,3151.19295162,uM = (mg/mL * 1000000) / molwt_value,mass_unit_mg_per_mL_converted_to_uM,1,1,,是
2815,MLLCS,small,1.17 mg/ml,mass_unit,mg/mL,1.17,565.74,2068.08781419,uM = (mg/mL * 1000000) / molwt_value,mass_unit_mg_per_mL_converted_to_uM,1,1,,是
2816,VKP,small,0.036 mg/ml,mass_unit,mg/mL,0.036,342.44,105.127905619,uM = (mg/mL * 1000000) / molwt_value,mass_unit_mg_per_mL_converted_to_uM,1,1,,是
2817,VKK,small,0.036 mg/ml,mass_unit,mg/mL,0.036,373.5,96.3855421687,uM = (mg/mL * 1000000) / molwt_value,mass_unit_mg_per_mL_converted_to_uM,1,1,,是
2818,CF,small,0.4 mg/ml,mass_unit,mg/mL,0.4,268.33,1490.70174785,uM = (mg/mL * 1000000) / molwt_value,mass_unit_mg_per_mL_converted_to_uM,1,1,,是
2819,EY,small,0.4 mg/ml,mass_unit,mg/mL,0.4,310.31,1289.0335471,uM = (mg/mL * 1000000) / molwt_value,mass_unit_mg_per_mL_converted_to_uM,1,1,,是
2820,MF,small,0.4 mg/ml,mass_unit,mg/mL,0.4,296.38,1349.61873271,uM = (mg/mL * 1000000) / molwt_value,mass_unit_mg_per_mL_converted_to_uM,1,1,,是
2821,FE,small,0.4 mg/ml,mass_unit,mg/mL,0.4,294.31,1359.11114131,uM = (mg/mL * 1000000) / molwt_value,mass_unit_mg_per_mL_converted_to_uM,1,1,,是
2823,VAP,small,0.00534 mg/ml,mass_unit,mg/mL,0.00534,285.34,18.714516016,uM = (mg/mL * 1000000) / molwt_value,mass_unit_mg_per_mL_converted_to_uM,1,1,,是
2825,LHP,small,1.17 mg/ml,mass_unit,mg/mL,1.17,365.43,3201.70757737,uM = (mg/mL * 1000000) / molwt_value,mass_unit_mg_per_mL_converted_to_uM,1,1,,是
2827,MAW,small,1.19 mg/ml,mass_unit,mg/mL,1.19,406.5,2927.42927429,uM = (mg/mL * 1000000) / molwt_value,mass_unit_mg_per_mL_converted_to_uM,1,1,,是
2828,VYAP,small,1.19 mg/ml,mass_unit,mg/mL,1.19,448.52,2653.17042718,uM = (mg/mL * 1000000) / molwt_value,mass_unit_mg_per_mL_converted_to_uM,1,1,,是
2829,VIIF,small,1.19 mg/ml,mass_unit,mg/mL,1.19,490.64,2425.40355454,uM = (mg/mL * 1000000) / molwt_value,mass_unit_mg_per_mL_converted_to_uM,1,1,,是
2830,AHLL,small,0.60 mg/ml,mass_unit,mg/mL,0.6,452.55,1325.82035134,uM = (mg/mL * 1000000) / molwt_value,mass_unit_mg_per_mL_converted_to_uM,1,1,,是
2899,RADHP,small,20.48 μg/ml,mass_unit,ug/mL,20.48,594.63,34.4415855238,uM = (ug/mL * 1000) / molwt_value,mass_unit_ug_per_mL_converted_to_uM,1,1,,是
2900,YPI,small,20.48 μg/ml,mass_unit,ug/mL,20.48,391.47,52.3156308274,uM = (ug/mL * 1000) / molwt_value,mass_unit_ug_per_mL_converted_to_uM,1,1,,是
2913,AHLL,small,18.2 μg/ml,mass_unit,ug/mL,18.2,452.55,40.2165506574,uM = (ug/mL * 1000) / molwt_value,mass_unit_ug_per_mL_converted_to_uM,1,1,,是
2916,VAP,small,0.872 mg/ml,mass_unit,mg/mL,0.872,285.34,3056.00336441,uM = (mg/mL * 1000000) / molwt_value,mass_unit_mg_per_mL_converted_to_uM,1,1,,是
2925,LHP,small,1.17 mg/ml,mass_unit,mg/mL,1.17,365.43,3201.70757737,uM = (mg/mL * 1000000) / molwt_value,mass_unit_mg_per_mL_converted_to_uM,1,1,,是
2934,GY,small,0.57 mg/ml,mass_unit,mg/mL,0.57,238.24,2392.54533244,uM = (mg/mL * 1000000) / molwt_value,mass_unit_mg_per_mL_converted_to_uM,1,1,,是
2935,VY,small,0.57 mg/ml,mass_unit,mg/mL,0.57,280.32,2033.39041096,uM = (mg/mL * 1000000) / molwt_value,mass_unit_mg_per_mL_converted_to_uM,1,1,,是
2936,GF,small,0.57 mg/ml,mass_unit,mg/mL,0.57,222.24,2564.79481641,uM = (mg/mL * 1000000) / molwt_value,mass_unit_mg_per_mL_converted_to_uM,1,1,,是
2937,VIY,small,0.57 mg/ml,mass_unit,mg/mL,0.57,393.48,1448.61238182,uM = (mg/mL * 1000000) / molwt_value,mass_unit_mg_per_mL_converted_to_uM,1,1,,是
2965,VAP,small,0.00534 mg/ml,mass_unit,mg/mL,0.00534,285.34,18.714516016,uM = (mg/mL * 1000000) / molwt_value,mass_unit_mg_per_mL_converted_to_uM,1,1,,是
3640,SKVYP,small,1.5 mg/ml,mass_unit,mg/mL,1.5,592.69,2530.83399416,uM = (mg/mL * 1000000) / molwt_value,mass_unit_mg_per_mL_converted_to_uM,1,1,,是
3682,GPAM,small,1.3 μg/ml,mass_unit,ug/mL,1.3,374.46,3.47166586551,uM = (ug/mL * 1000) / molwt_value,mass_unit_ug_per_mL_converted_to_uM,1,1,,是
3683,AHLL,small,0.231 μg/ml,mass_unit,ug/mL,0.231,452.55,0.510440835267,uM = (ug/mL * 1000) / molwt_value,mass_unit_ug_per_mL_converted_to_uM,1,1,,是
3684,GPPP,small,1.36 mg/ml,mass_unit,mg/mL,1.36,366.42,3711.58779543,uM = (mg/mL * 1000000) / molwt_value,mass_unit_mg_per_mL_converted_to_uM,1,1,,是
3685,IEKP,small,2.1 μg/ml,mass_unit,ug/mL,2.1,485.58,4.32472507105,uM = (ug/mL * 1000) / molwt_value,mass_unit_ug_per_mL_converted_to_uM,1,1,,是
3688,LHP,small,0.77 mg/ml,mass_unit,mg/mL,0.77,365.43,2107.10669622,uM = (mg/mL * 1000000) / molwt_value,mass_unit_mg_per_mL_converted_to_uM,1,1,,是
3689,VIY,small,0.096 mg/ml,mass_unit,mg/mL,0.096,393.48,243.976822202,uM = (mg/mL * 1000000) / molwt_value,mass_unit_mg_per_mL_converted_to_uM,1,1,,是
3690,MLLCS,small,0.39 mg/ml,mass_unit,mg/mL,0.39,566.4,688.559322034,uM = (mg/mL * 1000000) / molwt_value,mass_unit_mg_per_mL_converted_to_uM,1,1,,是
3706,AP,small,0.06 mg/ml,mass_unit,mg/mL,0.06,186.18,322.268772156,uM = (mg/mL * 1000000) / molwt_value,mass_unit_mg_per_mL_converted_to_uM,1,1,,是
3707,VR,small,0.332 mg/ml,mass_unit,mg/mL,0.332,273.3,1214.78229052,uM = (mg/mL * 1000000) / molwt_value,mass_unit_mg_per_mL_converted_to_uM,1,1,,是
3708,VEGY,small,0.06 mg/ml,mass_unit,mg/mL,0.06,467.2,128.424657534,uM = (mg/mL * 1000000) / molwt_value,mass_unit_mg_per_mL_converted_to_uM,1,1,,是
3710,YAP,small,0.006 mg/ml,mass_unit,mg/mL,0.006,407.2,14.7347740668,uM = (mg/mL * 1000000) / molwt_value,mass_unit_mg_per_mL_converted_to_uM,1,1,,是
3711,VIIF,small,0.0027 mg/ml,mass_unit,mg/mL,0.0027,448.2,6.02409638554,uM = (mg/mL * 1000000) / molwt_value,mass_unit_mg_per_mL_converted_to_uM,1,1,,是
3712,MAW,small,0.0042 mg/ml,mass_unit,mg/mL,0.0042,491.2,8.55048859935,uM = (mg/mL * 1000000) / molwt_value,mass_unit_mg_per_mL_converted_to_uM,1,1,,是
3715,FTY,small,0.0009 mg/ml,mass_unit,mg/mL,0.0009,429.47,2.09560621231,uM = (mg/mL * 1000000) / molwt_value,mass_unit_mg_per_mL_converted_to_uM,1,1,,是
3716,FSY,small,0.0255 mg/ml,mass_unit,mg/mL,0.0255,415.45,61.3792273438,uM = (mg/mL * 1000000) / molwt_value,mass_unit_mg_per_mL_converted_to_uM,1,1,,是
3719,VAP,small,0.0553 mg/ml,mass_unit,mg/mL,0.0553,285.34,193.803883087,uM = (mg/mL * 1000000) / molwt_value,mass_unit_mg_per_mL_converted_to_uM,1,1,,是
3721,MLLCS,small,0.056 mg/ml,mass_unit,mg/mL,0.056,566.4,98.8700564972,uM = (mg/mL * 1000000) / molwt_value,mass_unit_mg_per_mL_converted_to_uM,1,1,,是
4251,GY,small,0.34 mg/ml,mass_unit,mg/mL,0.34,238.2,1427.37195634,uM = (mg/mL * 1000000) / molwt_value,mass_unit_mg_per_mL_converted_to_uM,1,1,,是
4279,RPK,small,36.68 μg/ml,mass_unit,ug/mL,36.68,399.49,91.8170667601,uM = (ug/mL * 1000) / molwt_value,mass_unit_ug_per_mL_converted_to_uM,1,1,,是
4286,SLPQ,small,330 μg/ml,mass_unit,ug/mL,330,443.5,744.081172492,uM = (ug/mL * 1000) / molwt_value,mass_unit_ug_per_mL_converted_to_uM,1,1,,是
4287,SQPK,small,354 μg/ml,mass_unit,ug/mL,354,458.51,772.066039999,uM = (ug/mL * 1000) / molwt_value,mass_unit_ug_per_mL_converted_to_uM,1,1,,是
4301,LLF,small,79.8 μg/ml,mass_unit,ug/mL,79.8,391.51,203.826211336,uM = (ug/mL * 1000) / molwt_value,mass_unit_ug_per_mL_converted_to_uM,1,1,,是
4302,LVRY,small,2470 μg/ml,mass_unit,ug/mL,2470,549.67,4493.60525406,uM = (ug/mL * 1000) / molwt_value,mass_unit_ug_per_mL_converted_to_uM,1,1,,是
4303,LQKY,small,34.7 μg/ml,mass_unit,ug/mL,34.7,550.66,63.015290742,uM = (ug/mL * 1000) / molwt_value,mass_unit_ug_per_mL_converted_to_uM,1,1,,是
5009,WVPSV,small,0.368 mg/ml,mass_unit,mg/mL,0.368,586.69,627.247779918,uM = (mg/mL * 1000000) / molwt_value,mass_unit_mg_per_mL_converted_to_uM,1,1,,是
5010,VVYPW,small,0.254 mg/ml,mass_unit,mg/mL,0.254,662.79,383.228473574,uM = (mg/mL * 1000000) / molwt_value,mass_unit_mg_per_mL_converted_to_uM,1,1,,是
5652,GFHI,small,64.0 μg/ml,mass_unit,ug/mL,64,473,135.306553911,uM = (ug/mL * 1000) / molwt_value,mass_unit_ug_per_mL_converted_to_uM,1,1,,是
5654,FHG,small,52.3 μg/ml,mass_unit,ug/mL,52.3,359,145.682451253,uM = (ug/mL * 1000) / molwt_value,mass_unit_ug_per_mL_converted_to_uM,1,1,,是
5683,YPK,small,10.5 μg/ml,mass_unit,ug/mL,10.5,406,25.8620689655,uM = (ug/mL * 1000) / molwt_value,mass_unit_ug_per_mL_converted_to_uM,1,1,,是
5684,GPP,small,6.25 μg/ml,mass_unit,ug/mL,6.25,269,23.2342007435,uM = (ug/mL * 1000) / molwt_value,mass_unit_ug_per_mL_converted_to_uM,1,1,,是
6102,KFAR,small,16.9 μg/ml,mass_unit,ug/mL,16.9,521,32.4376199616,uM = (ug/mL * 1000) / molwt_value,mass_unit_ug_per_mL_converted_to_uM,1,1,,是
6206,AW,small,10 μg/ml,mass_unit,ug/mL,10,275,36.3636363636,uM = (ug/mL * 1000) / molwt_value,mass_unit_ug_per_mL_converted_to_uM,1,1,,是
6207,GW,small,30 μg/ml,mass_unit,ug/mL,30,261,114.942528736,uM = (ug/mL * 1000) / molwt_value,mass_unit_ug_per_mL_converted_to_uM,1,1,,是
6208,AY,small,48 μg/ml,mass_unit,ug/mL,48,252,190.476190476,uM = (ug/mL * 1000) / molwt_value,mass_unit_ug_per_mL_converted_to_uM,1,1,,是
6209,SY,small,67 μg/ml,mass_unit,ug/mL,67,268,250,uM = (ug/mL * 1000) / molwt_value,mass_unit_ug_per_mL_converted_to_uM,1,1,,是
6210,GY,small,97 μg/ml,mass_unit,ug/mL,97,238,407.56302521,uM = (ug/mL * 1000) / molwt_value,mass_unit_ug_per_mL_converted_to_uM,1,1,,是
6211,AF,small,190 μg/ml,mass_unit,ug/mL,190,236,805.084745763,uM = (ug/mL * 1000) / molwt_value,mass_unit_ug_per_mL_converted_to_uM,1,1,,是
6212,VP,small,480 μg/ml,mass_unit,ug/mL,480,214,2242.99065421,uM = (ug/mL * 1000) / molwt_value,mass_unit_ug_per_mL_converted_to_uM,1,1,,是
6213,AI,small,690 μg/ml,mass_unit,ug/mL,690,202,3415.84158416,uM = (ug/mL * 1000) / molwt_value,mass_unit_ug_per_mL_converted_to_uM,1,1,,是
6214,VG,small,1100 μg/ml,mass_unit,ug/mL,1100,174,6321.83908046,uM = (ug/mL * 1000) / molwt_value,mass_unit_ug_per_mL_converted_to_uM,1,1,,是
6225,HHL,small,2.2 μg/ml,mass_unit,ug/mL,2.2,405,5.43209876543,uM = (ug/mL * 1000) / molwt_value,mass_unit_ug_per_mL_converted_to_uM,1,1,,是
1289,TTENVLFG,long,3.03 mg/ml,mass_unit,mg/mL,3.03,879.97,3443.29920338,uM = (mg/mL * 1000000) / molwt_value,mass_unit_mg_per_mL_converted_to_uM,1,1,,是
1290,LSMGSASLSP,long,0.19 mg/ml,mass_unit,mg/mL,0.19,567.3,334.919795523,uM = (mg/mL * 1000000) / molwt_value,mass_unit_mg_per_mL_converted_to_uM,1,1,,是
1291,LVNDLVTPVFDNL,long,4.00 mg/ml,mass_unit,mg/mL,4,1458.67,2742.22408084,uM = (mg/mL * 1000000) / molwt_value,mass_unit_mg_per_mL_converted_to_uM,1,1,,是
1292,RLPSEFDLSAFLRA,long,0.46 mg/ml,mass_unit,mg/mL,0.46,1622.85,283.451951813,uM = (mg/mL * 1000000) / molwt_value,mass_unit_mg_per_mL_converted_to_uM,1,1,,是
1293,RLSGQTIEVTSEYLFRH,long,1.14 mg/ml,mass_unit,mg/mL,1.14,2037.26,559.575115596,uM = (mg/mL * 1000000) / molwt_value,mass_unit_mg_per_mL_converted_to_uM,1,1,,是
1335,MAIPPKK,long,92 μg/ml,mass_unit,ug/mL,92,784.03,117.342448631,uM = (ug/mL * 1000) / molwt_value,mass_unit_ug_per_mL_converted_to_uM,1,1,,是
2572,VLAQYK,long,23.2 μg/ml,mass_unit,ug/mL,23.2,720.87,32.1833340269,uM = (ug/mL * 1000) / molwt_value,mass_unit_ug_per_mL_converted_to_uM,1,1,,是
2737,MIFPGAGGPEL,long,28.7 μg/ml,mass_unit,ug/mL,28.7,1088.29,26.3716472631,uM = (ug/mL * 1000) / molwt_value,mass_unit_ug_per_mL_converted_to_uM,1,1,,是
2738,EVMAGNLYPG,long,19.34 μg/ml,mass_unit,ug/mL,19.34,1050.19,18.4157152515,uM = (ug/mL * 1000) / molwt_value,mass_unit_ug_per_mL_converted_to_uM,1,1,,是
2796,VWDPPKFD,long,365 mg/ml,mass_unit,mg/mL,365,1003.12,363864.742005,uM = (mg/mL * 1000000) / molwt_value,mass_unit_mg_per_mL_converted_to_uM,1,1,,是
2797,FEDYVPLSCF,long,365 mg/ml,mass_unit,mg/mL,365,1219.37,299334.90245,uM = (mg/mL * 1000000) / molwt_value,mass_unit_mg_per_mL_converted_to_uM,1,1,,是
2798,FNVPLYEFSY,long,365 mg/ml,mass_unit,mg/mL,365,1278.43,285506.441495,uM = (mg/mL * 1000000) / molwt_value,mass_unit_mg_per_mL_converted_to_uM,1,1,,是
2801,MIFPGAGGPEL,long,0.883 mg/ml,mass_unit,mg/mL,0.883,1088.29,811.364617887,uM = (mg/mL * 1000000) / molwt_value,mass_unit_mg_per_mL_converted_to_uM,1,1,,是
2802,PGPLGLTGP,long,0.68 mg/ml,mass_unit,mg/mL,0.68,807.94,841.64665693,uM = (mg/mL * 1000000) / molwt_value,mass_unit_mg_per_mL_converted_to_uM,1,1,,是
2803,QLGFLGPR,long,0.68 mg/ml,mass_unit,mg/mL,0.68,887.05,766.585874528,uM = (mg/mL * 1000000) / molwt_value,mass_unit_mg_per_mL_converted_to_uM,1,1,,是
2808,VWDPPKFD,long,365 μg/ml,mass_unit,ug/mL,365,1003.12,363.864742005,uM = (ug/mL * 1000) / molwt_value,mass_unit_ug_per_mL_converted_to_uM,1,1,,是
2809,FEDYVPLSCF,long,365 μg/ml,mass_unit,ug/mL,365,1219.37,299.33490245,uM = (ug/mL * 1000) / molwt_value,mass_unit_ug_per_mL_converted_to_uM,1,1,,是
2810,FNVPLYE,long,365 μg/ml,mass_unit,ug/mL,365,881,414.301929625,uM = (ug/mL * 1000) / molwt_value,mass_unit_ug_per_mL_converted_to_uM,1,1,,是
2811,DDTGHDFEDTGEAM,long,0.63 mg/ml,mass_unit,mg/mL,0.63,1539.5,409.223773953,uM = (mg/mL * 1000000) / molwt_value,mass_unit_mg_per_mL_converted_to_uM,1,1,,是
2831,MEGAQEAQGD,long,0.615 mg/ml,mass_unit,mg/mL,0.615,1035.05,594.174194483,uM = (mg/mL * 1000000) / molwt_value,mass_unit_mg_per_mL_converted_to_uM,1,1,,是
2918,TFPHGP,long,0.62 mg/ml,mass_unit,mg/mL,0.62,654.72,946.96969697,uM = (mg/mL * 1000000) / molwt_value,mass_unit_mg_per_mL_converted_to_uM,1,1,,是
2919,HWTTQR,long,1.44 mg/ml,mass_unit,mg/mL,1.44,827.9,1739.34050006,uM = (mg/mL * 1000000) / molwt_value,mass_unit_mg_per_mL_converted_to_uM,1,1,,是
2924,MEGAQEAQGD,long,0.0165 mg/ml,mass_unit,mg/mL,0.0165,1035.05,15.9412588764,uM = (mg/mL * 1000000) / molwt_value,mass_unit_mg_per_mL_converted_to_uM,1,1,,是
2929,MIFPGAGGPEL,long,28.7 μg/ml,mass_unit,ug/mL,28.7,1088.29,26.3716472631,uM = (ug/mL * 1000) / molwt_value,mass_unit_ug_per_mL_converted_to_uM,1,1,,是
3639,SKVYPFPGPI,long,1.7 mg/ml,mass_unit,mg/mL,1.7,1104.31,1539.422807,uM = (mg/mL * 1000000) / molwt_value,mass_unit_mg_per_mL_converted_to_uM,1,1,,是
3687,MEGAQEAQGD,long,0.0934 μg/ml,mass_unit,ug/mL,0.0934,840,0.11119047619,uM = (ug/mL * 1000) / molwt_value,mass_unit_ug_per_mL_converted_to_uM,1,1,,是
3691,VWDPPKFD,long,139 μg/ml,mass_unit,ug/mL,139,602.3,230.782002324,uM = (ug/mL * 1000) / molwt_value,mass_unit_ug_per_mL_converted_to_uM,1,1,,是
3692,FEDYVPLSCF,long,139 μg/ml,mass_unit,ug/mL,139,469.3,296.185808651,uM = (ug/mL * 1000) / molwt_value,mass_unit_ug_per_mL_converted_to_uM,1,1,,是
3693,FNVPLYE,long,139 μg/ml,mass_unit,ug/mL,139,147.05,945.256715403,uM = (ug/mL * 1000) / molwt_value,mass_unit_ug_per_mL_converted_to_uM,1,1,,是
3694,PGPLGLTGP,long,0.21 mg/ml,mass_unit,mg/mL,0.21,975.38,215.300703316,uM = (mg/mL * 1000000) / molwt_value,mass_unit_mg_per_mL_converted_to_uM,1,1,,是
3695,QLGFLGPR,long,0.21 mg/ml,mass_unit,mg/mL,0.21,874.45,240.150952027,uM = (mg/mL * 1000000) / molwt_value,mass_unit_mg_per_mL_converted_to_uM,1,1,,是
3701,VWDPPKFD,long,169 μg/ml,mass_unit,ug/mL,169,602.3,280.591067574,uM = (ug/mL * 1000) / molwt_value,mass_unit_ug_per_mL_converted_to_uM,1,1,,是
3702,FEDYVPLSCF,long,169 μg/ml,mass_unit,ug/mL,169,469.3,360.110803324,uM = (ug/mL * 1000) / molwt_value,mass_unit_ug_per_mL_converted_to_uM,1,1,,是
3703,FNVPLYE,long,169 μg/ml,mass_unit,ug/mL,169,147.05,1149.26895614,uM = (ug/mL * 1000) / molwt_value,mass_unit_ug_per_mL_converted_to_uM,1,1,,是
3704,TFPHGP,long,0.068 mg/ml,mass_unit,mg/mL,0.068,744,91.3978494624,uM = (mg/mL * 1000000) / molwt_value,mass_unit_mg_per_mL_converted_to_uM,1,1,,是
3705,HWTTQR,long,1.44 mg/ml,mass_unit,mg/mL,1.44,917,1570.33805889,uM = (mg/mL * 1000000) / molwt_value,mass_unit_mg_per_mL_converted_to_uM,1,1,,是
3709,DDTGHDFEDTGEAM,long,14.82 μg/ml,mass_unit,ug/mL,14.82,1538,9.63589076723,uM = (ug/mL * 1000) / molwt_value,mass_unit_ug_per_mL_converted_to_uM,1,1,,是
3714,FRGLMHY,long,0.81 mg/ml,mass_unit,mg/mL,0.81,923.1,877.478063048,uM = (mg/mL * 1000000) / molwt_value,mass_unit_mg_per_mL_converted_to_uM,1,1,,是
3720,MIFPGAGGPEL,long,0.056 mg/ml,mass_unit,mg/mL,0.056,130,430.769230769,uM = (mg/mL * 1000000) / molwt_value,mass_unit_mg_per_mL_converted_to_uM,1,1,,是
3746,WPERPPQIP,long,25.67 μg/ml,mass_unit,ug/mL,25.67,1033.42,24.8398521414,uM = (ug/mL * 1000) / molwt_value,mass_unit_ug_per_mL_converted_to_uM,1,1,,是
4276,QNLLRF,long,82.4 μg/ml,mass_unit,ug/mL,82.4,789.93,104.313040396,uM = (ug/mL * 1000) / molwt_value,mass_unit_ug_per_mL_converted_to_uM,1,1,,是
4278,RPKHPIKH,long,892.83 μg/ml,mass_unit,ug/mL,892.83,1012.23,882.042618772,uM = (ug/mL * 1000) / molwt_value,mass_unit_ug_per_mL_converted_to_uM,1,1,,是
4280,YQKFPQY,long,95.46 μg/ml,mass_unit,ug/mL,95.46,973.1,98.0988593156,uM = (ug/mL * 1000) / molwt_value,mass_unit_ug_per_mL_converted_to_uM,1,1,,是
4284,TVDQHQ,long,210.5 μg/ml,mass_unit,ug/mL,210.5,726.74,289.649668382,uM = (ug/mL * 1000) / molwt_value,mass_unit_ug_per_mL_converted_to_uM,1,1,,是
4285,TGPIPN,long,316 μg/ml,mass_unit,ug/mL,316,597.67,528.719862131,uM = (ug/mL * 1000) / molwt_value,mass_unit_ug_per_mL_converted_to_uM,1,1,,是
4289,LVYPFPGP,long,147.3 μg/ml,mass_unit,ug/mL,147.3,889.06,165.680606483,uM = (ug/mL * 1000) / molwt_value,mass_unit_ug_per_mL_converted_to_uM,1,1,,是
5650,VLAQYK,long,23.11 μg/ml,mass_unit,ug/mL,23.11,721,32.052704577,uM = (ug/mL * 1000) / molwt_value,mass_unit_ug_per_mL_converted_to_uM,1,1,,是
5651,DFHINQ,long,50.4 μg/ml,mass_unit,ug/mL,50.4,773,65.2005174644,uM = (ug/mL * 1000) / molwt_value,mass_unit_ug_per_mL_converted_to_uM,1,1,,是
5653,GLSDGEWQ,long,117.6 μg/ml,mass_unit,ug/mL,117.6,891,131.986531987,uM = (ug/mL * 1000) / molwt_value,mass_unit_ug_per_mL_converted_to_uM,1,1,,是
5655,EVMAGNLYPG,long,19.34 μg/ml,mass_unit,ug/mL,19.34,1050.19,18.4157152515,uM = (ug/mL * 1000) / molwt_value,mass_unit_ug_per_mL_converted_to_uM,1,1,,是
5751,IGDEPLANYL,long,0.070 mg/ml,mass_unit,mg/mL,0.07,1104.22,63.3931644056,uM = (mg/mL * 1000000) / molwt_value,mass_unit_mg_per_mL_converted_to_uM,1,1,,是
5752,FGGIDDINQIGQSD,long,0.070 mg/ml,mass_unit,mg/mL,0.07,1478.53,47.344321725,uM = (mg/mL * 1000000) / molwt_value,mass_unit_mg_per_mL_converted_to_uM,1,1,,是
5753,YYAPFE,long,0.055 mg/ml,mass_unit,mg/mL,0.055,788.85,69.7217468467,uM = (mg/mL * 1000000) / molwt_value,mass_unit_mg_per_mL_converted_to_uM,1,1,,是
5754,VIPAAY,long,3.03 μg/ml,mass_unit,ug/mL,3.03,633,4.78672985782,uM = (ug/mL * 1000) / molwt_value,mass_unit_ug_per_mL_converted_to_uM,1,1,,是
5903,EMPFPK,long,423 μg/ml,mass_unit,ug/mL,423,734,576.294277929,uM = (ug/mL * 1000) / molwt_value,mass_unit_ug_per_mL_converted_to_uM,1,1,,是
6103,CVTPALR,long,26.84 μg/ml,mass_unit,ug/mL,26.84,759,35.3623188406,uM = (ug/mL * 1000) / molwt_value,mass_unit_ug_per_mL_converted_to_uM,1,1,,是
6205,VGLPIF,long,25.26 μg/ml,mass_unit,ug/mL,25.26,645,39.1627906977,uM = (ug/mL * 1000) / molwt_value,mass_unit_ug_per_mL_converted_to_uM,1,1,,是
6285,MIFPGAGGPEL,long,28.7 μg/ml,mass_unit,ug/mL,28.7,1088,26.3786764706,uM = (ug/mL * 1000) / molwt_value,mass_unit_ug_per_mL_converted_to_uM,1,1,,是
6858,RLPSEFDLSAFLRA,long,0.46 mg/ml,mass_unit,mg/mL,0.46,1622.85,283.451951813,uM = (mg/mL * 1000000) / molwt_value,mass_unit_mg_per_mL_converted_to_uM,1,1,,是
6859,RLSGQTIEVTSEYLFRH,long,1.14 mg/ml,mass_unit,mg/mL,1.14,2037.26,559.575115596,uM = (mg/mL * 1000000) / molwt_value,mass_unit_mg_per_mL_converted_to_uM,1,1,,是
