序列,冲突精确IC50值列表_uM,来源种类数,来源列表,Assay种类数,Assay列表,是否跨来源,是否跨Assay
IY,10.5 | 2.1 | 2.7 | 3.4 | 3.7 | 37 | 4 | 6.1,25,Amaranth (Amaranthus hypochondriacus) | Bovine lactoferrin (Bos taurus) | Cereals (Rice (Oryza sativa red-mold rice)) | Cereals (Rice-koji) | Cereals (Wheat (Triticum aestivum wheat bran)) | Cereals (Wheat bran) | Cereals (rice) | Cereals storage protein | Chicken (Gallus gallus) | Chicken connectin | Fish (Bonito (Sarda - dried bonito (katsuobusi))) | Fish (Dried Bonito) | Fish (Dried bonito hydrolysate) | Fish (Sardine (Sardina pilchardus muscle)) | Fish (Sardine muscle) | Fish (Sardine) | Milk | Pork sarcoplasmic proteins | Rapeseed | Rapeseed (Brassica napus) | Rapeseed protein | Rapeseed protein-derived peptides | Wakame | Wakame (Undaria pinnatifida) | Wakame Seaweed,6,"2,4,6-trinitrobenzene sulfonate(TNBS) method | Cushman and Cheung (1971) | Cushman and Cheung (1971), Yamamoto and others | Holmquist et al. (1979) | Modified Lieberman’s method | Yamamoto et al.",是,是
VW,1.1 | 1.4 | 1.6 | 10.8 | 12.9 | 2.5 | 24 | 3.1 | 3.3 | 3.6,31,Alfalfa (Medicago sativa) | Amaranth (Amaranthus hypochondriacus) | Antarctic krill (Euphausia superba) | Bovine lactoferrin (Bos taurus) | Casein | Cereals (Rice (Oryza sativa red-mold rice)) | Cereals (Rice-koji) | Cereals (Sake (Japanese alcoholic beverage made from rice)) | Cereals (rice) | Cereals storage protein | Chicken connectin | Fish (Alfalfa (Medicago sativa)) | Fish (Salmon (Oncorhynchus keta)) | Fish (Salmon muscle protein hydrolysate) | Fish (Salmon) | Fish (Sardine) | Legume (Mung bean sprout sake) | Meat protein | Milk | Milk derived | Rapeseed | Rapeseed (Brassica napus) | Rapeseed protein | Rapeseed protein-derived peptides | Sake | Sake and sake lees | Sake lees | Synthesized | Upstream chum salmon muscle | Wakame | Wakame (Undaria pinnatifida),4,"Cushman and Cheung (1971) | Cushman and Cheung (1971), Yamamoto and others | Holmquist et al. (1979) | Modified Lieberman’s method",是,是
VY,10 | 11.3 | 16 | 2033.39 | 21 | 35.2 | 7.1,22,Amaranth (Amaranthus hypochondriacus) | Bovine (Bos taurus) b-caseins | Bovine Beta Lactoglobulin | Casein | Cereals (Sake (Japanese alcoholic beverage made from rice)) | Cereals (Wheat (Gamma-gliadin from wheat (Triticum aestivum))) | Cereals (Wheat (Triticum aestivum wheat bran)) | Cereals (Wheat bran) | Cereals storage protein | Fish (Sardine) | Fish (Sea bream scale) | Fish (sardine muscle) | Fish skin | Legume (Mung bean sprout sake) | Milk | Milk (Fermented Milk) | Pork sarcoplasmic proteins | Sake | Sake and sake lees | Sea-bream scales hydrolysate | Wakame | Wakame (Undaria pinnatifida),4,"Cushman and Cheung (1971) | Cushman and Cheung (1971), Gonzalez-Gonzalez et al | Modified Lieberman’s method | Yamamoto et al.",是,是
AY,14.2 | 19 | 190.272 | 190.476 | 48,17,Alpha-zein | Amaranth (Amaranthus hypochondriacus) | Bovine lactoferrin (Bos taurus) | Cereals (Buckwheat) | Cereals (Corn (Zea mays)) | Cereals (Corn Gluten meal) | Cereals (Corn gluten meal) | Cereals (Maize (Zea mays)) | Cereals (Steamed soybean mixed with roasted wheat) | Cereals storage protein | Chicken (Gallus gallus) | Chicken connectin | Milk | Pork sarcoplasmic proteins | Soybean | Soybean (Glycine max - Fermented soybean seasoning) | Soybean Sauce,4,"ACE color kit (Fujirebio Corp., Tokyo, Japan), Ka | Cushman and Cheung (1971) | Kasahara and Ashihara (1981) | Modified Lieberman’s method",是,是
LY,110 | 18 | 38.5 | 6.8,14,Amaranth (Amaranthus hypochondriacus) | Bovine (Bos taurus) b-caseins | Bovine Beta Casein | Bovine lactoferrin (Bos taurus) | Cereals (Maize (Zea mays)) | Cereals storage protein | Egg proteins | Fish (Sardine (Sardina pilchardus muscle)) | Fish (Sardine muscle) | Fish (Sardine) | Milk | Pork sarcoplasmic proteins | Rapeseed protein | Rapeseed proteins,4,"2,4,6-trinitrobenzene sulfonate(TNBS) method | Cushman and Cheung (1971) | Cushman and Cheung (1971), Majumder & Wu (2009) | Holmquist et al. (1979)",是,是
AF,165.3 | 190 | 804.165 | 805.085,13,Bovine (Bos taurus) b-caseins | Bovine b-casein | Bovine lactoferrin (Bos taurus) | Cereals (Maize (Zea mays)) | Cereals (Steamed soybean mixed with roasted wheat) | Cereals storage protein | Chicken (Gallus gallus) | Fish (Carp (Cyprinus carpio) parvalbumin) | Pork sarcoplasmic proteins | Soybean | Soybean (Glycine max - Fermented soybean seasoning) | Soybean (Salt-free soy sauce) | Soybean Sauce,4,"ACE color kit (Fujirebio Corp., Tokyo, Japan), Ka | Cushman and Cheung (1971) | Kasahara and Ashihara (1981) | Modified Lieberman’s method",是,是
IKP,1.7 | 2.3 | 2.5 | 6.9 | 7,10,Amaranth (Amaranthus hypochondriacus) | Fish (Bonito (Sarda bowel autolysate)) | Fish (Bonito bowel) | Fish (Bonito muscle) | Fish (Dried bonito hydrolysate) | Fish (Dried bonito) | Fish (chum salmon fish) | Legume (Peanut protein) | Pork beef and chicken muscle | Synthesized,4,"Cushman and Cheung (1971) | Cushman and Cheung (1971), Maruyama and Suzuki | Cushman and Cheung (1971), Yamamoto and others | RP-HPLC Assay",是,是
IVY,0.48 | 14.74 | 14740 | 2399 | 479,8,Cereals (Wheat Gliadin) | Cereals (Wheat germ) | Cereals storage protein | Royal jelly | Sesame | Sesame (Sesamum indicum) | Sesame protein hydrolysate | Synthesized,4,"2,4,6-trinitrobenzene sulfonate(TNBS) method | Cushman and Cheung (1971) | Friedland and Silverstein (1976) | Modified Lieberman’s method",是,是
GY,125.923 | 1427.37 | 210 | 2392.55 | 257.04 | 265 | 407.563 | 68 | 72.1 | 97,19,Amaranth (Amaranthus hypochondriacus) | Bovine b-casein | Bovine lactoferrin (Bos taurus) | Cereals (Steamed soybean mixed with roasted wheat) | Cereals storage protein | Chicken connectin | Fish (Sea bream scale) | Fish skin | Garlic | Garlic (Allium sativum L) | Garlic (Allium sativum) | Milk | Pork sarcoplasmic proteins | Sea-bream scales hydrolysate | Silk fibroin | Silkworm fibroin | Soybean | Soybean (Glycine max - Fermented soybean seasoning) | Soybean Sauce,3,"ACE color kit (Fujirebio Corp., Tokyo, Japan), Ka | Cushman and Cheung (1971) | Kasahara and Ashihara (1981)",是,是
LQP,1.04 | 1.9 | 2 | 2.2 | 3.4,19,Alpha-zein | Amaranth (Amaranthus hypochondriacus) | Bovine (Bos taurus) b-caseins | Bovine Beta Casein5 | Cereals (Maize (Zea mays)) | Cereals (Maize Standard (Native alpha-zein)) | Cereals (Maize alpha-zein) | Cereals (Maize lines) | Cereals (Rye) | Cereals (Wheat (Triticum aestivum wheat bran)) | Cereals (Wheat bran) | Cereals (Wheat gliadins) | Cereals storage protein | Cheese | Milk | Sesame | Sesame (Sesamum indicum) | Sesame protein hydrolysate | Α-zein,3,Cushman and Cheung (1971) | Friedland and Silverstein (1976) | Modified Lieberman’s method,是,是
LKP,0.32 | 1.4 | 1.6,18,Aldolase | Cereals storage protein | Chicken muscle | Chicken muscle proteins | Egg ovotransferrin | Egg proteins | Fish | Fish (Dried Bonito) | Fish (Dried bonito hydrolysate) | Fish (Dried bonito) | Fish (bonito muscle) | Fish proteins | Food-protein | Milk | Oat proteins | Pork sarcoplasmic proteins | Soybean whey proteins | Synthesized,3,"Cushman and Cheung (1971) | Cushman and Cheung (1971), Majumder & Wu (2009) | Cushman and Cheung (1971), Yamamoto and others",是,是
IW,1.5 | 12.4 | 2 | 4.7 | 5.1,16,Bovine b-casein | Bovine lactoferrin (Bos taurus) | Cereals (Wheat (Gamma-gliadin from wheat (Triticum aestivum))) | Cereals storage protein | Fish (Dried Bonito) | Fish (Dried bonito hydrolysate) | Fish (Salmon (Oncorhynchus keta)) | Fish (Salmon muscle protein hydrolysate) | Fish (Salmon muscle) | Fish (Salmon) | Fish (Sardine) | Milk | Synthesized | Upstream chum salmon muscle | Wakame | Wakame (Undaria pinnatifida),3,"Cushman and Cheung (1971) | Cushman and Cheung (1971), Yamamoto and others | Yamamoto et al.",是,是
LRP,0.21 | 0.27 | 0.29 | 1,16,Amaranth (Amaranthus hypochondriacus) | Bovine lactoferrin (Bos taurus) | Cereals (Corn endosperm) | Cereals (Maize (Zea mays)) | Cereals (Maize Standard (Native alpha-zein)) | Cereals (Maize alpha-zein) | Cereals (Maize lines) | Cereals (Wheat (Triticum aestivum wheat bran)) | Cereals (Wheat bran) | Egg proteins | Fish (Bonito (Sarda bowel autolysate)) | Fish (Bonito bowel) | Milk | Milk derived | Synthesized | Α-zein,3,"Cushman and Cheung (1971) | Cushman and Cheung (1971), Maruyama and Suzuki | Modified Lieberman’s method",是,是
VF,43.7 | 49.7 | 9.2,16,Amaranth (Amaranthus hypochondriacus) | Bovine b-casein | Cereals (Rice (Oryza sativa red-mold rice)) | Cereals (Rice-koji) | Cereals (rice) | Cereals storage protein | Chicken (Gallus gallus) | Chicken (Myosin skeletal muscles of chicken) | Fish (Sardine (Sardina pilchardus muscle)) | Fish (Sardine muscle) | Fish (Sardine) | Insect protein | Insect protein digest | Milk | Pork sarcoplasmic proteins | Wakame (Undaria pinnatifida),3,"2,4,6-trinitrobenzene sulfonate(TNBS) method | Cushman and Cheung (1971) | Modified Lieberman’s method",是,是
LHLPLP,2.9 | 3.7 | 5 | 5.4 | 5.5,14,Bovine (Bos taurus) b-caseins | Casein | Fermentation with E. faecalis | Fermented milk with Enterococcus faecalis | Human (Human Beta Casein) | Human (Synthetic peptide of Human beta casein) | Milk | Milk (Bovine skim milk) | Milk (Fermented Milk) | Milk (human β casein) | Milk (β-casein) | Milk fermented with Enterococcus faecalis | Milk proteins | Β-CN f,3,Cushman and Cheung (1971) | Kasahara and Ashihara (1981) | Sentandreu and Toldra (2006),是,是
FY,25 | 3.7 | 3.74 | 42.3,13,Alpha-zein | Amaranth (Amaranthus hypochondriacus) | Cereals (Buckwheat) | Cereals (Maize (Zea mays)) | Cereals storage protein | Garlic | Garlic (Allium sativum L) | Garlic (Allium sativum) | Milk | Royal jelly | Wakame | Wakame (Undaria pinnatifida) | Wakame Seaweed,3,Cushman and Cheung (1971) | Modified Lieberman’s method | Yamamoto et al.,是,是
VP,2240.27 | 2242.99 | 420 | 480 | 570,13,Anchovy (sauce) | Bovine (Bos taurus) b-caseins | Bovine b-casein | Bovine lactoferrin (Bos taurus) | Cereals (Steamed soybean mixed with roasted wheat) | Cereals (Wheat (Gamma-gliadin from wheat (Triticum aestivum))) | Cereals storage protein | Chicken (Gallus gallus) | Fish (Sardine (Sardina pilchardus fermented sauce)) | Pork sarcoplasmic proteins | Soybean | Soybean (Glycine max - Fermented soybean seasoning) | Soybean Sauce,3,"ACE color kit (Fujirebio Corp., Tokyo, Japan), Ka | Cushman and Cheung (1971) | Kasahara and Ashihara (1981)",是,是
VYP,288 | 288.4 | 44,13,"Amaranth (Amaranthus hypochondriacus) | Bovine (Bos taurus) b-caseins | Bovine Beta Lactoglobulin | Cheese | Cheese whey protein | Enzymatic-hydrolysis (Hydrolysis with proteinase K) | Milk | Milk (bovine, buffalo and ovine β-casein) | Milk (cheese whey) | Milk derived | Milk proteins | Whey protein | Β-CN f",3,Cushman and Cheung (1971) | Kasahara and Ashihara (1981) | Yamamoto et al.,是,是
AP,230 | 29 | 322 | 322.269,12,Anchovy (sauce) | Arachin | Bovine (Bos taurus) b-caseins | Bovine lactoferrin (Bos taurus) | Cereals (Wheat (Gamma-gliadin from wheat (Triticum aestivum))) | Cereals storage protein | Chicken (Gallus gallus) | Fish (Atlantic salmon) | Fish (Bonito (sarda fermented sauce)) | Fish (Sardine (Sardina pilchardus fermented sauce)) | Fish Sauce | Milk casein,3,"Cheung et al. | Cushman and Cheung (1971) | Cushman and Cheung (1971), Wang et al.",是,是
MF,0.92 | 1349.62 | 44.7 | 45,12,Amaranth (Amaranthus hypochondriacus) | Bovine (Bos taurus) b-caseins | Bovine Beta Casein | Bovine b-casein | Cereals storage protein | Fish (Sardine (Sardina pilchardus muscle)) | Fish (Sardine muscle) | Fish (Sardine) | Fish (Shark meat) | Fish (Shark) | Milk | Pork sarcoplasmic proteins,3,"2,4,6-trinitrobenzene sulfonate(TNBS) method | Cushman and Cheung (1971) | He et al.",是,是
DG,12.3 | 2.15,11,Bovine b-casein | Bovine lactoferrin (Bos taurus) | Cereals storage protein | Chicken (Gallus gallus) | Fish (Carp (Cyprinus carpio) parvalbumin) | Pork sarcoplasmic proteins | Shrimp | Soybean | Soybean (Defatted soybean meal) | Soybean (Glycine max) | Soybean Protein,3,Cushman and Cheung (1971) | He et al. | RP-HPLC with Cushman and Cheung (1971),是,是
SY,249.748 | 250 | 66.3 | 67,11,Cereals (Steamed soybean mixed with roasted wheat) | Cereals storage protein | Chicken (Gallus gallus) | Garlic | Garlic (Allium sativum L) | Garlic (Allium sativum) | Milk (bovine lactoglobulin) | Pork sarcoplasmic proteins | Soybean | Soybean (Glycine max - Fermented soybean seasoning) | Soybean Sauce,3,"ACE color kit (Fujirebio Corp., Tokyo, Japan), Ka | Cushman and Cheung (1971) | Kasahara and Ashihara (1981)",是,是
AW,10 | 18.8 | 36.3227 | 36.3636,10,Cereals (Finnish) | Cereals (Steamed soybean mixed with roasted wheat) | Cereals storage protein | Chicken (Gallus gallus) | Soybean | Soybean (Glycine max - Fermented soybean seasoning) | Soybean Sauce | Synthesized | Wakame | Wakame (Undaria pinnatifida),3,"ACE color kit (Fujirebio Corp., Tokyo, Japan), Ka | Cushman and Cheung (1971) | Kasahara and Ashihara (1981)",是,是
HLPLP,21600 | 41 | 51.88,10,Bovine (Bos taurus) b-caseins | Egg white protein | Human (Human Beta Casein) | Human (Synthetic peptide of Human beta casein) | Milk | Milk (Sodium caseinate) | Milk (human β casein) | Milk Casein derived | Milk proteins | Β-CN f,3,Cushman and Cheung (1971) | Holmquist et al. (1979) | Kasahara and Ashihara (1981),是,是
RP,15.2 | 180 | 181.97 | 21,9,Anchovy (sauce) | Bovine lactoferrin (Bos taurus) | Cereals (Wheat (Gamma-gliadin from wheat (Triticum aestivum))) | Cereals storage protein | Chicken (Gallus gallus) | Fish (Bonito (sarda fermented sauce)) | Fish Sauce | Pork (Sus domesticus skeletal muscle) | Pork sarcoplasmic proteins,3,Cheung et al. | Cushman and Cheung (1971) | Sentandreu and Toldra (2006),是,是
RPKHPIKHQ,13 | 13.4,9,Cheese | Cheese (Cheddar (with probiotics)) | Cheese (Gouda cheese) | Cheese (Gouda) | Milk | Milk (Digested milk products) | Milk (Sodium caseinate) | Milk proteins | Αs1-CN f,3,Abubakar et al. | Cushman and Cheung (1971) | Holmquist et al. (1979),是,是
LKPNM,17 | 2.4,8,Aldolase | Fish | Fish (Bonita) | Fish (Bonito (Sarda - dried bonito (katsuobusi))) | Fish (Dried Bonito) | Fish (Dried bonito hydrolysate) | Fish (bonito muscle) | Fish proteins,3,"ACE inhibitory assay kit (ACE kit-WST, Dojindo Lab | Cushman and Cheung (1971) | Cushman and Cheung (1971), Yamamoto and others",是,是
YPFPGPIPN,14.8 | 15,7,Cheese | Cheese (Gouda cheese) | Cheese (Gouda) | Milk | Milk (Sodium caseinate) | Milk proteins | Β-CN f,3,Abubakar et al. | Cushman and Cheung (1971) | Holmquist et al. (1979),是,是
TF,18 | 810,6,Cereals (Wheat (Triticum aestivum wheat bran)) | Cereals (Wheat bran) | Cereals storage protein | Pork sarcoplasmic proteins | Rapeseed protein | Rapeseed proteins,3,Cushman and Cheung (1971) | Holmquist et al. (1979) | Modified Lieberman’s method,是,是
GPM,17.13 | 17.3,3,Fish (Alaska pollack (Theragra chalcogramma)) | Fish skin | Gelatin hydrolysate,3,"Cushman and Cheung (1971) | Cushman and Cheung (1971), Yamamoto and others | He et al.",是,是
LW,17.4 | 23.6 | 4.4 | 50,22,Amaranth (Amaranthus hypochondriacus) | Bovine Beta Casein | Bovine b-casein | Casein | Cereals (Wheat (Gamma-gliadin from wheat (Triticum aestivum))) | Cereals storage protein | Egg (Ovalbumin hydrolysate) | Egg (Ovalbumin) | Egg (ovalbumin) | Egg proteins | Fish (Salmon (Oncorhynchus keta)) | Fish (Salmon muscle protein hydrolysate) | Fish (Salmon) | Meat protein | Milk | Milk (Digested milk products) | Milk casein | Milk derived | Soybean Protein | Upstream chum salmon muscle | Wakame | Wakame (Undaria pinnatifida),2,"Cushman and Cheung (1971) | Cushman and Cheung (1971), Yamamoto and others",是,是
IPP,5 | 5.15,20,Bovine (Bos taurus) b-caseins | Casein | Casein β-lg f | Cereals (Rye) | Cereals (Wheat (Alpha/beta-wheat gliadin)) | Cereals (Wheat gliadins) | Cereals storage protein | Cheese (Swiss) | Fermentation with L. helveticus and S. cerevisiae | Milk | Milk (Fermented Milk) | Milk (Skimmed milk) | Milk (b-casein) | Milk (human casein) | Milk (sour milk) | Milk derived | Milk proteins | Sour milk | Β- and κ-casein | Β-CN f,2,Cushman and Cheung (1971) | Kasahara and Ashihara (1981),是,是
VAP,18.6 | 18.7145 | 193.804 | 2 | 260 | 3056,16,A-casein | Amaranth (Amaranthus hypochondriacus) | Bovine lactoferrin (Bos taurus) | Casein (Αs1-casein) | Fish (Grass carp muscle) | Fish muscle proteins | Grass carp | Grass carp muscle | Grass carp protein hydrolysate | Milk | Milk (Digested milk products) | Milk (bovine casein) | Milk casein | Milk derived | Soybean 7S globulin | Soybean whey proteins,2,"Cushman and Cheung (1971) | Wu J et al., 2002",是,是
RF,392.2 | 93,13,Amaranth (Amaranthus hypochondriacus) | Casein | Cereals (Sake (Japanese alcoholic beverage made from rice)) | Cereals storage protein | Chicken (Gallus gallus) | Chicken connectin | Legume (Mung bean sprout sake) | Milk | Milk (bovine lactoglobulin) | Sake | Sake and sake lees | Sake lees | Sweet-potato tuber trypsin inhibitor,2,"Cushman and Cheung (1971) | TLC (Holmquist et al., 1979)",是,是
YL,122 | 82,12,Alpha-lactalbumin and Beta Lactoglobulin | Amaranth (Amaranthus hypochondriacus) | Bovine lactoferrin (Bos taurus) | Cereals (Wheat (Alpha/beta-wheat gliadin)) | Cereals storage protein | Fish (Sardine (Sardina pilchardus muscle)) | Fish (Sardine) | Milk | Milk (Digested milk products) | Milk (bovine casein) | Pork sarcoplasmic proteins | Whey protein (Beta Lactoglobulin),2,"2,4,6-trinitrobenzene sulfonate(TNBS) method | Cushman and Cheung (1971)",是,是
AVPYPQR,15 | 274,11,Bovine (Bos taurus) b-caseins | Bovine Beta Casein | Bovine casein proteins | Casein | Casein (Β-casein) | Enzymatic-hydrolysis (Hydrolysis with trypsin) | Fig (Ficus carica) | Milk | Milk (bovine casein) | Milk (bovine) | Milk proteins,2,Cushman and Cheung (1971) | Kasahara and Ashihara (1981),是,是
TTMPLW,12 | 16 | 22.2 | 51,11,Bovine casein proteins | Casein | Casein (Αs1-casein) | Cereals (Maize endosperm) | Enzymatic-hydrolysis (Hydrolysis with pepsin) | Human (Synthetic peptide of Human beta casein) | Milk | Milk (Digested milk products) | Milk (bovine casein) | Milk (bovine) | Milk proteins,2,Cushman and Cheung (1971) | Kasahara and Ashihara (1981),是,是
VR,1214 | 1214.78 | 52.8 | 98,11,Arachin | Bovine (Bos taurus) b-caseins | Bovine lactoferrin (Bos taurus) | Cereals storage protein | Chicken (Gallus gallus) | Egg (Ovine milk) | Fish (Atlantic salmon) | Legumin | Milk (Ovine milk product) | Milk (Ovine milk proteins) | Pork sarcoplasmic proteins,2,"Cushman and Cheung (1971) | Cushman and Cheung (1971), Wang et al.",是,是
KVLPVPQ,1000 | 522.67,10,Bovine (Bos taurus) b-caseins | Bovine casein proteins | Casein | Casein (Beta Casein) | Casein (Β-casein) | Casein hydrolysate | Enzymatic-hydrolysis (Hydrolysis with a proteinase from L. helveticus CP790) | Milk (Sodium caseinate) | Milk proteins | Β-CN f,2,Cushman and Cheung (1971) | Holmquist et al. (1979),是,是
VG,1100 | 6314.58 | 6321.84,10,Bovine b-casein | Bovine lactoferrin (Bos taurus) | Cereals (Steamed soybean mixed with roasted wheat) | Cereals (Wheat (Gamma-gliadin from wheat (Triticum aestivum))) | Cereals storage protein | Fish (Carp (Cyprinus carpio) parvalbumin) | Pork sarcoplasmic proteins | Soybean | Soybean (Glycine max - Fermented soybean seasoning) | Soybean Sauce,2,"ACE color kit (Fujirebio Corp., Tokyo, Japan), Ka | Kasahara and Ashihara (1981)",是,是
FFVAPFPEVFGK,18 | 77,9,Beta-CN | Bovine alpha s2-casein | Bovine casein proteins | Casein | Casein (Αs1-casein) | Casein derived | Milk | Milk (Goat milk protein) | Milk (bovine casein),2,"Cushman and Cheung (1971) | Nakamura et al. (1995), Vermeirssen et al.",是,是
KF,116 | 28.3,9,Bovine (Bos taurus) b-caseins | Bovine b-casein | Bovine lactoferrin (Bos taurus) | Cereals storage protein | Chicken (Gallus gallus) | Pork sarcoplasmic proteins | Royal jelly | Synthesized | Wakame (Undaria pinnatifida),2,Cushman and Cheung (1971) | Modified Lieberman’s method,是,是
RY,10.5 | 51,9,Amaranth (Amaranthus hypochondriacus) | Bovine lactoferrin (Bos taurus) | Cereals storage protein | Chicken (Gallus gallus) | Chicken connectin | Fish (Sardine (Sardina pilchardus muscle)) | Fish (Sardine muscle) | Fish (Sardine) | Milk,2,"2,4,6-trinitrobenzene sulfonate(TNBS) method | Cushman and Cheung (1971)",是,是
DKIHPF,2419.4 | 256.8 | 257 | 419.91,8,Bovine (Bos taurus) b-caseins | Milk (Fermented Milk) | Milk (Sodium caseinate) | Milk (caprine kefir) | Milk (fermented milk) | Milk-Cheese (Goat milk protein and cheeses) | Milk-Cheese (Sheep milk and cheeses proteins) | Whey protein hydrolysate,2,Cushman and Cheung (1971) | Holmquist et al. (1979),是,是
GP,252.63 | 360 | 66,8,Anchovy (sauce) | Bovine (Bos taurus) b-caseins | Bovine lactoferrin (Bos taurus) | Cereals storage protein | Fish (Alaska pollack (Theragra chalcogramma)) | Fish (Bonito (sarda fermented sauce)) | Fish (Sardine (Sardina pilchardus fermented sauce)) | Pork (Sus domesticus skeletal muscle),2,Cushman and Cheung (1971) | Sentandreu and Toldra (2006),是,是
GRP,19.9 | 20,8,Amaranth (Amaranthus hypochondriacus) | Bovine lactoferrin (Bos taurus) | Chicken connectin | Fish (Sardine (Sardina pilchardus muscle)) | Fish (Sardine muscle) | Fish (Sardine) | Milk | Pork sarcoplasmic proteins,2,"2,4,6-trinitrobenzene sulfonate(TNBS) method | Cushman and Cheung (1971)",是,是
GW,114.819 | 114.943 | 30,8,Bovine b-casein | Bovine lactoferrin (Bos taurus) | Cereals (Steamed soybean mixed with roasted wheat) | Cereals storage protein | Soybean | Soybean (Glycine max - Fermented soybean seasoning) | Soybean Sauce | Synthesized,2,"ACE color kit (Fujirebio Corp., Tokyo, Japan), Ka | Kasahara and Ashihara (1981)",是,是
IF,65.8 | 930,8,Bovine b-casein | Cereals (Wheat (Gamma-gliadin from wheat (Triticum aestivum))) | Cereals storage protein | Chicken (Gallus gallus) | Pork sarcoplasmic proteins | Royal jelly | Soybean (Salt-free soy sauce) | Soybean Sauce,2,Kasahara and Ashihara (1981) | Modified Lieberman’s method,是,是
KY,1.63 | 13 | 7.7,8,Bovine (Bos taurus) b-caseins | Bovine lactoferrin (Bos taurus) | Cereals storage protein | Chicken (Gallus gallus) | Fish (Sardine) | Pork sarcoplasmic proteins | Wakame (Undaria pinnatifida) | Wakame Seaweed,2,"2,4,6-trinitrobenzene sulfonate(TNBS) method | Cushman and Cheung (1971)",是,是
PYVRYL,1.9 | 2.4,8,Enzymatic-hydrolysis (Hydrolysis with pepsin) | Milk | Milk (Caprine Kefir) | Milk (caprine kefir) | Milk proteins | Milk-Cheese (Goat milk protein and cheeses) | Milk-Cheese (Sheep milk and cheeses proteins) | Αs2-CN f,2,"ACE inhibitory assay kit (ACE kit-WST, Dojindo Lab | Cushman and Cheung (1971)",是,是
VIY,1448.61 | 243.977 | 4.5 | 7.5,8,Bulfrog (Rana catesbeiana Shaw) muscle protein | Cereals storage protein | Fish skin | Sea-bream scales hydrolysate | Sea-bream skin | Sesame | Sesame (Sesamum indicum) | Sesame protein hydrolysate,2,Cushman and Cheung (1971) | Friedland and Silverstein (1976),是,是
AI,3.41 | 3411.62 | 3415.84 | 690,7,Cereals (Steamed soybean mixed with roasted wheat) | Cereals storage protein | Pork sarcoplasmic proteins | Soybean | Soybean (Glycine max - Fermented soybean seasoning) | Soybean (Soy sauce) | Soybean Sauce,2,"ACE color kit (Fujirebio Corp., Tokyo, Japan), Ka | Kasahara and Ashihara (1981)",是,是
EY,1289.03 | 2.68,7,Bovine b-casein | Bovine lactoferrin (Bos taurus) | Cereals storage protein | Chicken (Gallus gallus) | Fish (Shark meat hydrolysate) | Fish (Shark meat) | Fish (Shark),2,Cushman and Cheung (1971) | He et al.,是,是
FQP,0 | 12,7,Actin | Amaranth (Amaranthus hypochondriacus) | Cereals (Wheat (Alpha/beta-wheat gliadin)) | Cereals storage protein | Fish (Bonito (Sarda - dried bonito (katsuobusi))) | Fish (Dried Bonito) | Fish (Dried bonito),2,"Cushman and Cheung (1971) | Cushman and Cheung (1971), Yamamoto and others",是,是
MAIPPKK,117.342 | 4785,7,Bovine k-casein macropeptide | CMP f | Casein (Caseinomacropeptide) | Enzymatic-hydrolysis (Hydrolysis with trypsin (casein macropeptide)) | Milk proteins | Milk-Cheese (Goat milk protein and cheeses) | Milk-Cheese (Sheep milk and cheeses proteins),2,Atherton and Sheppard (1989) | Cushman and Cheung (1971),是,是
YQKFPQY,20.08 | 20.1 | 98.0989,7,Casein | Enzymatic-hydrolysis (Hydrolysis with pepsin) | Milk (Yak milk casein) | Milk proteins | Milk-Cheese (Goat milk protein and cheeses) | Miso paste with casein | Αs2-CN f,2,Cushman and Cheung (1971) | Vermeirssen et al.,是,是
AIP,350 | 670,6,Amaranth (Amaranthus hypochondriacus) | Casein (Beta Casein) | Milk | Milk (bovine lactoglobulin) | Milk (human casein) | Milk derived,2,Cushman and Cheung (1971) | Kasahara and Ashihara (1981),是,是
AKK,3.1 | 3.13 | 3.2,6,Bovine b-casein | Chicken (Myosin skeletal muscles of chicken) | Fish (Sardine (Sardina pilchardus muscle)) | Fish (Sardine muscle) | Fish (Sardine) | Synthesized,2,"2,4,6-trinitrobenzene sulfonate(TNBS) method | Cushman and Cheung (1971)",是,是
GEP,0.04 | 0.31 | 132.846 | 3200,6,Chicken (Gallus gallus) | Fungi (Mushroom (Hypsizygus marmoreus)) | Fungi (Mushroom (Tricholoma giganteum)) | Fungi (Mushroom Tricholoma Giganteum) | Fungi (Mushroom Tricholoma giganteum) | Milk,2,"ACE inhibitory assay kit (ACE kit-WST, Dojindo Lab | Cushman and Cheung (1971)",是,是
IQP,3.8 | 5.77,6,Algae (Spirulina platensis) | Cereals (Wheat (Triticum aestivum wheat bran)) | Cereals (Wheat bran) | Cereals storage protein | Milk derived | Nori (Porphyra yezoensis),2,Cushman and Cheung (1971) | Modified Lieberman’s method,是,是
IRP,1.8 | 1.9,6,Cereals (Finnish) | Chicken (Gallus gallus) | Egg proteins | Fish (Bonito (Sarda bowel autolysate)) | Fish (Bonito bowel) | Milk,2,"Cushman and Cheung (1971) | Cushman and Cheung (1971), Maruyama and Suzuki",是,是
IVGRPRHQG,2.4 | 6.2,6,Actin | Chicken muscle | Fish (Bonito (Sarda - dried bonito (katsuobusi))) | Fish (Dried Bonito) | Fish (Dried bonito hydrolysate) | Fish (Dried bonito),2,"Cushman and Cheung (1971) | Cushman and Cheung (1971), Yamamoto and others",是,是
MAW,16.32 | 2927.43 | 6.1 | 8.55049,6,Cuttlefish | Cuttlefish (Muscle of cuttlefish) | Cuttlefish (Sepia officinalis) | Cuttlefish muscle | Cuttlefish muscle proteins | Cuttlefish skin gelatin,2,Cushman and Cheung (1971) | Nakamura et al. (1995),是,是
MNPPK,945.5 | 954.99,6,Meat (porcine muscle) | Porcine Skeletal Muscle Myosin | Porcine myosin | Porcine myosin hydrolysate | Porcine skeletal muscle | Pork skeletal muscle proteins,2,"Cushman and Cheung (1971) | Cushman and Cheung (1971), Yamamoto and others",是,是
VIIF,16.32 | 2425.4 | 6.0241 | 8.7,6,Cuttlefish | Cuttlefish (Muscle of cuttlefish) | Cuttlefish (Sepia officinalis) | Cuttlefish muscle | Cuttlefish muscle proteins | Cuttlefish skin gelatin,2,Cushman and Cheung (1971) | Nakamura et al. (1995),是,是
VLIVP,1.69 | 4.2,6,Glycinin from soybean | Protease P | Soybean | Soybean (Glycine max) | Soybean glycinin | Soybean-derived,2,"Cushman and Cheung (1971) | Wu and Ding, 2002",是,是
WLAHK,176.4 | 77,6,Alpha-Lactoglobulin | Bovine b-casein | Milk | Milk (caprine whey) | Whey (Whole whey protein) | Whey protein,2,Holmquist et al. (1979) | Vermeirssen et al.,是,是
IWHHT,5.1 | 5.8,5,Fish (Bonito (Sarda - dried bonito (katsuobusi))) | Fish (Dried Bonito) | Fish (Dried bonito hydrolysate) | Fish (Dried bonito) | Meat protein,2,"Cushman and Cheung (1971) | Cushman and Cheung (1971), Yamamoto and others",是,是
LPLP,703 | 720,5,Bovine (Bos taurus) b-caseins | Human (Human Beta Casein) | Human (Synthetic peptide of Human beta casein) | Milk | Milk (human β casein),2,"Cushman and Cheung (1971), Gonzalez-Gonzalez et al | Kasahara and Ashihara (1981)",是,是
MY,193 | 194.98,5,Amaranth (Amaranthus hypochondriacus) | Cereals storage protein | Fish (Sardine (Sardina pilchardus muscle)) | Fish (Sardine muscle) | Fish (Sardine),2,"2,4,6-trinitrobenzene sulfonate(TNBS) method | Cushman and Cheung (1971)",是,是
VYAP,2653.17 | 6.1 | 8.7,5,Cuttlefish | Cuttlefish (Muscle of cuttlefish) | Cuttlefish (Sepia officinalis) | Cuttlefish muscle | Cuttlefish muscle proteins,2,Cushman and Cheung (1971) | Nakamura et al. (1995),是,是
WL,29.9 | 65,5,"Soybean (Fermented soybean) | Soybean (Glycine max fermented food, tofuyo) | Soybean (Glycine max) | Soybean (Tofoyu) | Soybean (tofuyo fermented soybean food)",2,Cushman and Cheung (1971) | Lieberman's method,是,是
AHLL,0.510441 | 1325.82 | 40.2166,4,Fish (Loach meat) | Fish muscle proteins | Loach meat | Loach muscle,2,"HPLC method by Wu,Aluko and Muir | Shalaby et al. (2006)",是,是
CF,1.96 | 1.98 | 1490.7,4,Fish (Shark meat hydrolysate) | Fish (Shark meat) | Fish (Shark) | Pork sarcoplasmic proteins,2,Cushman and Cheung (1971) | He et al.,是,是
FFVAP,503.51 | 6,4,Bovine casein proteins | Casein | Human (Synthetic peptide of Human beta casein) | Milk (bovine casein),2,Cushman and Cheung (1971) | Kasahara and Ashihara (1981),是,是
GPL,2.55 | 2.6 | 2.65,4,Bovine skin gelatin | Fish (Alaska pollack (Theragra chalcogramma)) | Fish skin | Gelatin hydrolysate,2,Cushman and Cheung (1971) | He et al.,是,是
LKY,0.78 | 10.1,4,Antarctic krill (Euphausia superba) | Sesame | Sesame (Sesamum indicum) | Sesame protein hydrolysate,2,Friedland and Silverstein (1976) | Holmquist et al. (1979),是,是
MKPWIQPK,300 | 450,4,Enzymatic-hydrolysis (Hydrolysis with a proteinase from L. helveticus CP790) | Milk (Sodium caseinate) | Milk proteins | Αs2-CN f,2,Cushman and Cheung (1971) | Holmquist et al. (1979),是,是
MRW,0.6 | 58,4,Spinach | Spinach (Spinacia oleracea) | Spinach Rubisco | Spinach rubisco,2,"Cushman and Cheung (1971) | Cushman and Cheung (1971), Maruyama and Suzuki",是,是
RFH,330 | 331,4,Chicken (Gallus gallus) | Fish (Sardine (Sardina pilchardus muscle)) | Fish (Sardine muscle) | Fish (Sardine),2,"2,4,6-trinitrobenzene sulfonate(TNBS) method | Cushman and Cheung (1971)",是,是
TGPIPN,316 | 528.72,4,Milk (Goat milk hydrolysate) | Milk (Goat milk protein) | Milk (goat) | Milk-Cheese (Goat milk protein and cheeses),2,"Cushman and Cheung (1971) | Wu J et al., 2002",是,是
FKGRYYP,0.55 | 2.33,3,Chicken muscle | Creatine kinase | Food-protein,2,"Cushman and Cheung (1971) | Cushman and Cheung (1971), Yamamoto and others",是,是
MLLCS,0.828 | 2068.09 | 24.7 | 688.559 | 98.8701,3,Ascidian body | Sea-squirt | Sea-squirt body,2,Cushman and Cheung (1971) | Kim et al. 2001,是,是
MRWRD,2.09 | 2.1,3,Spinach | Spinach (Spinacia oleracea) | Spinach Rubisco,2,"Cushman and Cheung (1971) | Cushman and Cheung (1971), Maruyama and Suzuki",是,是
SLPQ,330 | 744.081,3,Milk (Goat milk hydrolysate) | Milk (goat) | Milk-Cheese (Goat milk protein and cheeses),2,"Cushman and Cheung (1971) | Wu J et al., 2002",是,是
SQPK,354 | 772.066,3,Milk (Goat milk hydrolysate) | Milk (goat) | Milk-Cheese (Goat milk protein and cheeses),2,"Cushman and Cheung (1971) | Wu J et al., 2002",是,是
VLAQYK,0 | 32.0527 | 32.1833,3,Beef (Biceps femoris) | Beef rump | Meat products,2,"Cushman and Cheung (1971) | Cushman and Cheung (1971), Maruyama and Suzuki",是,是
VWDPPKFD,230.782 | 280.591 | 363.865 | 363865 | 9.1,3,Cuttlefish muscle | Fish (Salmon pectoral fin) | Fish (Salmon),2,Cushman and Cheung (1971) | Vermeirssen et al.,是,是
FE,1.45 | 1359.11,2,Fish (Shark meat) | Fish (Shark),2,Cushman and Cheung (1971) | He et al.,是,是
FEDYVPLSCF,10.77 | 296.186 | 299.335 | 299335 | 360.111,2,Fish (Salmon pectoral fin) | Fish (Salmon),2,Cushman and Cheung (1971) | Vermeirssen et al.,是,是
FNVPLYE,1149.27 | 414.302 | 7.72 | 945.257,2,Fish (Salmon pectoral fin) | Fish (Salmon),2,Cushman and Cheung (1971) | Vermeirssen et al.,是,是
GHF,1001 | 1100,2,Fish (Bonito (Sarda bowel autolysate)) | Fish (Bonito bowel),2,"Cushman and Cheung (1971) | Cushman and Cheung (1971), Maruyama and Suzuki",是,是
GPCSR,275.8 | 61.67,2,Sweet-potato | Sweet-potato tuber defensin,2,"ACE inhibitory assay kit (ACE kit-WST, Dojindo Lab | TLC (Holmquist et al., 1979)",是,是
GTEKC,275.8 | 61.67,2,Sweet-potato | Sweet-potato tuber trypsin inhibitor,2,"ACE inhibitory assay kit (ACE kit-WST, Dojindo Lab | TLC (Holmquist et al., 1979)",是,是
IAYKPAG,4.17 | 4.2,2,Spinach (Spinacia oleracea) | Spinach Rubisco,2,"Cushman and Cheung (1971) | Cushman and Cheung (1971), Maruyama and Suzuki",是,是
RPKHPI,40.3 | 40.74,2,Cheese (Cheddar (with probiotics)) | Milk (Sodium caseinate),2,Cushman and Cheung (1971) | Holmquist et al. (1979),是,是
TVDQHQ,183.5 | 288.4 | 289.65,2,Milk (Sodium caseinate) | Milk-Cheese (Goat milk protein and cheeses),2,"Cushman and Cheung (1971) | Wu J et al., 2002",是,是
VEGY,128.4 | 128.425 | 3151.19,2,Marine algae | Marine seaweed protein,2,Cushman and Cheung (1971) | Kim et al. 2001,是,是
VPP,9 | 9.13,23,Amaranth (Amaranthus hypochondriacus) | Bovine (Bos taurus) b-caseins | Bovine Beta Casein5 | Casein | Casein (Beta Casein) | Casein (Β-casein) | Casein β-lg f | Cereals (Rye) | Cereals (Wheat (Gamma-gliadin from wheat (Triticum aestivum))) | Cereals storage protein | Cheese (Swiss) | Chicken (Gallus gallus) | Fermentation with L. helveticus and S. cerevisiae | Lactobacillus helveticus milk | Milk | Milk (Fermented Milk) | Milk (Skimmed milk) | Milk (b-casein) | Milk (sour milk) | Milk derived | Milk proteins | Sour milk | Β-CN f,1,Cushman and Cheung (1971),是,否
YW,10.5 | 43.6 | 8.2,14,Bovine b-casein | Casein | Cereals (Sake (Japanese alcoholic beverage made from rice)) | Cereals storage protein | Chicken connectin | Legume (Mung bean sprout sake) | Legume (Pea proteins) | Legumin | Milk | Oat | Sake | Sake and sake lees | Sake lees | Soybean Protein,1,Cushman and Cheung (1971),是,否
LLF,203.826 | 3.5 | 79.8 | 82.4,11,Cereals storage protein | Enzymatic-hydrolysis (Hydrolysis with thermolysin) | Milk (caprine lactoglobulin) | Milk proteins | Milk-Cheese (Sheep milk and cheeses proteins) | Soybean proteins | Synthetic | Whey | Whey protein (Beta Lactoglobulin) | Β-Lg f | Βeta-lactoglobulin,1,Cushman and Cheung (1971),是,否
GF,2564.79 | 275.42 | 277.9 | 630 | 708,10,Bovine lactoferrin (Bos taurus) | Cereals storage protein | Fish (Carp (Cyprinus carpio) parvalbumin) | Fish (Sea bream scale) | Fish skin | Garlic | Garlic (Allium sativum L) | Garlic (Allium sativum) | Pork sarcoplasmic proteins | Sea-bream scales hydrolysate,1,Cushman and Cheung (1971),是,否
IAK,15.7 | 15700,10,Egg (Ovine milk) | Enzymatic-hydrolysis (Hydrolysis with digestive enzymes) | Milk (Ovine milk product) | Milk (Ovine milk proteins) | Milk (bovine lactoglobulin) | Milk Casein derived | Milk proteins | Milk-Cheese (Sheep milk and cheeses proteins) | Pork sarcoplasmic proteins | Κ-CN f,1,Cushman and Cheung (1971),是,否
KW,1.63 | 10.8 | 7.8,9,Bovine b-casein | Cereals storage protein | Chicken (Gallus gallus) | Fish (Sardine (Sardina pilchardus muscle)) | Fish (Sardine muscle) | Milk | Pork sarcoplasmic proteins | Synthesized | Wakame (Undaria pinnatifida),1,Cushman and Cheung (1971),是,否
GI,1200 | 1300,8,Anchovy (sauce) | Bovine b-casein | Bovine lactoferrin (Bos taurus) | Cereals (Wheat (Gamma-gliadin from wheat (Triticum aestivum))) | Cereals storage protein | Chicken (Gallus gallus) | Fish (Carp (Cyprinus carpio) parvalbumin) | Pork sarcoplasmic proteins,1,Cushman and Cheung (1971),是,否
KVLPVP,4.6 | 5,8,Bovine (Bos taurus) b-caseins | Casein | Casein (Β-casein) | Casein hydrolysate | Clostripain | Enzymatic-hydrolysis (Hydrolysis with a proteinase from L. helveticus CP790) | Milk proteins | Β-CN f,1,Cushman and Cheung (1971),是,否
LQKW,3.5 | 34.7 | 35 | 54.2 | 82.4,8,Enzymatic-hydrolysis (Hydrolysis with thermolysin) | Milk (caprine lactoglobulin) | Milk proteins | Milk-Cheese (Sheep milk and cheeses proteins) | Synthetic | Whey protein (Beta Lactoglobulin) | Α-Lg f | Βeta-lactoglobulin,1,Cushman and Cheung (1971),是,否
LVYPFPGPIPNSLPQNIPP,5 | 5.2 | 5.3,8,Bovine (Bos taurus) b-caseins | Fermentation with E. faecalis | Fermented milk with Enterococcus faecalis | Milk | Milk (Fermented Milk) | Milk (Sodium caseinate) | Milk proteins | Β-CN f,1,Cushman and Cheung (1971),是,否
VRGPFPIIV,395 | 599 | 630,8,Bovine (Bos taurus) b-caseins | Casein derived | Fermentation with E. faecalis | Milk | Milk (Bovine skim milk) | Milk (Fermented Milk) | Milk proteins | Β-CN f,1,Cushman and Cheung (1971),是,否
AA,51.4 | 620,7,Bovine lactoferrin (Bos taurus) | Cereals (Wheat (Gamma-gliadin from wheat (Triticum aestivum))) | Cereals storage protein | Chicken (Gallus gallus) | Fish (Carp (Cyprinus carpio) parvalbumin) | Pork (Sus domesticus skeletal muscle) | Pork sarcoplasmic proteins,1,Sentandreu and Toldra (2006),是,否
ALPMHIR,42.6 | 43 | 62.6,7,Bovine whey proteins | Milk | Milk (bovine lactoglobulin) | Milk-Cheese (Sheep milk and cheeses proteins) | Whey | Whey protein (Beta Lactoglobulin) | Whey protein b-lacotglobulin,1,Cushman and Cheung (1971),是,否
GTW,464 | 464.4 | 464.6,7,Casein β-lg f | Milk | Milk (Digested milk products) | Milk (Fermented Milk) | Milk proteins | Whey (Whole whey protein) | Β-Lg f,1,Cushman and Cheung (1971),是,否
LHLPLPL,425 | 432.7,7,Fermentation with E. faecalis | Milk | Milk (Bovine skim milk) | Milk (Fermented Milk) | Milk (Goat milk protein) | Milk proteins | Β-CN f,1,Cushman and Cheung (1971),是,否
MIFPGAGGPEL,0.03 | 26.3 | 26.3716 | 26.3787 | 430.769 | 811.365,7,Fish (Yellowfin sole (Limanda aspera)) | Fish (Yellowfin sole frame protein hydrolysate) | Fish (Yellowfin sole frame protein) | Fish (Yellowfin sole frame) | Fish (Yellowfin sole protein hydrolysate) | Fish (Yellowfin sole) | Fish bone,1,Cushman and Cheung (1971),是,否
VSP,10 | 21.8,7,Alpha-zein | Amaranth (Amaranthus hypochondriacus) | Cereals (Maize (Zea mays)) | Cereals storage protein | Milk | Milk (bovine lactoglobulin) | Pork sarcoplasmic proteins,1,Cushman and Cheung (1971),是,否
HHL,2.2 | 21.8 | 5.42594 | 5.4321,6,Soybean (Fermented soybean paste) | Soybean (Glycine max) | Soybean (Korean fermented soybean paste) | Soybean (Korean fermented soybean) | Soybean-derived | WIPO,1,Cushman and Cheung (1971),是,否
LAMA,1062 | 556,6,Amaranth (Amaranthus hypochondriacus) | Cereals (Wheat (Gamma-gliadin from wheat (Triticum aestivum))) | Cereals storage protein | Milk | Whey protein | Whey protein (Beta Lactoglobulin),1,Vermeirssen et al.,是,否
LVYPFTGPIPN,27.9 | 27900,6,Egg white protein | Milk (Caprine Kefir) | Milk (caprine kefir) | Milk proteins | Milk-Cheese (Goat milk protein and cheeses) | Β-CN f,1,Cushman and Cheung (1971),是,否
AYFYPEL,6.58 | 6.6,5,Casein | Enzymatic-hydrolysis (Hydrolysis with pepsin) | Milk proteins | Miso paste with casein | Αs1-CN f,1,Cushman and Cheung (1971),是,否
EMPFPK,423 | 443.75 | 576.294,5,Bovine (Bos taurus) b-caseins | Bovine milk protein | Milk | Milk (Goat milk protein) | Milk (bovine),1,Cushman and Cheung (1971),是,否
GR,162.2 | 3200,5,Bovine lactoferrin (Bos taurus) | Cereals storage protein | Chicken (Gallus gallus) | Pork (Sus domesticus skeletal muscle) | Pork sarcoplasmic proteins,1,Sentandreu and Toldra (2006),是,否
IAP,2.7 | 25120 | 2692,5,Cereals (Wheat (gliadin)) | Cereals (Wheat Gliadin) | Cereals (Wheat gliadin hydrolysate) | Cereals (Wheat gliadin) | Cereals storage protein,1,Friedland and Silverstein (1976),是,否
KKYNVPQL,77.1 | 77.2 | 77100,5,Cheese (Manchego cheese) | Cheese (Manchego) | Milk Casein derived | Milk-Cheese (Sheep milk and cheeses proteins) | Αs1-CN f,1,Cushman and Cheung (1971),是,否
LHP,2107.11 | 3201.71,5,Marine shrimp meat | Shrimp | Shrimp hydrolysate | Shrimp meat | Soybean whey proteins,1,Cushman and Cheung (1971),是,否
PPK,1000 | 1001,5,Cereals storage protein | Chicken (Gallus gallus) | Porcine Skeletal Muscle Myosin | Porcine myosin | Porcine skeletal muscle protein,1,Cushman and Cheung (1971),是,否
AAP,0 | 30,4,Amaranth (Amaranthus hypochondriacus) | Casein | Chicken (Myosin skeletal muscles of chicken) | Milk (bovine casein),1,Cushman and Cheung (1971),是,否
ALPHA,10 | 79,4,Fish (Bonito (Sarda - dried bonito (katsuobusi))) | Fish (Bonito (Sarda bowel)) | Fish (Dried Bonito) | Fish (Dried bonito),1,Cushman and Cheung (1971),是,否
ALPP,0 | 280,4,Amaranth (Amaranthus hypochondriacus) | Casein (Beta Casein) | Human (Synthetic peptide of Human beta casein) | Milk (human β casein),1,Kasahara and Ashihara (1981),是,否
FPEVFGK,140 | 90.6,4,Milk (Bovine skim milk) | Milk (Digested milk products) | Milk (bovine casein) | Whey protein hydrolysate,1,Cushman and Cheung (1971),是,否
HPHPHLSF,28.9 | 28900,4,Enzymatic-hydrolysis (Hydrolysis with digestive enzymes) | Milk Casein derived | Milk proteins | Κ-CN f,1,Cushman and Cheung (1971),是,否
IQY,2.8 | 2.9,4,Cereals storage protein | Egg proteins | Meat protein | Milk derived,1,"Cushman and Cheung (1971), Majumder & Wu (2009)",是,否
IYPRY,4.1 | 6.3 | 8.5,4,Casein | Cereals (Sake (Japanese alcoholic beverage made from rice)) | Sake | Sake and sake lees,1,Cushman and Cheung (1971),是,否
LNVPGEIVE,300 | 300.1,4,Bovine (Bos taurus) b-caseins | Milk (Fermented Milk) | Milk (fermented milk) | Whey protein hydrolysate,1,Cushman and Cheung (1971),是,否
MEGAQEAQGD,0.11119 | 15.9 | 15.9413 | 594.174,4,Sea-cucumber | Sea-cucumber (Acaudina molpadioidea) | Sea-cucumber flesh | Sea-cucumber hydrolysate,1,Cushman and Cheung (1971),是,否
NIPPLTQTPV,173 | 173.3,4,Bovine (Bos taurus) b-caseins | Milk (Fermented Milk) | Milk (fermented milk) | Whey protein hydrolysate,1,Cushman and Cheung (1971),是,否
PTHIKWGD,0.9 | 1 | 1.5 | 8,4,Fish (Bonito muscle) | Fish (Tuna (Neothunnus macropterus muscle)) | Fish (Tuna muscle) | Synthesized,1,Cushman and Cheung (1971),是,否
QLGFLGPR,148 | 240.151 | 766.586,4,Fish (Salmon pectoral fin) | Fish (Skate skin hydrolysate) | Fish (Skate skin) | Fish skin,1,Cushman and Cheung (1971),是,否
RLSGQTIEVTSEYLFRH,1079 | 559.575,4,Fungi (Mushroom (Branched Oyster Mushroom (Pleurotus cornucopiae))) | Fungi (Mushroom (Pholiota adiposa)) | Fungi (Mushroom (Pleurotus cornucopiae)) | Fungi (Pleurotus cornucopiae),1,Cushman and Cheung (1971),是,否
SLVYP,40 | 44.89,4,"Bovine (Bos taurus) b-caseins | Bovine Beta Casein3 | Milk | Milk (bovine, buffalo and ovine β-casein)",1,Kasahara and Ashihara (1981),是,否
VKP,105.128 | 3.7 | 58.51,4,Fresh water clam (Corbicula fluminea) | Fresh water clam solid wastes | Hard clam mantle | Soybean whey proteins,1,Cushman and Cheung (1971),是,否
VVYPWTQRF,5.5 | 66,4,Oyster | Oyster mantle | Oyster protein hydrolysate | Oyster(Crassostrea talienwhanensis Crosse),1,Cushman and Cheung (1971),是,否
WQVLPNAVPAK,10.1 | 10100,4,Enzymatic-hydrolysis (Hydrolysis with digestive enzymes) | Milk Casein derived | Milk proteins | Κ-CN f,1,Cushman and Cheung (1971),是,否
YAKPVA,14.3 | 14300,4,Enzymatic-hydrolysis (Hydrolysis with digestive enzymes) | Milk Casein derived | Milk proteins | Κ-CN f,1,Cushman and Cheung (1971),是,否
DDTGHDFEDTGEAM,409.224 | 9.63589 | 9.64,3,Marine Rotifer | Marine rotifer body | Rotifer body,1,Cushman and Cheung (1971),是,否
DKIHP,113 | 113.1,3,Cheese (Manchego cheese) | Milk-Cheese (Goat milk protein and cheeses) | Milk-Cheese (Sheep milk and cheeses proteins),1,Cushman and Cheung (1971),是,否
FSY,180.527 | 2.2 | 61.3792,3,Fish (Northern Shrimp head and scales shells) | Shrimp by-product | Shrimp heads and Scales,1,Vermeirssen et al.,是,否
FTY,2.09561 | 59.3 | 81.4958,3,Fish (Northern Shrimp head and scales shells) | Shrimp by-product | Shrimp heads and Scales,1,Vermeirssen et al.,是,否
FW,3.9 | 5.9,3,Cereals (Barley protein B-Hordein) | Egg proteins | Legume (Pea proteins),1,Cushman and Cheung (1971),是,否
GPPP,0.86 | 3711.59,3,Fish (Catfish muscle) | Fish (Catfish sarcoplasmic protein) | Fish muscle proteins,1,Shalaby et al. (2006),是,否
GPV,4.67 | 4.7,3,Bovine (Bos taurus) b-caseins | Bovine skin gelatin | Cereals storage protein,1,Cushman and Cheung (1971),是,否
GRVMP,179.67 | 250,3,Human (Human Beta Casein) | Human (Synthetic peptide of Human beta casein) | Milk (human β casein),1,Kasahara and Ashihara (1981),是,否
HQIYP,110 | 71.5,3,Human (Human Beta Casein) | Human (Synthetic peptide of Human beta casein) | Milk (human β casein),1,Kasahara and Ashihara (1981),是,否
HWTTQR,1570 | 1570.34 | 1739.34,3,Fish (Seaweed pipefish) | Fish muscle proteins | Seaweed pipefish muscle,1,Cushman and Cheung (1971),是,否
KDERF,431.15 | 848,3,Egg (Ovine milk) | Milk (Ovine milk product) | Milk (Ovine milk proteins),1,Cushman and Cheung (1971),是,否
LALPP,0 | 790 | 794.33,3,Casein (Beta Casein) | Human (Synthetic peptide of Human beta casein) | Milk (human β casein),1,Kasahara and Ashihara (1981),是,否
LIY,0.8 | 0.82,3,Human A2-macroglobulin | Human α2-macroglobulin | Synthesized,1,Cushman and Cheung (1971),是,否
LLNPPHQIYP,0 | 9.6,3,Casein (Beta Casein) | Human (Synthetic peptide of Human beta casein) | Milk (human β casein),1,Kasahara and Ashihara (1981),是,否
LNPPHQIYP,0 | 25,3,Casein (Beta Casein) | Human (Synthetic peptide of Human beta casein) | Milk (human β casein),1,Kasahara and Ashihara (1981),是,否
PFFDPQIP,0 | 410,3,Casein (Beta Casein) | Human (Synthetic peptide of Human beta casein) | Milk (human β casein),1,Kasahara and Ashihara (1981),是,否
PGPLGLTGP,215.301 | 841.647 | 95,3,Fish (Skate skin hydrolysate) | Fish (Skate skin) | Fish skin,1,Cushman and Cheung (1971),是,否
PPHQIYP,0 | 22,3,Casein (Beta Casein) | Human (Synthetic peptide of Human beta casein) | Milk (human β casein),1,Kasahara and Ashihara (1981),是,否
PQEVLP,800 | 910,3,Human (Human Beta Casein) | Human (Synthetic peptide of Human beta casein) | Milk (human β casein),1,Kasahara and Ashihara (1981),是,否
PQNILP,177.33 | 440,3,Human (Human Beta Casein) | Human (Synthetic peptide of Human beta casein) | Milk (human β casein),1,Kasahara and Ashihara (1981),是,否
PQPIP,340 | 407,3,Human (Human Beta Casein) | Human (Synthetic peptide of Human beta casein) | Milk (human β casein),1,Kasahara and Ashihara (1981),是,否
RLPSEFDLSAFLRA,283.452 | 52,3,Fungi (Mushroom (Branched Oyster Mushroom (Pleurotus cornucopiae))) | Fungi (Mushroom (Pleurotus cornucopiae)) | Fungi (Pleurotus cornucopiae),1,Cushman and Cheung (1971),是,否
TFPHGP,833 | 91.3978 | 946.97,3,Fish (Seaweed pipefish) | Fish muscle proteins | Seaweed pipefish muscle,1,Cushman and Cheung (1971),是,否
VAGTW,1054 | 534 | 876.33,3,Milk | Whey protein | Whey protein (Beta Lactoglobulin),1,Vermeirssen et al.,是,否
VKK,1045 | 58.51 | 96.3855,3,Fresh water clam (Corbicula fluminea) | Fresh water clam solid wastes | Hard clam mantle,1,Cushman and Cheung (1971),是,否
YIPIQYVLSR,132.5 | 174.5,3,A-casein | Milk | Milk (bovine lactoglobulin),1,Cushman and Cheung (1971),是,否
AFL,63.8 | 65.2,2,Algae (Chlorella vulgaris) | Shrimp (Acetes chinensis),1,Cushman and Cheung (1971),是,否
AHEPVK,62.8 | 63,2,Fungi (Agaricus bisporus) | Fungi (Mushroom (P.Cystidiosus)),1,"ACE inhibitory assay kit (ACE kit-WST, Dojindo Lab",是,否
GEGGP,106.28 | 254,2,Fungi (Mushroom (Tricholoma giganteum)) | Pholiota adiposa,1,Cushman and Cheung (1971),是,否
IRAQQ,160 | 4.2 | 81,2,A-zein hydrolysate | Cereals (Maize (Zea mays)),1,Cushman and Cheung (1971),是,否
LVYPFPGP,165.681 | 181.97,2,Milk (Sodium caseinate) | Milk-Cheese (Goat milk protein and cheeses),1,Cushman and Cheung (1971),是,否
PANIKWGD,21 | 31.16,2,Casein (Beta Casein) | Pork (Sus domesticus muscle),1,Cushman and Cheung (1971),是,否
PPPVHL,0 | 109.65 | 110,2,Cereals (Maize (Zea mays)) | Cereals (Maize endosperm),1,Cushman and Cheung (1971),是,否
RALP,650 | 970,2,Rapeseed protein | Rapeseed proteins,1,Holmquist et al. (1979),是,否
RPK,36.7 | 91.8171,2,Milk-Cheese (Goat milk protein and cheeses) | Milk-Cheese (Sheep milk and cheeses proteins),1,Vermeirssen et al.,是,否
VRGPFP,505.28 | 592,2,Cheese (Manchego cheese) | Milk (Bovine skim milk),1,Cushman and Cheung (1971),是,否
VVYPW,0.36 | 383.228,2,Bulfrog (Rana catesbeiana Shaw) muscle protein | Porcine blood,1,Spectrophotometric method by Matzui et al.,是,否
YALPHA,22.87 | 9.8,2,Squid (Todarodes pacificus) | Squid liver and mantle muscle,1,Hayakari et al. (1978),是,否
YGFLP,232.33 | 260,2,Human (Human Beta Casein) | Human (Synthetic peptide of Human beta casein),1,Kasahara and Ashihara (1981),是,否
YG,1522 | 1523,9,Alpha-Lactoglobulin | Alpha-lactalbumin and Beta Lactoglobulin | Amaranth (Amaranthus hypochondriacus) | Bovine b-casein | Bovine lactoferrin (Bos taurus) | Cereals storage protein | Chicken (Gallus gallus) | Milk | Pork sarcoplasmic proteins,0,,是,否
GQ,1910 | 7000,6,Bovine lactoferrin (Bos taurus) | Cereals (Wheat (Gamma-gliadin from wheat (Triticum aestivum))) | Cereals storage protein | Chicken (Gallus gallus) | Legumin | Pork sarcoplasmic proteins,0,,是,否
SKVYP,1.4 | 2530.83,4,Casein (Beta Casein) | Milk | Milk (Fermented Milk) | Milk and colostrum,0,,是,否
MKG,24 | 71.8,3,Casein β-lg f | Milk derived | Whey protein (Beta Lactoglobulin),0,,是,否
AYFYP,1001 | 500,2,A-casein | Milk,0,,是,否
AYFYPE,106 | 116,2,Casein | Milk,0,,是,否
SKVYPFPGPI,1.7 | 1539.42,2,Milk (Fermented Milk) | Milk and colostrum,0,,是,否
YPFPGPI,299.25 | 500,2,Bovine (Bos taurus) b-caseins | Bovine casein proteins,0,,是,否
EVMAGNLYPG,18.4 | 18.4157,1,Blue mussel (Mytilus edulis),1,Cushman and Cheung (1971),否,否
GPAGAPGAA,37 | 37.15,1,Gelatin,1,"Using the synthetic substrate, benzoyl-Gly-Gly-Gly",否,否
GPP,23.1 | 23.2083 | 23.2342,1,Cereals (Buckwheat),1,Cushman and Cheung (1971),否,否
HPIKH,1258.93 | 1269.2,1,Milk (Sodium caseinate),1,Cushman and Cheung (1971),否,否
IAIPP,600 | 900,1,Milk (human casein),1,Kasahara and Ashihara (1981),否,否
IGSENSEKTTMP,773 | 773.1,1,Milk (bovine sodium caseinate),1,Cushman and Cheung (1971),否,否
IRPVQ,1.4 | 1.41,1,Fish (Bonito (Sarda bowel)),1,Cushman and Cheung (1971),否,否
IRY,0.59 | 0.6,1,Egg proteins,1,"Cushman and Cheung (1971), Majumder & Wu (2009)",否,否
LHLPAP,4.2 | 6,1,Milk (β-casein),1,Sentandreu and Toldra (2006),否,否
LRW,0 | 0.23,1,Legume (Pea proteins),1,Cushman and Cheung (1971),否,否
LVRT,1000 | 2470,1,Milk (caprine lactoglobulin),1,Cushman and Cheung (1971),否,否
MDFLI,0.01 | 172.471,1,Chickpea (legumin fraction),1,Hayakari et al. (1978),否,否
PTHIDW,12.88 | 13,1,Fish (Tuna (Neothunnus macropterus muscle)),1,Cushman and Cheung (1971),否,否
PTHIKW,1.8 | 1.82,1,Fish (Tuna (Neothunnus macropterus muscle)),1,Cushman and Cheung (1971),否,否
PTHIKWG,7.59 | 7.6,1,Fish (Tuna (Neothunnus macropterus muscle)),1,Cushman and Cheung (1971),否,否
PTHVAW,1.5 | 1.51,1,Fish (Tuna (Neothunnus macropterus muscle)),1,Cushman and Cheung (1971),否,否
SKVPP,74.13 | 74.22,1,Fish (Skipjack tuna (Katsuwonus pelamis-Indonesian dried salted fish)),1,Cushman and Cheung (1971),否,否
VAWKL,31.62 | 31.97,1,Fish (Skipjack tuna (Katsuwonus pelamis-Indonesian dried salted fish)),1,Cushman and Cheung (1971),否,否
VGLPIF,30.9 | 39.1628,1,Small red bean (Vigna angularis),1,Cushman and Cheung (1971),否,否
VKAGF,20.3 | 83,1,Porcine myosin B,1,"Cushman and Cheung (1971), Katayama et al. 2004",否,否
VMDKPQG,38.9 | 39,1,Soybean,1,Cushman and Cheung (1971),否,否
VVPPA,79.43 | 79.5,1,Algae (Chlorella vulgaris),1,Cushman and Cheung (1971),否,否
WSKVVL,154.88 | 156.28,1,Fish (Skipjack tuna (Katsuwonus pelamis-Indonesian dried salted fish)),1,Cushman and Cheung (1971),否,否
YPK,25.8315 | 25.8621,1,Broccoli (Brassica oleracea Italica),1,Cushman and Cheung (1971),否,否
DW,13 | 257.93,1,Synthesized,0,,否,否
DYVGN,0.72 | 2.15,1,Synthesized,0,,否,否
FQKVVAG,7.4 | 7.41,1,Hemoglobulin,0,,否,否
GPPGAP,11300 | 8600,1,Bovine (Bos taurus),0,,否,否
LDIQK,27.6 | 390.67,1,Whey protein (Beta Lactoglobulin),0,,否,否
LIPPGVPY,17.38 | 17.5,1,Wine,0,,否,否
QVSLNSGYY,0 | 22.91,1,Milk (Fermented Milk),0,,否,否
RMLGQTP,501.19 | 503,1,Porcine troponin,0,,否,否
SAYPGQITSN,0 | 7.08,1,Milk (Fermented Milk),0,,否,否
TYLGS,0.86 | 2.56,1,Synthesized,0,,否,否
YYAPF,26.3 | 26.4,1,Wine,0,,否,否
YYAPFDGIL,83 | 83.18,1,Wine,0,,否,否
LKPMN,2.4 | 9.79,0,,0,,否,否
PSGQYY,100 | 344.1,0,,0,,否,否
VIEKYP,0.1 | 173,0,,0,,否,否
YLYEIA,500 | 501.19,0,,0,,否,否
