序列,重复记录数,精确IC50唯一值个数,精确IC50值列表_uM,来源列表,Assay列表,记录ID列表
VW,51,10,1.1 | 1.4 | 1.6 | 10.8 | 12.9 | 2.5 | 24 | 3.1 | 3.3 | 3.6,Alfalfa (Medicago sativa) | Amaranth (Amaranthus hypochondriacus) | Antarctic krill (Euphausia superba) | Bovine lactoferrin (Bos taurus) | Casein | Cereals (Rice (Oryza sativa red-mold rice)) | Cereals (Rice-koji) | Cereals (Sake (Japanese alcoholic beverage made from rice)) | Cereals (rice) | Cereals storage protein | Chicken connectin | Fish (Alfalfa (Medicago sativa)) | Fish (Salmon (Oncorhynchus keta)) | Fish (Salmon muscle protein hydrolysate) | Fish (Salmon) | Fish (Sardine) | Legume (Mung bean sprout sake) | Meat protein | Milk | Milk derived | Rapeseed | Rapeseed (Brassica napus) | Rapeseed protein | Rapeseed protein-derived peptides | Sake | Sake and sake lees | Sake lees | Synthesized | Upstream chum salmon muscle | Wakame | Wakame (Undaria pinnatifida),"Cushman and Cheung (1971) | Cushman and Cheung (1971), Yamamoto and others | Holmquist et al. (1979) | Modified Lieberman’s method",1082 | 1201 | 1367 | 1403 | 1443 | 1458 | 1465 | 1494 | 1511 | 1667 | 1858 | 1902 | 1906 | 1913 | 1950 | 2027 | 2121 | 2170 | 2586 | 2703 | 2751 | 2776 | 2785 | 2849 | 2954 | 3546 | 3779 | 4049 | 4124 | 4234 | 4243 | 4245 | 4452 | 4485 | 4646 | 4940 | 4941 | 4942 | 5178 | 5568 | 5578 | 5632 | 5648 | 6139 | 6146 | 6147 | 6157 | 6261 | 6271 | 6405 | 6877
GY,33,10,125.923 | 1427.37 | 210 | 2392.55 | 257.04 | 265 | 407.563 | 68 | 72.1 | 97,Amaranth (Amaranthus hypochondriacus) | Bovine b-casein | Bovine lactoferrin (Bos taurus) | Cereals (Steamed soybean mixed with roasted wheat) | Cereals storage protein | Chicken connectin | Fish (Sea bream scale) | Fish skin | Garlic | Garlic (Allium sativum L) | Garlic (Allium sativum) | Milk | Pork sarcoplasmic proteins | Sea-bream scales hydrolysate | Silk fibroin | Silkworm fibroin | Soybean | Soybean (Glycine max - Fermented soybean seasoning) | Soybean Sauce,"ACE color kit (Fujirebio Corp., Tokyo, Japan), Ka | Cushman and Cheung (1971) | Kasahara and Ashihara (1981)",1110 | 1140 | 1270 | 1372 | 1380 | 1400 | 1419 | 1809 | 1891 | 2653 | 2746 | 2790 | 2934 | 2980 | 3101 | 3301 | 3496 | 3791 | 3843 | 3938 | 4075 | 4230 | 4250 | 4251 | 4440 | 4497 | 4682 | 5153 | 5430 | 5591 | 5740 | 6210 | 6450
IY,53,8,10.5 | 2.1 | 2.7 | 3.4 | 3.7 | 37 | 4 | 6.1,Amaranth (Amaranthus hypochondriacus) | Bovine lactoferrin (Bos taurus) | Cereals (Rice (Oryza sativa red-mold rice)) | Cereals (Rice-koji) | Cereals (Wheat (Triticum aestivum wheat bran)) | Cereals (Wheat bran) | Cereals (rice) | Cereals storage protein | Chicken (Gallus gallus) | Chicken connectin | Fish (Bonito (Sarda - dried bonito (katsuobusi))) | Fish (Dried Bonito) | Fish (Dried bonito hydrolysate) | Fish (Sardine (Sardina pilchardus muscle)) | Fish (Sardine muscle) | Fish (Sardine) | Milk | Pork sarcoplasmic proteins | Rapeseed | Rapeseed (Brassica napus) | Rapeseed protein | Rapeseed protein-derived peptides | Wakame | Wakame (Undaria pinnatifida) | Wakame Seaweed,"2,4,6-trinitrobenzene sulfonate(TNBS) method | Cushman and Cheung (1971) | Cushman and Cheung (1971), Yamamoto and others | Holmquist et al. (1979) | Modified Lieberman’s method | Yamamoto et al.",1070 | 1098 | 1150 | 1287 | 1348 | 1353 | 1373 | 1377 | 1411 | 1440 | 1495 | 1510 | 1818 | 1855 | 1903 | 1934 | 1948 | 2583 | 2734 | 2778 | 2956 | 2988 | 2992 | 3064 | 3166 | 3171 | 3197 | 3504 | 3781 | 3962 | 4083 | 4226 | 4248 | 4253 | 4259 | 4450 | 4487 | 4652 | 4947 | 4955 | 4956 | 4957 | 5156 | 5598 | 5661 | 6140 | 6143 | 6176 | 6263 | 6268 | 6282 | 6367 | 6879
VY,49,7,10 | 11.3 | 16 | 2033.39 | 21 | 35.2 | 7.1,Amaranth (Amaranthus hypochondriacus) | Bovine (Bos taurus) b-caseins | Bovine Beta Lactoglobulin | Casein | Cereals (Sake (Japanese alcoholic beverage made from rice)) | Cereals (Wheat (Gamma-gliadin from wheat (Triticum aestivum))) | Cereals (Wheat (Triticum aestivum wheat bran)) | Cereals (Wheat bran) | Cereals storage protein | Fish (Sardine) | Fish (Sea bream scale) | Fish (sardine muscle) | Fish skin | Legume (Mung bean sprout sake) | Milk | Milk (Fermented Milk) | Pork sarcoplasmic proteins | Sake | Sake and sake lees | Sea-bream scales hydrolysate | Wakame | Wakame (Undaria pinnatifida),"Cushman and Cheung (1971) | Cushman and Cheung (1971), Gonzalez-Gonzalez et al | Modified Lieberman’s method | Yamamoto et al.",1092 | 1111 | 1202 | 1286 | 1401 | 1406 | 1437 | 1439 | 1449 | 1459 | 1461 | 1498 | 1669 | 1854 | 1917 | 1933 | 2026 | 2733 | 2780 | 2935 | 2989 | 3065 | 3167 | 3394 | 3590 | 3594 | 3771 | 3784 | 4050 | 4125 | 4231 | 4241 | 4252 | 4447 | 4456 | 4490 | 4661 | 4945 | 4946 | 5179 | 5451 | 5570 | 5633 | 6151 | 6265 | 6267 | 6281 | 6411 | 6881
VAP,22,6,18.6 | 18.7145 | 193.804 | 2 | 260 | 3056,A-casein | Amaranth (Amaranthus hypochondriacus) | Bovine lactoferrin (Bos taurus) | Casein (Αs1-casein) | Fish (Grass carp muscle) | Fish muscle proteins | Grass carp | Grass carp muscle | Grass carp protein hydrolysate | Milk | Milk (Digested milk products) | Milk (bovine casein) | Milk casein | Milk derived | Soybean 7S globulin | Soybean whey proteins,"Cushman and Cheung (1971) | Wu J et al., 2002",1195 | 1601 | 1832 | 2242 | 2256 | 2823 | 2871 | 2916 | 2946 | 2965 | 3540 | 3719 | 3760 | 4118 | 4139 | 4381 | 4775 | 5108 | 5254 | 5625 | 5847 | 6439
MIFPGAGGPEL,11,6,0.03 | 26.3 | 26.3716 | 26.3787 | 430.769 | 811.365,Fish (Yellowfin sole (Limanda aspera)) | Fish (Yellowfin sole frame protein hydrolysate) | Fish (Yellowfin sole frame protein) | Fish (Yellowfin sole frame) | Fish (Yellowfin sole protein hydrolysate) | Fish (Yellowfin sole) | Fish bone,Cushman and Cheung (1971),1089 | 2296 | 2737 | 2801 | 2873 | 2929 | 3720 | 4218 | 5049 | 6285 | 6716
IW,32,5,1.5 | 12.4 | 2 | 4.7 | 5.1,Bovine b-casein | Bovine lactoferrin (Bos taurus) | Cereals (Wheat (Gamma-gliadin from wheat (Triticum aestivum))) | Cereals storage protein | Fish (Dried Bonito) | Fish (Dried bonito hydrolysate) | Fish (Salmon (Oncorhynchus keta)) | Fish (Salmon muscle protein hydrolysate) | Fish (Salmon muscle) | Fish (Salmon) | Fish (Sardine) | Milk | Synthesized | Upstream chum salmon muscle | Wakame | Wakame (Undaria pinnatifida),"Cushman and Cheung (1971) | Cushman and Cheung (1971), Yamamoto and others | Yamamoto et al.",1074 | 1085 | 1444 | 1460 | 1468 | 1859 | 2028 | 2214 | 2779 | 2788 | 2847 | 2882 | 3343 | 3503 | 3567 | 3780 | 3863 | 3961 | 4227 | 4237 | 4255 | 4451 | 4486 | 4649 | 4958 | 4959 | 5155 | 6160 | 6264 | 6272 | 6531 | 6880
AY,29,5,14.2 | 19 | 190.272 | 190.476 | 48,Alpha-zein | Amaranth (Amaranthus hypochondriacus) | Bovine lactoferrin (Bos taurus) | Cereals (Buckwheat) | Cereals (Corn (Zea mays)) | Cereals (Corn Gluten meal) | Cereals (Corn gluten meal) | Cereals (Maize (Zea mays)) | Cereals (Steamed soybean mixed with roasted wheat) | Cereals storage protein | Chicken (Gallus gallus) | Chicken connectin | Milk | Pork sarcoplasmic proteins | Soybean | Soybean (Glycine max - Fermented soybean seasoning) | Soybean Sauce,"ACE color kit (Fujirebio Corp., Tokyo, Japan), Ka | Cushman and Cheung (1971) | Kasahara and Ashihara (1981) | Modified Lieberman’s method",1127 | 1268 | 1365 | 1414 | 1500 | 1877 | 1889 | 2650 | 2686 | 2744 | 2977 | 3004 | 3072 | 3175 | 3211 | 3469 | 3757 | 3787 | 3894 | 4068 | 4444 | 4493 | 4670 | 5138 | 5583 | 5719 | 5782 | 6208 | 6472
LQP,25,5,1.04 | 1.9 | 2 | 2.2 | 3.4,Alpha-zein | Amaranth (Amaranthus hypochondriacus) | Bovine (Bos taurus) b-caseins | Bovine Beta Casein5 | Cereals (Maize (Zea mays)) | Cereals (Maize Standard (Native alpha-zein)) | Cereals (Maize alpha-zein) | Cereals (Maize lines) | Cereals (Rye) | Cereals (Wheat (Triticum aestivum wheat bran)) | Cereals (Wheat bran) | Cereals (Wheat gliadins) | Cereals storage protein | Cheese | Milk | Sesame | Sesame (Sesamum indicum) | Sesame protein hydrolysate | Α-zein,Cushman and Cheung (1971) | Friedland and Silverstein (1976) | Modified Lieberman’s method,1166 | 1277 | 1282 | 1283 | 1873 | 1874 | 1880 | 1930 | 2665 | 2730 | 2758 | 2766 | 3404 | 3730 | 3986 | 4092 | 4795 | 5112 | 5234 | 5606 | 5769 | 5803 | 6187 | 6278 | 6459
GF,24,5,2564.79 | 275.42 | 277.9 | 630 | 708,Bovine lactoferrin (Bos taurus) | Cereals storage protein | Fish (Carp (Cyprinus carpio) parvalbumin) | Fish (Sea bream scale) | Fish skin | Garlic | Garlic (Allium sativum L) | Garlic (Allium sativum) | Pork sarcoplasmic proteins | Sea-bream scales hydrolysate,Cushman and Cheung (1971),1112 | 1383 | 1402 | 1421 | 1681 | 1813 | 2657 | 2791 | 2936 | 3023 | 3176 | 3483 | 3796 | 3841 | 3918 | 4232 | 4430 | 4502 | 4697 | 5149 | 5427 | 5455 | 5744 | 6577
VP,21,5,2240.27 | 2242.99 | 420 | 480 | 570,Anchovy (sauce) | Bovine (Bos taurus) b-caseins | Bovine b-casein | Bovine lactoferrin (Bos taurus) | Cereals (Steamed soybean mixed with roasted wheat) | Cereals (Wheat (Gamma-gliadin from wheat (Triticum aestivum))) | Cereals storage protein | Chicken (Gallus gallus) | Fish (Sardine (Sardina pilchardus fermented sauce)) | Pork sarcoplasmic proteins | Soybean | Soybean (Glycine max - Fermented soybean seasoning) | Soybean Sauce,"ACE color kit (Fujirebio Corp., Tokyo, Japan), Ka | Cushman and Cheung (1971) | Kasahara and Ashihara (1981)",1272 | 1394 | 1506 | 1893 | 2748 | 3062 | 3226 | 3309 | 3421 | 3544 | 3588 | 3794 | 4042 | 4435 | 4500 | 4691 | 5177 | 5645 | 6165 | 6212 | 6573
IKP,19,5,1.7 | 2.3 | 2.5 | 6.9 | 7,Amaranth (Amaranthus hypochondriacus) | Fish (Bonito (Sarda bowel autolysate)) | Fish (Bonito bowel) | Fish (Bonito muscle) | Fish (Dried bonito hydrolysate) | Fish (Dried bonito) | Fish (chum salmon fish) | Legume (Peanut protein) | Pork beef and chicken muscle | Synthesized,"Cushman and Cheung (1971) | Cushman and Cheung (1971), Maruyama and Suzuki | Cushman and Cheung (1971), Yamamoto and others | RP-HPLC Assay",1516 | 1599 | 2022 | 2032 | 2564 | 2569 | 2854 | 3749 | 3752 | 4229 | 4741 | 4981 | 5079 | 5095 | 5216 | 5516 | 5594 | 5666 | 6346
LHLPLP,18,5,2.9 | 3.7 | 5 | 5.4 | 5.5,Bovine (Bos taurus) b-caseins | Casein | Fermentation with E. faecalis | Fermented milk with Enterococcus faecalis | Human (Human Beta Casein) | Human (Synthetic peptide of Human beta casein) | Milk | Milk (Bovine skim milk) | Milk (Fermented Milk) | Milk (human β casein) | Milk (β-casein) | Milk fermented with Enterococcus faecalis | Milk proteins | Β-CN f,Cushman and Cheung (1971) | Kasahara and Ashihara (1981) | Sentandreu and Toldra (2006),1712 | 1748 | 1760 | 1939 | 2616 | 3457 | 3644 | 3668 | 4180 | 4338 | 5023 | 5365 | 5818 | 5824 | 6002 | 6330 | 6788 | 6827
IVY,17,5,0.48 | 14.74 | 14740 | 2399 | 479,Cereals (Wheat Gliadin) | Cereals (Wheat germ) | Cereals storage protein | Royal jelly | Sesame | Sesame (Sesamum indicum) | Sesame protein hydrolysate | Synthesized,"2,4,6-trinitrobenzene sulfonate(TNBS) method | Cushman and Cheung (1971) | Friedland and Silverstein (1976) | Modified Lieberman’s method",1579 | 1613 | 1882 | 1886 | 2675 | 2768 | 2858 | 3657 | 3960 | 4762 | 5092 | 5223 | 5517 | 5518 | 5519 | 6189 | 6527
LQKW,11,5,3.5 | 34.7 | 35 | 54.2 | 82.4,Enzymatic-hydrolysis (Hydrolysis with thermolysin) | Milk (caprine lactoglobulin) | Milk proteins | Milk-Cheese (Sheep milk and cheeses proteins) | Synthetic | Whey protein (Beta Lactoglobulin) | Α-Lg f | Βeta-lactoglobulin,Cushman and Cheung (1971),1008 | 1313 | 1739 | 2012 | 4169 | 4326 | 4926 | 4988 | 5291 | 5927 | 6709
FEDYVPLSCF,6,5,10.77 | 296.186 | 299.335 | 299335 | 360.111,Fish (Salmon pectoral fin) | Fish (Salmon),Cushman and Cheung (1971) | Vermeirssen et al.,2797 | 2809 | 2885 | 2940 | 3692 | 3702
MLLCS,6,5,0.828 | 2068.09 | 24.7 | 688.559 | 98.8701,Ascidian body | Sea-squirt | Sea-squirt body,Cushman and Cheung (1971) | Kim et al. 2001,2815 | 2887 | 2926 | 3686 | 3690 | 3721
VWDPPKFD,6,5,230.782 | 280.591 | 363.865 | 363865 | 9.1,Cuttlefish muscle | Fish (Salmon pectoral fin) | Fish (Salmon),Cushman and Cheung (1971) | Vermeirssen et al.,2796 | 2808 | 2876 | 2939 | 3691 | 3701
LW,31,4,17.4 | 23.6 | 4.4 | 50,Amaranth (Amaranthus hypochondriacus) | Bovine Beta Casein | Bovine b-casein | Casein | Cereals (Wheat (Gamma-gliadin from wheat (Triticum aestivum))) | Cereals storage protein | Egg (Ovalbumin hydrolysate) | Egg (Ovalbumin) | Egg (ovalbumin) | Egg proteins | Fish (Salmon (Oncorhynchus keta)) | Fish (Salmon muscle protein hydrolysate) | Fish (Salmon) | Meat protein | Milk | Milk (Digested milk products) | Milk casein | Milk derived | Soybean Protein | Upstream chum salmon muscle | Wakame | Wakame (Undaria pinnatifida),"Cushman and Cheung (1971) | Cushman and Cheung (1971), Yamamoto and others",1086 | 1172 | 1378 | 1385 | 1445 | 1469 | 1860 | 2043 | 2079 | 2105 | 2150 | 2606 | 2789 | 3298 | 3575 | 3763 | 3855 | 3992 | 4098 | 4141 | 4201 | 4238 | 4389 | 4468 | 4714 | 4952 | 5162 | 5612 | 6161 | 6273 | 6373
FY,29,4,25 | 3.7 | 3.74 | 42.3,Alpha-zein | Amaranth (Amaranthus hypochondriacus) | Cereals (Buckwheat) | Cereals (Maize (Zea mays)) | Cereals storage protein | Garlic | Garlic (Allium sativum L) | Garlic (Allium sativum) | Milk | Royal jelly | Wakame | Wakame (Undaria pinnatifida) | Wakame Seaweed,Cushman and Cheung (1971) | Modified Lieberman’s method | Yamamoto et al.,1136 | 1413 | 1442 | 1446 | 1457 | 1472 | 1810 | 1817 | 1857 | 2654 | 2672 | 2685 | 2775 | 2883 | 3880 | 3913 | 4254 | 4258 | 4731 | 4950 | 5148 | 5587 | 5741 | 5774 | 5808 | 6260 | 6270 | 6469 | 6876
AF,24,4,165.3 | 190 | 804.165 | 805.085,Bovine (Bos taurus) b-caseins | Bovine b-casein | Bovine lactoferrin (Bos taurus) | Cereals (Maize (Zea mays)) | Cereals (Steamed soybean mixed with roasted wheat) | Cereals storage protein | Chicken (Gallus gallus) | Fish (Carp (Cyprinus carpio) parvalbumin) | Pork sarcoplasmic proteins | Soybean | Soybean (Glycine max - Fermented soybean seasoning) | Soybean (Salt-free soy sauce) | Soybean Sauce,"ACE color kit (Fujirebio Corp., Tokyo, Japan), Ka | Cushman and Cheung (1971) | Kasahara and Ashihara (1981) | Modified Lieberman’s method",1271 | 1363 | 1410 | 1503 | 1678 | 1892 | 1896 | 2591 | 2747 | 3031 | 3222 | 3344 | 3419 | 3465 | 3790 | 3846 | 3886 | 4441 | 4496 | 4679 | 5429 | 5787 | 6211 | 6569
LRP,23,4,0.21 | 0.27 | 0.29 | 1,Amaranth (Amaranthus hypochondriacus) | Bovine lactoferrin (Bos taurus) | Cereals (Corn endosperm) | Cereals (Maize (Zea mays)) | Cereals (Maize Standard (Native alpha-zein)) | Cereals (Maize alpha-zein) | Cereals (Maize lines) | Cereals (Wheat (Triticum aestivum wheat bran)) | Cereals (Wheat bran) | Egg proteins | Fish (Bonito (Sarda bowel autolysate)) | Fish (Bonito bowel) | Milk | Milk derived | Synthesized | Α-zein,"Cushman and Cheung (1971) | Cushman and Cheung (1971), Maruyama and Suzuki | Modified Lieberman’s method",1168 | 1280 | 1285 | 1635 | 1871 | 1876 | 1932 | 1963 | 2102 | 2565 | 2570 | 2663 | 2732 | 2862 | 3518 | 4801 | 5094 | 5236 | 5608 | 5669 | 5800 | 6280 | 6460
LY,23,4,110 | 18 | 38.5 | 6.8,Amaranth (Amaranthus hypochondriacus) | Bovine (Bos taurus) b-caseins | Bovine Beta Casein | Bovine lactoferrin (Bos taurus) | Cereals (Maize (Zea mays)) | Cereals storage protein | Egg proteins | Fish (Sardine (Sardina pilchardus muscle)) | Fish (Sardine muscle) | Fish (Sardine) | Milk | Pork sarcoplasmic proteins | Rapeseed protein | Rapeseed proteins,"2,4,6-trinitrobenzene sulfonate(TNBS) method | Cushman and Cheung (1971) | Cushman and Cheung (1971), Majumder & Wu (2009) | Holmquist et al. (1979)",1096 | 1173 | 1354 | 1358 | 1361 | 1408 | 1976 | 2958 | 3053 | 3055 | 3178 | 3387 | 3520 | 3856 | 3993 | 4099 | 4717 | 5163 | 5546 | 5613 | 5773 | 6174 | 6365
RP,23,4,15.2 | 180 | 181.97 | 21,Anchovy (sauce) | Bovine lactoferrin (Bos taurus) | Cereals (Wheat (Gamma-gliadin from wheat (Triticum aestivum))) | Cereals storage protein | Chicken (Gallus gallus) | Fish (Bonito (sarda fermented sauce)) | Fish Sauce | Pork (Sus domesticus skeletal muscle) | Pork sarcoplasmic proteins,Cheung et al. | Cushman and Cheung (1971) | Sentandreu and Toldra (2006),1120 | 1390 | 1470 | 1502 | 2793 | 3054 | 3056 | 3083 | 3179 | 3221 | 3533 | 3583 | 3789 | 4021 | 4442 | 4495 | 4676 | 5423 | 5452 | 5641 | 5676 | 6114 | 6568
AP,21,4,230 | 29 | 322 | 322.269,Anchovy (sauce) | Arachin | Bovine (Bos taurus) b-caseins | Bovine lactoferrin (Bos taurus) | Cereals (Wheat (Gamma-gliadin from wheat (Triticum aestivum))) | Cereals storage protein | Chicken (Gallus gallus) | Fish (Atlantic salmon) | Fish (Bonito (sarda fermented sauce)) | Fish (Sardine (Sardina pilchardus fermented sauce)) | Fish Sauce | Milk casein,"Cheung et al. | Cushman and Cheung (1971) | Cushman and Cheung (1971), Wang et al.",1079 | 1118 | 1504 | 1507 | 3223 | 3420 | 3468 | 3554 | 3607 | 3706 | 3792 | 3890 | 4060 | 4438 | 4498 | 4685 | 5135 | 5639 | 5675 | 6162 | 6570
AW,19,4,10 | 18.8 | 36.3227 | 36.3636,Cereals (Finnish) | Cereals (Steamed soybean mixed with roasted wheat) | Cereals storage protein | Chicken (Gallus gallus) | Soybean | Soybean (Glycine max - Fermented soybean seasoning) | Soybean Sauce | Synthesized | Wakame | Wakame (Undaria pinnatifida),"ACE color kit (Fujirebio Corp., Tokyo, Japan), Ka | Cushman and Cheung (1971) | Kasahara and Ashihara (1981)",1266 | 1376 | 1441 | 1496 | 1856 | 1887 | 2742 | 2844 | 2884 | 3214 | 3782 | 3893 | 4449 | 4488 | 4655 | 5137 | 6206 | 6269 | 6530
MF,16,4,0.92 | 1349.62 | 44.7 | 45,Amaranth (Amaranthus hypochondriacus) | Bovine (Bos taurus) b-caseins | Bovine Beta Casein | Bovine b-casein | Cereals storage protein | Fish (Sardine (Sardina pilchardus muscle)) | Fish (Sardine muscle) | Fish (Sardine) | Fish (Shark meat) | Fish (Shark) | Milk | Pork sarcoplasmic proteins,"2,4,6-trinitrobenzene sulfonate(TNBS) method | Cushman and Cheung (1971) | He et al.",1093 | 1116 | 1174 | 1355 | 2820 | 3186 | 3297 | 3388 | 3995 | 4100 | 4720 | 5164 | 5614 | 6171 | 6194 | 6369
TTMPLW,16,4,12 | 16 | 22.2 | 51,Bovine casein proteins | Casein | Casein (Αs1-casein) | Cereals (Maize endosperm) | Enzymatic-hydrolysis (Hydrolysis with pepsin) | Human (Synthetic peptide of Human beta casein) | Milk | Milk (Digested milk products) | Milk (bovine casein) | Milk (bovine) | Milk proteins,Cushman and Cheung (1971) | Kasahara and Ashihara (1981),1191 | 1658 | 1721 | 2387 | 3611 | 4143 | 4275 | 4387 | 5015 | 5388 | 5389 | 5559 | 5835 | 5906 | 6448 | 6857
LLF,15,4,203.826 | 3.5 | 79.8 | 82.4,Cereals storage protein | Enzymatic-hydrolysis (Hydrolysis with thermolysin) | Milk (caprine lactoglobulin) | Milk proteins | Milk-Cheese (Sheep milk and cheeses proteins) | Soybean proteins | Synthetic | Whey | Whey protein (Beta Lactoglobulin) | Β-Lg f | Βeta-lactoglobulin,Cushman and Cheung (1971),1009 | 1318 | 1549 | 1741 | 2011 | 3980 | 4170 | 4301 | 4327 | 4783 | 4970 | 5230 | 5539 | 5925 | 6710
SY,15,4,249.748 | 250 | 66.3 | 67,Cereals (Steamed soybean mixed with roasted wheat) | Cereals storage protein | Chicken (Gallus gallus) | Garlic | Garlic (Allium sativum L) | Garlic (Allium sativum) | Milk (bovine lactoglobulin) | Pork sarcoplasmic proteins | Soybean | Soybean (Glycine max - Fermented soybean seasoning) | Soybean Sauce,"ACE color kit (Fujirebio Corp., Tokyo, Japan), Ka | Cushman and Cheung (1971) | Kasahara and Ashihara (1981)",1269 | 1379 | 1808 | 1890 | 2652 | 2745 | 3001 | 3266 | 4027 | 4712 | 5173 | 5746 | 5868 | 6209 | 6670
GEP,11,4,0.04 | 0.31 | 132.846 | 3200,Chicken (Gallus gallus) | Fungi (Mushroom (Hypsizygus marmoreus)) | Fungi (Mushroom (Tricholoma giganteum)) | Fungi (Mushroom Tricholoma Giganteum) | Fungi (Mushroom Tricholoma giganteum) | Milk,"ACE inhibitory assay kit (ACE kit-WST, Dojindo Lab | Cushman and Cheung (1971)",1018 | 1295 | 1821 | 2192 | 2782 | 3216 | 3278 | 4939 | 6098 | 6540 | 6720
VIY,11,4,1448.61 | 243.977 | 4.5 | 7.5,Bulfrog (Rana catesbeiana Shaw) muscle protein | Cereals storage protein | Fish skin | Sea-bream scales hydrolysate | Sea-bream skin | Sesame | Sesame (Sesamum indicum) | Sesame protein hydrolysate,Cushman and Cheung (1971) | Friedland and Silverstein (1976),1568 | 1883 | 2769 | 2937 | 3689 | 4039 | 4233 | 4784 | 5257 | 6190 | 6697
VR,11,4,1214 | 1214.78 | 52.8 | 98,Arachin | Bovine (Bos taurus) b-caseins | Bovine lactoferrin (Bos taurus) | Cereals storage protein | Chicken (Gallus gallus) | Egg (Ovine milk) | Fish (Atlantic salmon) | Legumin | Milk (Ovine milk product) | Milk (Ovine milk proteins) | Pork sarcoplasmic proteins,"Cushman and Cheung (1971) | Cushman and Cheung (1971), Wang et al.",1002 | 1080 | 1996 | 2633 | 3183 | 3258 | 3429 | 3545 | 3707 | 4044 | 6615
AI,9,4,3.41 | 3411.62 | 3415.84 | 690,Cereals (Steamed soybean mixed with roasted wheat) | Cereals storage protein | Pork sarcoplasmic proteins | Soybean | Soybean (Glycine max - Fermented soybean seasoning) | Soybean (Soy sauce) | Soybean Sauce,"ACE color kit (Fujirebio Corp., Tokyo, Japan), Ka | Kasahara and Ashihara (1981)",1273 | 1894 | 2749 | 2984 | 3164 | 3185 | 3889 | 6213 | 6604
DKIHPF,9,4,2419.4 | 256.8 | 257 | 419.91,Bovine (Bos taurus) b-caseins | Milk (Fermented Milk) | Milk (Sodium caseinate) | Milk (caprine kefir) | Milk (fermented milk) | Milk-Cheese (Goat milk protein and cheeses) | Milk-Cheese (Sheep milk and cheeses proteins) | Whey protein hydrolysate,Cushman and Cheung (1971) | Holmquist et al. (1979),2490 | 3408 | 3649 | 4291 | 4314 | 5929 | 5957 | 6058 | 6503
MAW,9,4,16.32 | 2927.43 | 6.1 | 8.55049,Cuttlefish | Cuttlefish (Muscle of cuttlefish) | Cuttlefish (Sepia officinalis) | Cuttlefish muscle | Cuttlefish muscle proteins | Cuttlefish skin gelatin,Cushman and Cheung (1971) | Nakamura et al. (1995),1052 | 2827 | 2879 | 2920 | 3712 | 4813 | 4985 | 5240 | 5733
VIIF,9,4,16.32 | 2425.4 | 6.0241 | 8.7,Cuttlefish | Cuttlefish (Muscle of cuttlefish) | Cuttlefish (Sepia officinalis) | Cuttlefish muscle | Cuttlefish muscle proteins | Cuttlefish skin gelatin,Cushman and Cheung (1971) | Nakamura et al. (1995),1051 | 2829 | 2878 | 2922 | 3711 | 4924 | 4998 | 5300 | 5735
HHL,8,4,2.2 | 21.8 | 5.42594 | 5.4321,Soybean (Fermented soybean paste) | Soybean (Glycine max) | Soybean (Korean fermented soybean paste) | Soybean (Korean fermented soybean) | Soybean-derived | WIPO,Cushman and Cheung (1971),1535 | 1537 | 1901 | 1980 | 2783 | 3656 | 6225 | 6488
MEGAQEAQGD,8,4,0.11119 | 15.9 | 15.9413 | 594.174,Sea-cucumber | Sea-cucumber (Acaudina molpadioidea) | Sea-cucumber flesh | Sea-cucumber hydrolysate,Cushman and Cheung (1971),1048 | 2706 | 2831 | 2924 | 3687 | 4217 | 5048 | 6184
FNVPLYE,5,4,1149.27 | 414.302 | 7.72 | 945.257,Fish (Salmon pectoral fin) | Fish (Salmon),Cushman and Cheung (1971) | Vermeirssen et al.,2810 | 2886 | 2941 | 3693 | 3703
PTHIKWGD,4,4,0.9 | 1 | 1.5 | 8,Fish (Bonito muscle) | Fish (Tuna (Neothunnus macropterus muscle)) | Fish (Tuna muscle) | Synthesized,Cushman and Cheung (1971),1078 | 2867 | 6254 | 6394
LKP,32,3,0.32 | 1.4 | 1.6,Aldolase | Cereals storage protein | Chicken muscle | Chicken muscle proteins | Egg ovotransferrin | Egg proteins | Fish | Fish (Dried Bonito) | Fish (Dried bonito hydrolysate) | Fish (Dried bonito) | Fish (bonito muscle) | Fish proteins | Food-protein | Milk | Oat proteins | Pork sarcoplasmic proteins | Soybean whey proteins | Synthesized,"Cushman and Cheung (1971) | Cushman and Cheung (1971), Majumder & Wu (2009) | Cushman and Cheung (1971), Yamamoto and others",1073 | 1521 | 1528 | 1611 | 1660 | 1838 | 1953 | 1969 | 1972 | 2001 | 2002 | 2020 | 2025 | 2216 | 2597 | 2861 | 2892 | 2945 | 2952 | 3011 | 3758 | 3766 | 3770 | 3979 | 4203 | 4222 | 4976 | 4979 | 5059 | 5513 | 5561 | 6535
VF,29,3,43.7 | 49.7 | 9.2,Amaranth (Amaranthus hypochondriacus) | Bovine b-casein | Cereals (Rice (Oryza sativa red-mold rice)) | Cereals (Rice-koji) | Cereals (rice) | Cereals storage protein | Chicken (Gallus gallus) | Chicken (Myosin skeletal muscles of chicken) | Fish (Sardine (Sardina pilchardus muscle)) | Fish (Sardine muscle) | Fish (Sardine) | Insect protein | Insect protein digest | Milk | Pork sarcoplasmic proteins | Wakame (Undaria pinnatifida),"2,4,6-trinitrobenzene sulfonate(TNBS) method | Cushman and Cheung (1971) | Modified Lieberman’s method",1099 | 1196 | 1364 | 1499 | 1905 | 1955 | 2585 | 2777 | 3097 | 3121 | 3156 | 3198 | 3341 | 3786 | 4037 | 4120 | 4211 | 4445 | 4492 | 4667 | 4953 | 5176 | 5456 | 5627 | 6145 | 6177 | 6262 | 6368 | 6878
VG,25,3,1100 | 6314.58 | 6321.84,Bovine b-casein | Bovine lactoferrin (Bos taurus) | Cereals (Steamed soybean mixed with roasted wheat) | Cereals (Wheat (Gamma-gliadin from wheat (Triticum aestivum))) | Cereals storage protein | Fish (Carp (Cyprinus carpio) parvalbumin) | Pork sarcoplasmic proteins | Soybean | Soybean (Glycine max - Fermented soybean seasoning) | Soybean Sauce,"ACE color kit (Fujirebio Corp., Tokyo, Japan), Ka | Kasahara and Ashihara (1981)",1274 | 1477 | 1682 | 1895 | 2750 | 3008 | 3012 | 3034 | 3038 | 3041 | 3122 | 3127 | 3157 | 3345 | 3542 | 3587 | 3605 | 3798 | 3847 | 4038 | 4427 | 4504 | 4702 | 6214 | 6580
YW,21,3,10.5 | 43.6 | 8.2,Bovine b-casein | Casein | Cereals (Sake (Japanese alcoholic beverage made from rice)) | Cereals storage protein | Chicken connectin | Legume (Mung bean sprout sake) | Legume (Pea proteins) | Legumin | Milk | Oat | Sake | Sake and sake lees | Sake lees | Soybean Protein,Cushman and Cheung (1971),1217 | 1368 | 1668 | 1914 | 1998 | 1999 | 2047 | 2061 | 2084 | 2240 | 3299 | 4058 | 4135 | 4244 | 4739 | 4943 | 4944 | 5186 | 5569 | 6149 | 6407
GP,19,3,252.63 | 360 | 66,Anchovy (sauce) | Bovine (Bos taurus) b-caseins | Bovine lactoferrin (Bos taurus) | Cereals storage protein | Fish (Alaska pollack (Theragra chalcogramma)) | Fish (Bonito (sarda fermented sauce)) | Fish (Sardine (Sardina pilchardus fermented sauce)) | Pork (Sus domesticus skeletal muscle),Cushman and Cheung (1971) | Sentandreu and Toldra (2006),1391 | 1392 | 1420 | 3413 | 3489 | 3614 | 3795 | 3840 | 3930 | 4434 | 4501 | 4694 | 5151 | 5426 | 5642 | 5677 | 6111 | 6163 | 6522
VYP,19,3,288 | 288.4 | 44,"Amaranth (Amaranthus hypochondriacus) | Bovine (Bos taurus) b-caseins | Bovine Beta Lactoglobulin | Cheese | Cheese whey protein | Enzymatic-hydrolysis (Hydrolysis with proteinase K) | Milk | Milk (bovine, buffalo and ovine β-casein) | Milk (cheese whey) | Milk derived | Milk proteins | Whey protein | Β-CN f",Cushman and Cheung (1971) | Kasahara and Ashihara (1981) | Yamamoto et al.,1203 | 1589 | 1726 | 2260 | 2581 | 3399 | 3759 | 4126 | 4157 | 4596 | 4852 | 4968 | 5268 | 5510 | 5634 | 5908 | 5949 | 6424 | 6866
GW,15,3,114.819 | 114.943 | 30,Bovine b-casein | Bovine lactoferrin (Bos taurus) | Cereals (Steamed soybean mixed with roasted wheat) | Cereals storage protein | Soybean | Soybean (Glycine max - Fermented soybean seasoning) | Soybean Sauce | Synthesized,"ACE color kit (Fujirebio Corp., Tokyo, Japan), Ka | Kasahara and Ashihara (1981)",1267 | 1418 | 1888 | 2743 | 2846 | 3351 | 3495 | 3785 | 3842 | 3937 | 4446 | 4491 | 4664 | 6207 | 6565
KW,15,3,1.63 | 10.8 | 7.8,Bovine b-casein | Cereals storage protein | Chicken (Gallus gallus) | Fish (Sardine (Sardina pilchardus muscle)) | Fish (Sardine muscle) | Milk | Pork sarcoplasmic proteins | Synthesized | Wakame (Undaria pinnatifida),Cushman and Cheung (1971),1154 | 1359 | 1454 | 2772 | 2834 | 3087 | 3199 | 3362 | 3971 | 4708 | 5160 | 6178 | 6257 | 6370 | 6873
KY,15,3,1.63 | 13 | 7.7,Bovine (Bos taurus) b-caseins | Bovine lactoferrin (Bos taurus) | Cereals storage protein | Chicken (Gallus gallus) | Fish (Sardine) | Pork sarcoplasmic proteins | Wakame (Undaria pinnatifida) | Wakame Seaweed,"2,4,6-trinitrobenzene sulfonate(TNBS) method | Cushman and Cheung (1971)",1105 | 1455 | 1816 | 2773 | 3146 | 3268 | 3432 | 3511 | 3972 | 4257 | 4711 | 5161 | 6258 | 6677 | 6874
HLPLP,13,3,21600 | 41 | 51.88,Bovine (Bos taurus) b-caseins | Egg white protein | Human (Human Beta Casein) | Human (Synthetic peptide of Human beta casein) | Milk | Milk (Sodium caseinate) | Milk (human β casein) | Milk Casein derived | Milk proteins | Β-CN f,Cushman and Cheung (1971) | Holmquist et al. (1979) | Kasahara and Ashihara (1981),2423 | 3456 | 3667 | 4182 | 4186 | 4477 | 5002 | 5316 | 6001 | 6054 | 6329 | 6787 | 6826
GPL,12,3,2.55 | 2.6 | 2.65,Bovine skin gelatin | Fish (Alaska pollack (Theragra chalcogramma)) | Fish skin | Gelatin hydrolysate,Cushman and Cheung (1971) | He et al.,1108 | 1543 | 1546 | 2015 | 2757 | 2963 | 4629 | 4803 | 5073 | 5209 | 5575 | 6516
AKK,10,3,3.1 | 3.13 | 3.2,Bovine b-casein | Chicken (Myosin skeletal muscles of chicken) | Fish (Sardine (Sardina pilchardus muscle)) | Fish (Sardine muscle) | Fish (Sardine) | Synthesized,"2,4,6-trinitrobenzene sulfonate(TNBS) method | Cushman and Cheung (1971)",1102 | 1531 | 2851 | 3295 | 4063 | 4755 | 5083 | 5192 | 6181 | 6363
GTW,10,3,464 | 464.4 | 464.6,Casein β-lg f | Milk | Milk (Digested milk products) | Milk (Fermented Milk) | Milk proteins | Whey (Whole whey protein) | Β-Lg f,Cushman and Cheung (1971),1298 | 3650 | 4175 | 4375 | 4809 | 4972 | 5132 | 5212 | 5814 | 6500
IAP,10,3,2.7 | 25120 | 2692,Cereals (Wheat (gliadin)) | Cereals (Wheat Gliadin) | Cereals (Wheat gliadin hydrolysate) | Cereals (Wheat gliadin) | Cereals storage protein,Friedland and Silverstein (1976),1550 | 1626 | 1885 | 2671 | 3761 | 3945 | 5119 | 5520 | 5521 | 6722
VRGPFPIIV,10,3,395 | 599 | 630,Bovine (Bos taurus) b-caseins | Casein derived | Fermentation with E. faecalis | Milk | Milk (Bovine skim milk) | Milk (Fermented Milk) | Milk proteins | Β-CN f,Cushman and Cheung (1971),1715 | 2486 | 3417 | 4184 | 4349 | 5036 | 5038 | 5552 | 5820 | 6552
ALPMHIR,9,3,42.6 | 43 | 62.6,Bovine whey proteins | Milk | Milk (bovine lactoglobulin) | Milk-Cheese (Sheep milk and cheeses proteins) | Whey | Whey protein (Beta Lactoglobulin) | Whey protein b-lacotglobulin,Cushman and Cheung (1971),1122 | 1322 | 2417 | 3676 | 3736 | 3778 | 4266 | 4328 | 5858
LVYPFPGPIPNSLPQNIPP,9,3,5 | 5.2 | 5.3,Bovine (Bos taurus) b-caseins | Fermentation with E. faecalis | Fermented milk with Enterococcus faecalis | Milk | Milk (Fermented Milk) | Milk (Sodium caseinate) | Milk proteins | Β-CN f,Cushman and Cheung (1971),1708 | 1749 | 2341 | 3454 | 4179 | 5056 | 5822 | 6078 | 6550
EMPFPK,8,3,423 | 443.75 | 576.294,Bovine (Bos taurus) b-caseins | Bovine milk protein | Milk | Milk (Goat milk protein) | Milk (bovine),Cushman and Cheung (1971),1132 | 2496 | 3401 | 3411 | 5528 | 5903 | 6430 | 6512
IYPRY,8,3,4.1 | 6.3 | 8.5,Casein | Cereals (Sake (Japanese alcoholic beverage made from rice)) | Sake | Sake and sake lees,Cushman and Cheung (1971),1670 | 1920 | 2346 | 4999 | 5324 | 5571 | 6154 | 6410
VYAP,8,3,2653.17 | 6.1 | 8.7,Cuttlefish | Cuttlefish (Muscle of cuttlefish) | Cuttlefish (Sepia officinalis) | Cuttlefish muscle | Cuttlefish muscle proteins,Cushman and Cheung (1971) | Nakamura et al. (1995),1050 | 2828 | 2877 | 2921 | 4880 | 4997 | 5303 | 5734
YQKFPQY,8,3,20.08 | 20.1 | 98.0989,Casein | Enzymatic-hydrolysis (Hydrolysis with pepsin) | Milk (Yak milk casein) | Milk proteins | Milk-Cheese (Goat milk protein and cheeses) | Miso paste with casein | Αs2-CN f,Cushman and Cheung (1971) | Vermeirssen et al.,1720 | 1759 | 2380 | 2613 | 2620 | 4148 | 4280 | 5034
CF,7,3,1.96 | 1.98 | 1490.7,Fish (Shark meat hydrolysate) | Fish (Shark meat) | Fish (Shark) | Pork sarcoplasmic proteins,Cushman and Cheung (1971) | He et al.,1114 | 2818 | 3184 | 4707 | 5139 | 6192 | 6699
PGPLGLTGP,7,3,215.301 | 841.647 | 95,Fish (Skate skin hydrolysate) | Fish (Skate skin) | Fish skin,Cushman and Cheung (1971),1090 | 2550 | 2802 | 2874 | 2930 | 3694 | 6769
QLGFLGPR,7,3,148 | 240.151 | 766.586,Fish (Salmon pectoral fin) | Fish (Skate skin hydrolysate) | Fish (Skate skin) | Fish skin,Cushman and Cheung (1971),1091 | 2552 | 2803 | 2875 | 2931 | 3695 | 6770
VKP,6,3,105.128 | 3.7 | 58.51,Fresh water clam (Corbicula fluminea) | Fresh water clam solid wastes | Hard clam mantle | Soybean whey proteins,Cushman and Cheung (1971),1833 | 2816 | 3696 | 4790 | 5259 | 5738
AHLL,5,3,0.510441 | 1325.82 | 40.2166,Fish (Loach meat) | Fish muscle proteins | Loach meat | Loach muscle,"HPLC method by Wu,Aluko and Muir | Shalaby et al. (2006)",2804 | 2830 | 2869 | 2913 | 3683
KKYNVPQL,5,3,77.1 | 77.2 | 77100,Cheese (Manchego cheese) | Cheese (Manchego) | Milk Casein derived | Milk-Cheese (Sheep milk and cheeses proteins) | Αs1-CN f,Cushman and Cheung (1971),3621 | 4191 | 4310 | 5040 | 5709
LALPP,5,3,0 | 790 | 794.33,Casein (Beta Casein) | Human (Synthetic peptide of Human beta casein) | Milk (human β casein),Kasahara and Ashihara (1981),2520 | 5327 | 6012 | 6390 | 6837
VKK,5,3,1045 | 58.51 | 96.3855,Fresh water clam (Corbicula fluminea) | Fresh water clam solid wastes | Hard clam mantle,Cushman and Cheung (1971),2817 | 3697 | 4787 | 5258 | 5739
DDTGHDFEDTGEAM,4,3,409.224 | 9.63589 | 9.64,Marine Rotifer | Marine rotifer body | Rotifer body,Cushman and Cheung (1971),2811 | 2872 | 2928 | 3709
GPP,4,3,23.1 | 23.2083 | 23.2342,Cereals (Buckwheat),Cushman and Cheung (1971),1566 | 1819 | 5684 | 6723
HWTTQR,4,3,1570 | 1570.34 | 1739.34,Fish (Seaweed pipefish) | Fish muscle proteins | Seaweed pipefish muscle,Cushman and Cheung (1971),1107 | 2814 | 2919 | 3705
IRAQQ,4,3,160 | 4.2 | 81,A-zein hydrolysate | Cereals (Maize (Zea mays)),Cushman and Cheung (1971),2438 | 5321 | 5813 | 6435
PPPVHL,4,3,0 | 109.65 | 110,Cereals (Maize (Zea mays)) | Cereals (Maize endosperm),Cushman and Cheung (1971),2447 | 5374 | 5763 | 6436
TFPHGP,4,3,833 | 91.3978 | 946.97,Fish (Seaweed pipefish) | Fish muscle proteins | Seaweed pipefish muscle,Cushman and Cheung (1971),1106 | 2813 | 2918 | 3704
TVDQHQ,4,3,183.5 | 288.4 | 289.65,Milk (Sodium caseinate) | Milk-Cheese (Goat milk protein and cheeses),"Cushman and Cheung (1971) | Wu J et al., 2002",2475 | 4284 | 5390 | 6087
VAGTW,4,3,1054 | 534 | 876.33,Milk | Whey protein | Whey protein (Beta Lactoglobulin),Vermeirssen et al.,1193 | 1309 | 2523 | 6487
VEGY,4,3,128.4 | 128.425 | 3151.19,Marine algae | Marine seaweed protein,Cushman and Cheung (1971) | Kim et al. 2001,2812 | 2870 | 2927 | 3708
FSY,3,3,180.527 | 2.2 | 61.3792,Fish (Northern Shrimp head and scales shells) | Shrimp by-product | Shrimp heads and Scales,Vermeirssen et al.,2799 | 2942 | 3716
FTY,3,3,2.09561 | 59.3 | 81.4958,Fish (Northern Shrimp head and scales shells) | Shrimp by-product | Shrimp heads and Scales,Vermeirssen et al.,2800 | 2943 | 3715
VLAQYK,3,3,0 | 32.0527 | 32.1833,Beef (Biceps femoris) | Beef rump | Meat products,"Cushman and Cheung (1971) | Cushman and Cheung (1971), Maruyama and Suzuki",2572 | 5650 | 6560
VPP,28,2,9 | 9.13,Amaranth (Amaranthus hypochondriacus) | Bovine (Bos taurus) b-caseins | Bovine Beta Casein5 | Casein | Casein (Beta Casein) | Casein (Β-casein) | Casein β-lg f | Cereals (Rye) | Cereals (Wheat (Gamma-gliadin from wheat (Triticum aestivum))) | Cereals storage protein | Cheese (Swiss) | Chicken (Gallus gallus) | Fermentation with L. helveticus and S. cerevisiae | Lactobacillus helveticus milk | Milk | Milk (Fermented Milk) | Milk (Skimmed milk) | Milk (b-casein) | Milk (sour milk) | Milk derived | Milk proteins | Sour milk | Β-CN f,Cushman and Cheung (1971),1200 | 1275 | 1583 | 1671 | 1711 | 2009 | 2244 | 2740 | 2971 | 3205 | 3403 | 3589 | 3628 | 3735 | 3774 | 4043 | 4122 | 4178 | 4799 | 4963 | 4964 | 5125 | 5262 | 5515 | 5572 | 5629 | 6092 | 6442
IPP,27,2,5 | 5.15,Bovine (Bos taurus) b-caseins | Casein | Casein β-lg f | Cereals (Rye) | Cereals (Wheat (Alpha/beta-wheat gliadin)) | Cereals (Wheat gliadins) | Cereals storage protein | Cheese (Swiss) | Fermentation with L. helveticus and S. cerevisiae | Milk | Milk (Fermented Milk) | Milk (Skimmed milk) | Milk (b-casein) | Milk (human casein) | Milk (sour milk) | Milk derived | Milk proteins | Sour milk | Β- and κ-casein | Β-CN f,Cushman and Cheung (1971) | Kasahara and Ashihara (1981),1147 | 1276 | 1545 | 1625 | 1672 | 1710 | 2008 | 2243 | 2741 | 2970 | 3402 | 3629 | 3732 | 3775 | 3954 | 4081 | 4177 | 4750 | 4965 | 4966 | 5126 | 5219 | 5514 | 5573 | 6046 | 6093 | 6440
RF,23,2,392.2 | 93,Amaranth (Amaranthus hypochondriacus) | Casein | Cereals (Sake (Japanese alcoholic beverage made from rice)) | Cereals storage protein | Chicken (Gallus gallus) | Chicken connectin | Legume (Mung bean sprout sake) | Milk | Milk (bovine lactoglobulin) | Sake | Sake and sake lees | Sake lees | Sweet-potato tuber trypsin inhibitor,"Cushman and Cheung (1971) | TLC (Holmquist et al., 1979)",1184 | 1251 | 1370 | 1505 | 1666 | 1921 | 3202 | 3793 | 4019 | 4110 | 4242 | 4439 | 4499 | 4688 | 4961 | 4962 | 5425 | 5450 | 5567 | 5620 | 5860 | 6155 | 6408
DG,20,2,12.3 | 2.15,Bovine b-casein | Bovine lactoferrin (Bos taurus) | Cereals storage protein | Chicken (Gallus gallus) | Fish (Carp (Cyprinus carpio) parvalbumin) | Pork sarcoplasmic proteins | Shrimp | Soybean | Soybean (Defatted soybean meal) | Soybean (Glycine max) | Soybean Protein,Cushman and Cheung (1971) | He et al. | RP-HPLC with Cushman and Cheung (1971),1042 | 1265 | 1404 | 1492 | 1694 | 1830 | 2911 | 3161 | 3189 | 3263 | 3317 | 3471 | 3826 | 3896 | 4396 | 4532 | 4666 | 5141 | 6224 | 6667
YL,20,2,122 | 82,Alpha-lactalbumin and Beta Lactoglobulin | Amaranth (Amaranthus hypochondriacus) | Bovine lactoferrin (Bos taurus) | Cereals (Wheat (Alpha/beta-wheat gliadin)) | Cereals storage protein | Fish (Sardine (Sardina pilchardus muscle)) | Fish (Sardine) | Milk | Milk (Digested milk products) | Milk (bovine casein) | Pork sarcoplasmic proteins | Whey protein (Beta Lactoglobulin),"2,4,6-trinitrobenzene sulfonate(TNBS) method | Cushman and Cheung (1971)",1097 | 1211 | 1316 | 1362 | 1389 | 1409 | 2993 | 3168 | 3172 | 3550 | 3883 | 4054 | 4128 | 4378 | 4733 | 5184 | 5637 | 5843 | 6175 | 6465
KF,18,2,116 | 28.3,Bovine (Bos taurus) b-caseins | Bovine b-casein | Bovine lactoferrin (Bos taurus) | Cereals storage protein | Chicken (Gallus gallus) | Pork sarcoplasmic proteins | Royal jelly | Synthesized | Wakame (Undaria pinnatifida),Cushman and Cheung (1971) | Modified Lieberman’s method,1447 | 1456 | 2673 | 2774 | 2850 | 3010 | 3040 | 3269 | 3318 | 3433 | 3507 | 3966 | 4737 | 5158 | 5424 | 6259 | 6678 | 6875
YG,18,2,1522 | 1523,Alpha-Lactoglobulin | Alpha-lactalbumin and Beta Lactoglobulin | Amaranth (Amaranthus hypochondriacus) | Bovine b-casein | Bovine lactoferrin (Bos taurus) | Cereals storage protein | Chicken (Gallus gallus) | Milk | Pork sarcoplasmic proteins,,1206 | 1327 | 1351 | 1387 | 1480 | 2998 | 3210 | 3303 | 3548 | 3598 | 3803 | 4053 | 4423 | 4509 | 4656 | 5428 | 5635 | 6467
GI,17,2,1200 | 1300,Anchovy (sauce) | Bovine b-casein | Bovine lactoferrin (Bos taurus) | Cereals (Wheat (Gamma-gliadin from wheat (Triticum aestivum))) | Cereals storage protein | Chicken (Gallus gallus) | Fish (Carp (Cyprinus carpio) parvalbumin) | Pork sarcoplasmic proteins,Cushman and Cheung (1971),1395 | 1422 | 1684 | 3048 | 3231 | 3310 | 3485 | 3558 | 3800 | 3839 | 3922 | 4425 | 4506 | 4647 | 5150 | 5646 | 6582
GR,17,2,162.2 | 3200,Bovine lactoferrin (Bos taurus) | Cereals storage protein | Chicken (Gallus gallus) | Pork (Sus domesticus skeletal muscle) | Pork sarcoplasmic proteins,Sentandreu and Toldra (2006),1427 | 3000 | 3042 | 3085 | 3114 | 3236 | 3491 | 3807 | 3933 | 4416 | 4513 | 4668 | 5152 | 5421 | 5434 | 6109 | 6589
IF,17,2,65.8 | 930,Bovine b-casein | Cereals (Wheat (Gamma-gliadin from wheat (Triticum aestivum))) | Cereals storage protein | Chicken (Gallus gallus) | Pork sarcoplasmic proteins | Royal jelly | Soybean (Salt-free soy sauce) | Soybean Sauce,Kasahara and Ashihara (1981) | Modified Lieberman’s method,1448 | 1897 | 2593 | 2674 | 2978 | 3102 | 3230 | 3332 | 3563 | 3797 | 3948 | 4428 | 4503 | 4700 | 5418 | 5420 | 6579
GRP,15,2,19.9 | 20,Amaranth (Amaranthus hypochondriacus) | Bovine lactoferrin (Bos taurus) | Chicken connectin | Fish (Sardine (Sardina pilchardus muscle)) | Fish (Sardine muscle) | Fish (Sardine) | Milk | Pork sarcoplasmic proteins,"2,4,6-trinitrobenzene sulfonate(TNBS) method | Cushman and Cheung (1971)",1100 | 1139 | 1529 | 3082 | 3492 | 4074 | 4545 | 4630 | 4826 | 5081 | 5211 | 5459 | 5590 | 6179 | 6362
AA,14,2,51.4 | 620,Bovine lactoferrin (Bos taurus) | Cereals (Wheat (Gamma-gliadin from wheat (Triticum aestivum))) | Cereals storage protein | Chicken (Gallus gallus) | Fish (Carp (Cyprinus carpio) parvalbumin) | Pork (Sus domesticus skeletal muscle) | Pork sarcoplasmic proteins,Sentandreu and Toldra (2006),1680 | 2982 | 3229 | 3464 | 3552 | 3608 | 3832 | 3885 | 4431 | 4538 | 4684 | 5134 | 6112 | 6576
AVPYPQR,14,2,15 | 274,Bovine (Bos taurus) b-caseins | Bovine Beta Casein | Bovine casein proteins | Casein | Casein (Β-casein) | Enzymatic-hydrolysis (Hydrolysis with trypsin) | Fig (Ficus carica) | Milk | Milk (bovine casein) | Milk (bovine) | Milk proteins,Cushman and Cheung (1971) | Kasahara and Ashihara (1981),1126 | 1657 | 1732 | 3393 | 3604 | 3612 | 4067 | 4144 | 4269 | 5031 | 5558 | 5844 | 5902 | 6400
GQ,14,2,1910 | 7000,Bovine lactoferrin (Bos taurus) | Cereals (Wheat (Gamma-gliadin from wheat (Triticum aestivum))) | Cereals storage protein | Chicken (Gallus gallus) | Legumin | Pork sarcoplasmic proteins,,1431 | 1450 | 1997 | 2994 | 3068 | 3243 | 3490 | 3560 | 3818 | 3932 | 4405 | 4524 | 4701 | 6596
LKPNM,14,2,17 | 2.4,Aldolase | Fish | Fish (Bonita) | Fish (Bonito (Sarda - dried bonito (katsuobusi))) | Fish (Dried Bonito) | Fish (Dried bonito hydrolysate) | Fish (bonito muscle) | Fish proteins,"ACE inhibitory assay kit (ACE kit-WST, Dojindo Lab | Cushman and Cheung (1971) | Cushman and Cheung (1971), Yamamoto and others",1022 | 1068 | 1072 | 1659 | 1952 | 2024 | 2944 | 3769 | 4221 | 5006 | 5328 | 5512 | 5560 | 5660
RY,14,2,10.5 | 51,Amaranth (Amaranthus hypochondriacus) | Bovine lactoferrin (Bos taurus) | Cereals storage protein | Chicken (Gallus gallus) | Chicken connectin | Fish (Sardine (Sardina pilchardus muscle)) | Fish (Sardine muscle) | Fish (Sardine) | Milk,"2,4,6-trinitrobenzene sulfonate(TNBS) method | Cushman and Cheung (1971)",1094 | 1186 | 1356 | 1375 | 3196 | 3536 | 3597 | 4024 | 4112 | 4706 | 5171 | 5622 | 6172 | 6364
KVLPVPQ,13,2,1000 | 522.67,Bovine (Bos taurus) b-caseins | Bovine casein proteins | Casein | Casein (Beta Casein) | Casein (Β-casein) | Casein hydrolysate | Enzymatic-hydrolysis (Hydrolysis with a proteinase from L. helveticus CP790) | Milk (Sodium caseinate) | Milk proteins | Β-CN f,Cushman and Cheung (1971) | Holmquist et al. (1979),1342 | 1731 | 1762 | 1958 | 2508 | 2974 | 3460 | 4168 | 4271 | 5030 | 5033 | 6059 | 6417
TF,13,2,18 | 810,Cereals (Wheat (Triticum aestivum wheat bran)) | Cereals (Wheat bran) | Cereals storage protein | Pork sarcoplasmic proteins | Rapeseed protein | Rapeseed proteins,Cushman and Cheung (1971) | Holmquist et al. (1979) | Modified Lieberman’s method,1288 | 1360 | 1407 | 1935 | 2735 | 2959 | 3003 | 4030 | 4715 | 5174 | 5547 | 6283 | 6759
FFVAPFPEVFGK,12,2,18 | 77,Beta-CN | Bovine alpha s2-casein | Bovine casein proteins | Casein | Casein (Αs1-casein) | Casein derived | Milk | Milk (Goat milk protein) | Milk (bovine casein),"Cushman and Cheung (1971) | Nakamura et al. (1995), Vermeirssen et al.",1347 | 1656 | 3669 | 3748 | 4272 | 5052 | 5534 | 5550 | 5557 | 5834 | 5846 | 6704
IQP,12,2,3.8 | 5.77,Algae (Spirulina platensis) | Cereals (Wheat (Triticum aestivum wheat bran)) | Cereals (Wheat bran) | Cereals storage protein | Milk derived | Nori (Porphyra yezoensis),Cushman and Cheung (1971) | Modified Lieberman’s method,1284 | 1931 | 2288 | 2731 | 3956 | 4261 | 4753 | 4983 | 5115 | 5220 | 6279 | 6758
KVLPVP,12,2,4.6 | 5,Bovine (Bos taurus) b-caseins | Casein | Casein (Β-casein) | Casein hydrolysate | Clostripain | Enzymatic-hydrolysis (Hydrolysis with a proteinase from L. helveticus CP790) | Milk proteins | Β-CN f,Cushman and Cheung (1971),1341 | 1730 | 1761 | 1959 | 2339 | 3406 | 3681 | 4167 | 5012 | 5013 | 5020 | 6498
RPKHPIKHQ,12,2,13 | 13.4,Cheese | Cheese (Cheddar (with probiotics)) | Cheese (Gouda cheese) | Cheese (Gouda) | Milk | Milk (Digested milk products) | Milk (Sodium caseinate) | Milk proteins | Αs1-CN f,Abubakar et al. | Cushman and Cheung (1971) | Holmquist et al. (1979),1704 | 2366 | 2760 | 3617 | 3623 | 4192 | 4379 | 4608 | 5043 | 5685 | 6065 | 6494
IRP,11,2,1.8 | 1.9,Cereals (Finnish) | Chicken (Gallus gallus) | Egg proteins | Fish (Bonito (Sarda bowel autolysate)) | Fish (Bonito bowel) | Milk,"Cushman and Cheung (1971) | Cushman and Cheung (1971), Maruyama and Suzuki",1632 | 2038 | 2209 | 2566 | 2571 | 3215 | 4759 | 5097 | 5222 | 5670 | 6533
MNPPK,11,2,945.5 | 954.99,Meat (porcine muscle) | Porcine Skeletal Muscle Myosin | Porcine myosin | Porcine myosin hydrolysate | Porcine skeletal muscle | Pork skeletal muscle proteins,"Cushman and Cheung (1971) | Cushman and Cheung (1971), Yamamoto and others",2018 | 2527 | 2701 | 2901 | 3722 | 3764 | 4205 | 5003 | 5715 | 6557 | 6868
EY,10,2,1289.03 | 2.68,Bovine b-casein | Bovine lactoferrin (Bos taurus) | Cereals storage protein | Chicken (Gallus gallus) | Fish (Shark meat hydrolysate) | Fish (Shark meat) | Fish (Shark),Cushman and Cheung (1971) | He et al.,1115 | 2819 | 3276 | 3322 | 3477 | 3903 | 4722 | 5145 | 6193 | 6700
FQP,10,2,0 | 12,Actin | Amaranth (Amaranthus hypochondriacus) | Cereals (Wheat (Alpha/beta-wheat gliadin)) | Cereals storage protein | Fish (Bonito (Sarda - dried bonito (katsuobusi))) | Fish (Dried Bonito) | Fish (Dried bonito),"Cushman and Cheung (1971) | Cushman and Cheung (1971), Yamamoto and others",1069 | 3910 | 4072 | 4628 | 4785 | 5064 | 5203 | 5586 | 5662 | 6338
IAK,10,2,15.7 | 15700,Egg (Ovine milk) | Enzymatic-hydrolysis (Hydrolysis with digestive enzymes) | Milk (Ovine milk product) | Milk (Ovine milk proteins) | Milk (bovine lactoglobulin) | Milk Casein derived | Milk proteins | Milk-Cheese (Sheep milk and cheeses proteins) | Pork sarcoplasmic proteins | Κ-CN f,Cushman and Cheung (1971),1001 | 1733 | 2632 | 3118 | 4153 | 4187 | 4322 | 4967 | 5866 | 6613
IVGRPRHQG,10,2,2.4 | 6.2,Actin | Chicken muscle | Fish (Bonito (Sarda - dried bonito (katsuobusi))) | Fish (Dried Bonito) | Fish (Dried bonito hydrolysate) | Fish (Dried bonito),"Cushman and Cheung (1971) | Cushman and Cheung (1971), Yamamoto and others",1065 | 2319 | 2602 | 2897 | 4224 | 4598 | 4599 | 5044 | 5657 | 6341
VSP,10,2,10 | 21.8,Alpha-zein | Amaranth (Amaranthus hypochondriacus) | Cereals (Maize (Zea mays)) | Cereals storage protein | Milk | Milk (bovine lactoglobulin) | Pork sarcoplasmic proteins,Cushman and Cheung (1971),1638 | 2237 | 3153 | 4047 | 4808 | 5265 | 5631 | 5802 | 5872 | 6455
VVYPWTQRF,10,2,5.5 | 66,Oyster | Oyster mantle | Oyster protein hydrolysate | Oyster(Crassostrea talienwhanensis Crosse),Cushman and Cheung (1971),1047 | 2342 | 2739 | 2826 | 2880 | 2923 | 3713 | 4216 | 4474 | 4614
YPFPGPIPN,10,2,14.8 | 15,Cheese | Cheese (Gouda cheese) | Cheese (Gouda) | Milk | Milk (Sodium caseinate) | Milk proteins | Β-CN f,Abubakar et al. | Cushman and Cheung (1971) | Holmquist et al. (1979),1709 | 2373 | 2762 | 3619 | 4193 | 4609 | 5037 | 5687 | 6063 | 6497
AIP,9,2,350 | 670,Amaranth (Amaranthus hypochondriacus) | Casein (Beta Casein) | Milk | Milk (bovine lactoglobulin) | Milk (human casein) | Milk derived,Cushman and Cheung (1971) | Kasahara and Ashihara (1981),1121 | 2258 | 2268 | 4752 | 5191 | 5580 | 5862 | 6044 | 6473
LHLPLPL,9,2,425 | 432.7,Fermentation with E. faecalis | Milk | Milk (Bovine skim milk) | Milk (Fermented Milk) | Milk (Goat milk protein) | Milk proteins | Β-CN f,Cushman and Cheung (1971),1713 | 2493 | 2495 | 4181 | 4344 | 5026 | 5526 | 5821 | 6551
LKY,9,2,0.78 | 10.1,Antarctic krill (Euphausia superba) | Sesame | Sesame (Sesamum indicum) | Sesame protein hydrolysate,Friedland and Silverstein (1976) | Holmquist et al. (1979),1881 | 2752 | 2767 | 4777 | 4780 | 5228 | 5229 | 5649 | 6188
LPLP,9,2,703 | 720,Bovine (Bos taurus) b-caseins | Human (Human Beta Casein) | Human (Synthetic peptide of Human beta casein) | Milk | Milk (human β casein),"Cushman and Cheung (1971), Gonzalez-Gonzalez et al | Kasahara and Ashihara (1981)",3455 | 3666 | 4454 | 4891 | 5290 | 6000 | 6328 | 6786 | 6825
MY,9,2,193 | 194.98,Amaranth (Amaranthus hypochondriacus) | Cereals storage protein | Fish (Sardine (Sardina pilchardus muscle)) | Fish (Sardine muscle) | Fish (Sardine),"2,4,6-trinitrobenzene sulfonate(TNBS) method | Cushman and Cheung (1971)",1095 | 1357 | 2792 | 3997 | 4726 | 5166 | 5615 | 6173 | 6372
PYVRYL,9,2,1.9 | 2.4,Enzymatic-hydrolysis (Hydrolysis with pepsin) | Milk | Milk (Caprine Kefir) | Milk (caprine kefir) | Milk proteins | Milk-Cheese (Goat milk protein and cheeses) | Milk-Cheese (Sheep milk and cheeses proteins) | Αs2-CN f,"ACE inhibitory assay kit (ACE kit-WST, Dojindo Lab | Cushman and Cheung (1971)",1021 | 1725 | 2614 | 4149 | 4283 | 4311 | 5016 | 5382 | 5942
AYFYPEL,8,2,6.58 | 6.6,Casein | Enzymatic-hydrolysis (Hydrolysis with pepsin) | Milk proteins | Miso paste with casein | Αs1-CN f,Cushman and Cheung (1971),1719 | 1758 | 2348 | 2612 | 2951 | 3680 | 4147 | 5032
FFVAP,8,2,503.51 | 6,Bovine casein proteins | Casein | Human (Synthetic peptide of Human beta casein) | Milk (bovine casein),Cushman and Cheung (1971) | Kasahara and Ashihara (1981),2505 | 3610 | 3670 | 4273 | 5313 | 5845 | 6416 | 6856
GPM,8,2,17.13 | 17.3,Fish (Alaska pollack (Theragra chalcogramma)) | Fish skin | Gelatin hydrolysate,"Cushman and Cheung (1971) | Cushman and Cheung (1971), Yamamoto and others | He et al.",1109 | 1586 | 2756 | 2962 | 4806 | 5072 | 5210 | 5576
IWHHT,8,2,5.1 | 5.8,Fish (Bonito (Sarda - dried bonito (katsuobusi))) | Fish (Dried Bonito) | Fish (Dried bonito hydrolysate) | Fish (Dried bonito) | Meat protein,"Cushman and Cheung (1971) | Cushman and Cheung (1971), Yamamoto and others",1066 | 2140 | 2344 | 4223 | 5007 | 5323 | 5658 | 6345
MRW,8,2,0.6 | 58,Spinach | Spinach (Spinacia oleracea) | Spinach Rubisco | Spinach rubisco,"Cushman and Cheung (1971) | Cushman and Cheung (1971), Maruyama and Suzuki",1654 | 1923 | 2574 | 4816 | 5124 | 5241 | 6226 | 6229
RFH,8,2,330 | 331,Chicken (Gallus gallus) | Fish (Sardine (Sardina pilchardus muscle)) | Fish (Sardine muscle) | Fish (Sardine),"2,4,6-trinitrobenzene sulfonate(TNBS) method | Cushman and Cheung (1971)",1101 | 1530 | 3200 | 4751 | 5082 | 5246 | 6180 | 6371
VLIVP,8,2,1.69 | 4.2,Glycinin from soybean | Protease P | Soybean | Soybean (Glycine max) | Soybean glycinin | Soybean-derived,"Cushman and Cheung (1971) | Wu and Ding, 2002",1831 | 1981 | 2330 | 2755 | 4636 | 5345 | 6222 | 6490
WL,8,2,29.9 | 65,"Soybean (Fermented soybean) | Soybean (Glycine max fermented food, tofuyo) | Soybean (Glycine max) | Soybean (Tofoyu) | Soybean (tofuyo fermented soybean food)",Cushman and Cheung (1971) | Lieberman's method,1463 | 1900 | 2968 | 4724 | 5181 | 6216 | 6220 | 6862
GHF,7,2,1001 | 1100,Fish (Bonito (Sarda bowel autolysate)) | Fish (Bonito bowel),"Cushman and Cheung (1971) | Cushman and Cheung (1971), Maruyama and Suzuki",2562 | 2567 | 4791 | 5096 | 5205 | 5668 | 6624
LHP,7,2,2107.11 | 3201.71,Marine shrimp meat | Shrimp | Shrimp hydrolysate | Shrimp meat | Soybean whey proteins,Cushman and Cheung (1971),1837 | 2825 | 2868 | 2925 | 3688 | 4213 | 4978
MAIPPKK,7,2,117.342 | 4785,Bovine k-casein macropeptide | CMP f | Casein (Caseinomacropeptide) | Enzymatic-hydrolysis (Hydrolysis with trypsin (casein macropeptide)) | Milk proteins | Milk-Cheese (Goat milk protein and cheeses) | Milk-Cheese (Sheep milk and cheeses proteins),Atherton and Sheppard (1989) | Cushman and Cheung (1971),1007 | 1335 | 1737 | 4145 | 4299 | 4325 | 5029
PPK,7,2,1000 | 1001,Cereals storage protein | Chicken (Gallus gallus) | Porcine Skeletal Muscle Myosin | Porcine myosin | Porcine skeletal muscle protein,Cushman and Cheung (1971),1553 | 3261 | 3726 | 4008 | 5087 | 6632 | 6871
WLAHK,7,2,176.4 | 77,Alpha-Lactoglobulin | Bovine b-casein | Milk | Milk (caprine whey) | Whey (Whole whey protein) | Whey protein,Holmquist et al. (1979) | Vermeirssen et al.,1205 | 1305 | 1332 | 2460 | 3305 | 5944 | 6478
AAP,6,2,0 | 30,Amaranth (Amaranthus hypochondriacus) | Casein | Chicken (Myosin skeletal muscles of chicken) | Milk (bovine casein),Cushman and Cheung (1971),4062 | 4740 | 5187 | 5579 | 5850 | 6360
AFL,6,2,63.8 | 65.2,Algae (Chlorella vulgaris) | Shrimp (Acetes chinensis),Cushman and Cheung (1971),1031 | 1570 | 1862 | 4743 | 5188 | 6200
ALPHA,6,2,10 | 79,Fish (Bonito (Sarda - dried bonito (katsuobusi))) | Fish (Bonito (Sarda bowel)) | Fish (Dried Bonito) | Fish (Dried bonito),Cushman and Cheung (1971),1067 | 5309 | 5310 | 5659 | 5672 | 6340
ALPP,6,2,0 | 280,Amaranth (Amaranthus hypochondriacus) | Casein (Beta Casein) | Human (Synthetic peptide of Human beta casein) | Milk (human β casein),Kasahara and Ashihara (1981),4931 | 5278 | 5581 | 6011 | 6388 | 6836
DKIHP,6,2,113 | 113.1,Cheese (Manchego cheese) | Milk-Cheese (Goat milk protein and cheeses) | Milk-Cheese (Sheep milk and cheeses proteins),Cushman and Cheung (1971),2450 | 3661 | 4288 | 4290 | 4313 | 5693
LAMA,6,2,1062 | 556,Amaranth (Amaranthus hypochondriacus) | Cereals (Wheat (Gamma-gliadin from wheat (Triticum aestivum))) | Cereals storage protein | Milk | Whey protein | Whey protein (Beta Lactoglobulin),Vermeirssen et al.,1157 | 1310 | 3570 | 3975 | 5600 | 6483
LNVPGEIVE,6,2,300 | 300.1,Bovine (Bos taurus) b-caseins | Milk (Fermented Milk) | Milk (fermented milk) | Whey protein hydrolysate,Cushman and Cheung (1971),2477 | 3409 | 3648 | 5951 | 5955 | 6504
LVYPFTGPIPN,6,2,27.9 | 27900,Egg white protein | Milk (Caprine Kefir) | Milk (caprine kefir) | Milk proteins | Milk-Cheese (Goat milk protein and cheeses) | Β-CN f,Cushman and Cheung (1971),2615 | 4185 | 4297 | 4476 | 5047 | 5943
MKPWIQPK,6,2,300 | 450,Enzymatic-hydrolysis (Hydrolysis with a proteinase from L. helveticus CP790) | Milk (Sodium caseinate) | Milk proteins | Αs2-CN f,Cushman and Cheung (1971) | Holmquist et al. (1979),1723 | 2497 | 4164 | 5041 | 6064 | 6379
SLVYP,6,2,40 | 44.89,"Bovine (Bos taurus) b-caseins | Bovine Beta Casein3 | Milk | Milk (bovine, buffalo and ovine β-casein)",Kasahara and Ashihara (1981),1188 | 2420 | 3370 | 4114 | 5341 | 5910
FE,5,2,1.45 | 1359.11,Fish (Shark meat) | Fish (Shark),Cushman and Cheung (1971) | He et al.,1117 | 2821 | 4725 | 5146 | 6195
FKGRYYP,5,2,0.55 | 2.33,Chicken muscle | Creatine kinase | Food-protein,"Cushman and Cheung (1971) | Cushman and Cheung (1971), Yamamoto and others",1956 | 2318 | 2601 | 2896 | 6563
FPEVFGK,5,2,140 | 90.6,Milk (Bovine skim milk) | Milk (Digested milk products) | Milk (bovine casein) | Whey protein hydrolysate,Cushman and Cheung (1971),2443 | 4373 | 4383 | 5851 | 6506
GPV,5,2,4.67 | 4.7,Bovine (Bos taurus) b-caseins | Bovine skin gelatin | Cereals storage protein,Cushman and Cheung (1971),1544 | 2016 | 3415 | 3931 | 6529
GRVMP,5,2,179.67 | 250,Human (Human Beta Casein) | Human (Synthetic peptide of Human beta casein) | Milk (human β casein),Kasahara and Ashihara (1981),2462 | 5314 | 5991 | 6287 | 6816
IQY,5,2,2.8 | 2.9,Cereals storage protein | Egg proteins | Meat protein | Milk derived,"Cushman and Cheung (1971), Majumder & Wu (2009)",1970 | 1973 | 2095 | 2137 | 3957
LIY,5,2,0.8 | 0.82,Human A2-macroglobulin | Human α2-macroglobulin | Synthesized,Cushman and Cheung (1971),1538 | 2860 | 4631 | 5098 | 6644
MRWRD,5,2,2.09 | 2.1,Spinach | Spinach (Spinacia oleracea) | Spinach Rubisco,"Cushman and Cheung (1971) | Cushman and Cheung (1971), Maruyama and Suzuki",1922 | 2315 | 2573 | 5331 | 6228
NIPPLTQTPV,5,2,173 | 173.3,Bovine (Bos taurus) b-caseins | Milk (Fermented Milk) | Milk (fermented milk) | Whey protein hydrolysate,Cushman and Cheung (1971),2458 | 3410 | 3647 | 5952 | 6505
PQEVLP,5,2,800 | 910,Human (Human Beta Casein) | Human (Synthetic peptide of Human beta casein) | Milk (human β casein),Kasahara and Ashihara (1981),2521 | 5375 | 6018 | 6318 | 6843
PQNILP,5,2,177.33 | 440,Human (Human Beta Casein) | Human (Synthetic peptide of Human beta casein) | Milk (human β casein),Kasahara and Ashihara (1981),2461 | 5376 | 5985 | 6292 | 6810
PQPIP,5,2,340 | 407,Human (Human Beta Casein) | Human (Synthetic peptide of Human beta casein) | Milk (human β casein),Kasahara and Ashihara (1981),2489 | 5334 | 6007 | 6324 | 6832
RPKHPI,5,2,40.3 | 40.74,Cheese (Cheddar (with probiotics)) | Milk (Sodium caseinate),Cushman and Cheung (1971) | Holmquist et al. (1979),2414 | 3625 | 5386 | 6056 | 6081
SKVYP,5,2,1.4 | 2530.83,Casein (Beta Casein) | Milk | Milk (Fermented Milk) | Milk and colostrum,,1747 | 2306 | 3640 | 3747 | 6514
SLPQ,5,2,330 | 744.081,Milk (Goat milk hydrolysate) | Milk (goat) | Milk-Cheese (Goat milk protein and cheeses),"Cushman and Cheung (1971) | Wu J et al., 2002",2559 | 4286 | 4915 | 5297 | 5962
SQPK,5,2,354 | 772.066,Milk (Goat milk hydrolysate) | Milk (goat) | Milk-Cheese (Goat milk protein and cheeses),"Cushman and Cheung (1971) | Wu J et al., 2002",2560 | 4287 | 4921 | 5299 | 5963
TGPIPN,5,2,316 | 528.72,Milk (Goat milk hydrolysate) | Milk (Goat milk protein) | Milk (goat) | Milk-Cheese (Goat milk protein and cheeses),"Cushman and Cheung (1971) | Wu J et al., 2002",2558 | 4285 | 5387 | 5525 | 5961
YPFPGPI,5,2,299.25 | 500,Bovine (Bos taurus) b-caseins | Bovine casein proteins,,2476 | 3430 | 3461 | 4268 | 6651
GPPP,4,2,0.86 | 3711.59,Fish (Catfish muscle) | Fish (Catfish sarcoplasmic protein) | Fish muscle proteins,Shalaby et al. (2006),2888 | 2914 | 3684 | 3717
HPHPHLSF,4,2,28.9 | 28900,Enzymatic-hydrolysis (Hydrolysis with digestive enzymes) | Milk Casein derived | Milk proteins | Κ-CN f,Cushman and Cheung (1971),1736 | 4156 | 4190 | 5035
HQIYP,4,2,110 | 71.5,Human (Human Beta Casein) | Human (Synthetic peptide of Human beta casein) | Milk (human β casein),Kasahara and Ashihara (1981),2429 | 6025 | 6312 | 6850
IAIPP,4,2,600 | 900,Milk (human casein),Kasahara and Ashihara (1981),2525 | 5319 | 6048 | 6655
KDERF,4,2,431.15 | 848,Egg (Ovine milk) | Milk (Ovine milk product) | Milk (Ovine milk proteins),Cushman and Cheung (1971),1004 | 2494 | 2635 | 6614
LVRT,4,2,1000 | 2470,Milk (caprine lactoglobulin),Cushman and Cheung (1971),4932 | 5293 | 5926 | 6711
MKG,4,2,24 | 71.8,Casein β-lg f | Milk derived | Whey protein (Beta Lactoglobulin),,1307 | 2263 | 5131 | 6619
RLPSEFDLSAFLRA,4,2,283.452 | 52,Fungi (Mushroom (Branched Oyster Mushroom (Pleurotus cornucopiae))) | Fungi (Mushroom (Pleurotus cornucopiae)) | Fungi (Pleurotus cornucopiae),Cushman and Cheung (1971),1292 | 1822 | 4262 | 6858
RLSGQTIEVTSEYLFRH,4,2,1079 | 559.575,Fungi (Mushroom (Branched Oyster Mushroom (Pleurotus cornucopiae))) | Fungi (Mushroom (Pholiota adiposa)) | Fungi (Mushroom (Pleurotus cornucopiae)) | Fungi (Pleurotus cornucopiae),Cushman and Cheung (1971),1293 | 1823 | 4263 | 6859
VRGPFP,4,2,505.28 | 592,Cheese (Manchego cheese) | Milk (Bovine skim milk),Cushman and Cheung (1971),2506 | 4336 | 5397 | 5692
WQVLPNAVPAK,4,2,10.1 | 10100,Enzymatic-hydrolysis (Hydrolysis with digestive enzymes) | Milk Casein derived | Milk proteins | Κ-CN f,Cushman and Cheung (1971),1735 | 4155 | 4189 | 5051
YAKPVA,4,2,14.3 | 14300,Enzymatic-hydrolysis (Hydrolysis with digestive enzymes) | Milk Casein derived | Milk proteins | Κ-CN f,Cushman and Cheung (1971),1734 | 4154 | 4188 | 5014
YALPHA,4,2,22.87 | 9.8,Squid (Todarodes pacificus) | Squid liver and mantle muscle,Hayakari et al. (1978),2389 | 5401 | 6231 | 6348
YIPIQYVLSR,4,2,132.5 | 174.5,A-casein | Milk | Milk (bovine lactoglobulin),Cushman and Cheung (1971),1209 | 2459 | 5861 | 6414
AYFYP,3,2,1001 | 500,A-casein | Milk,,1128 | 2502 | 6438
AYFYPE,3,2,106 | 116,Casein | Milk,,1129 | 2451 | 6420
EVMAGNLYPG,3,2,18.4 | 18.4157,Blue mussel (Mytilus edulis),Cushman and Cheung (1971),1046 | 2738 | 5655
FQKVVAG,3,2,7.4 | 7.41,Hemoglobulin,,2353 | 2354 | 6351
FW,3,2,3.9 | 5.9,Cereals (Barley protein B-Hordein) | Egg proteins | Legume (Pea proteins),Cushman and Cheung (1971),1990 | 2005 | 2037
GPAGAPGAA,3,2,37 | 37.15,Gelatin,"Using the synthetic substrate, benzoyl-Gly-Gly-Gly",2410 | 4604 | 5747
GPCSR,3,2,275.8 | 61.67,Sweet-potato | Sweet-potato tuber defensin,"ACE inhibitory assay kit (ACE kit-WST, Dojindo Lab | TLC (Holmquist et al., 1979)",1017 | 1025 | 1238
HPIKH,3,2,1258.93 | 1269.2,Milk (Sodium caseinate),Cushman and Cheung (1971),2533 | 5318 | 6083
IAYKPAG,3,2,4.17 | 4.2,Spinach (Spinacia oleracea) | Spinach Rubisco,"Cushman and Cheung (1971) | Cushman and Cheung (1971), Maruyama and Suzuki",2329 | 2576 | 6227
IRPVQ,3,2,1.4 | 1.41,Fish (Bonito (Sarda bowel)),Cushman and Cheung (1971),2307 | 5322 | 5674
LHLPAP,3,2,4.2 | 6,Milk (β-casein),Sentandreu and Toldra (2006),4645 | 5362 | 5827
LLNPPHQIYP,3,2,0 | 9.6,Casein (Beta Casein) | Human (Synthetic peptide of Human beta casein) | Milk (human β casein),Kasahara and Ashihara (1981),6030 | 6387 | 6855
LNPPHQIYP,3,2,0 | 25,Casein (Beta Casein) | Human (Synthetic peptide of Human beta casein) | Milk (human β casein),Kasahara and Ashihara (1981),6029 | 6391 | 6854
LVYPFPGP,3,2,165.681 | 181.97,Milk (Sodium caseinate) | Milk-Cheese (Goat milk protein and cheeses),Cushman and Cheung (1971),2463 | 4289 | 6086
MDFLI,3,2,0.01 | 172.471,Chickpea (legumin fraction),Hayakari et al. (1978),1828 | 2295 | 6717
PANIKWGD,3,2,21 | 31.16,Casein (Beta Casein) | Pork (Sus domesticus muscle),Cushman and Cheung (1971),2403 | 6104 | 6392
PFFDPQIP,3,2,0 | 410,Casein (Beta Casein) | Human (Synthetic peptide of Human beta casein) | Milk (human β casein),Kasahara and Ashihara (1981),5993 | 6386 | 6818
PPHQIYP,3,2,0 | 22,Casein (Beta Casein) | Human (Synthetic peptide of Human beta casein) | Milk (human β casein),Kasahara and Ashihara (1981),6027 | 6389 | 6852
PTHIDW,3,2,12.88 | 13,Fish (Tuna (Neothunnus macropterus muscle)),Cushman and Cheung (1971),2365 | 5378 | 6244
PTHIKW,3,2,1.8 | 1.82,Fish (Tuna (Neothunnus macropterus muscle)),Cushman and Cheung (1971),2311 | 5379 | 6235
PTHVAW,3,2,1.5 | 1.51,Fish (Tuna (Neothunnus macropterus muscle)),Cushman and Cheung (1971),2309 | 5380 | 6249
QVSLNSGYY,3,2,0 | 22.91,Milk (Fermented Milk),,2390 | 4600 | 6397
RALP,3,2,650 | 970,Rapeseed protein | Rapeseed proteins,Holmquist et al. (1979),2953 | 2960 | 5548
RPK,3,2,36.7 | 91.8171,Milk-Cheese (Goat milk protein and cheeses) | Milk-Cheese (Sheep milk and cheeses proteins),Vermeirssen et al.,1585 | 4279 | 4309
SKVPP,3,2,74.13 | 74.22,Fish (Skipjack tuna (Katsuwonus pelamis-Indonesian dried salted fish)),Cushman and Cheung (1971),2433 | 5340 | 6203
VAWKL,3,2,31.62 | 31.97,Fish (Skipjack tuna (Katsuwonus pelamis-Indonesian dried salted fish)),Cushman and Cheung (1971),2404 | 5342 | 6201
VMDKPQG,3,2,38.9 | 39,Soybean,Cushman and Cheung (1971),1847 | 2412 | 2670
VVPPA,3,2,79.43 | 79.5,Algae (Chlorella vulgaris),Cushman and Cheung (1971),1034 | 1865 | 2435
VVYPW,3,2,0.36 | 383.228,Bulfrog (Rana catesbeiana Shaw) muscle protein | Porcine blood,Spectrophotometric method by Matzui et al.,2297 | 5010 | 6698
WSKVVL,3,2,154.88 | 156.28,Fish (Skipjack tuna (Katsuwonus pelamis-Indonesian dried salted fish)),Cushman and Cheung (1971),2452 | 5400 | 6202
YGFLP,3,2,232.33 | 260,Human (Human Beta Casein) | Human (Synthetic peptide of Human beta casein),Kasahara and Ashihara (1981),2470 | 6294 | 6805
YLYEIA,3,2,500 | 501.19,,,2501 | 2504 | 6688
YYAPFDGIL,3,2,83 | 83.18,Wine,,1908 | 2441 | 4615
AHEPVK,2,2,62.8 | 63,Fungi (Agaricus bisporus) | Fungi (Mushroom (P.Cystidiosus)),"ACE inhibitory assay kit (ACE kit-WST, Dojindo Lab",1015 | 3738
DW,2,2,13 | 257.93,Synthesized,,2794 | 2845
DYVGN,2,2,0.72 | 2.15,Synthesized,,2317 | 2864
GEGGP,2,2,106.28 | 254,Fungi (Mushroom (Tricholoma giganteum)) | Pholiota adiposa,Cushman and Cheung (1971),1294 | 2736
GPPGAP,2,2,11300 | 8600,Bovine (Bos taurus),,6955 | 6958
GTEKC,2,2,275.8 | 61.67,Sweet-potato | Sweet-potato tuber trypsin inhibitor,"ACE inhibitory assay kit (ACE kit-WST, Dojindo Lab | TLC (Holmquist et al., 1979)",1024 | 1250
IGSENSEKTTMP,2,2,773 | 773.1,Milk (bovine sodium caseinate),Cushman and Cheung (1971),2518 | 5892
IRY,2,2,0.59 | 0.6,Egg proteins,"Cushman and Cheung (1971), Majumder & Wu (2009)",1968 | 1971
LDIQK,2,2,27.6 | 390.67,Whey protein (Beta Lactoglobulin),,1308 | 2485
LIPPGVPY,2,2,17.38 | 17.5,Wine,,1907 | 2375
LKPMN,2,2,2.4 | 9.79,,,2360 | 6664
LRW,2,2,0 | 0.23,Legume (Pea proteins),Cushman and Cheung (1971),1989 | 6489
PSGQYY,2,2,100 | 344.1,,,2481 | 6728
PTHIKWG,2,2,7.59 | 7.6,Fish (Tuna (Neothunnus macropterus muscle)),Cushman and Cheung (1971),2355 | 6234
RMLGQTP,2,2,501.19 | 503,Porcine troponin,,2503 | 6774
SAYPGQITSN,2,2,0 | 7.08,Milk (Fermented Milk),,2352 | 6396
SKVYPFPGPI,2,2,1.7 | 1539.42,Milk (Fermented Milk) | Milk and colostrum,,3639 | 6515
TYLGS,2,2,0.86 | 2.56,Synthesized,,2320 | 2865
VGLPIF,2,2,30.9 | 39.1628,Small red bean (Vigna angularis),Cushman and Cheung (1971),2401 | 6205
VIEKYP,2,2,0.1 | 173,,,2457 | 6721
VKAGF,2,2,20.3 | 83,Porcine myosin B,"Cushman and Cheung (1971), Katayama et al. 2004",2439 | 2588
YPK,2,2,25.8315 | 25.8621,Broccoli (Brassica oleracea Italica),Cushman and Cheung (1971),1820 | 5683
YYAPF,2,2,26.3 | 26.4,Wine,,1909 | 2395
