分析分组,氨基酸,频数,频率
全部-二肽,A,10,0.10989
全部-二肽,C,0,0
全部-二肽,D,1,0.010989
全部-二肽,E,1,0.010989
全部-二肽,F,4,0.043956
全部-二肽,G,16,0.175824
全部-二肽,H,4,0.043956
全部-二肽,I,1,0.010989
全部-二肽,K,7,0.0769231
全部-二肽,L,10,0.10989
全部-二肽,M,3,0.032967
全部-二肽,N,2,0.021978
全部-二肽,P,11,0.120879
全部-二肽,Q,0,0
全部-二肽,R,6,0.0659341
全部-二肽,S,3,0.032967
全部-二肽,T,3,0.032967
全部-二肽,V,2,0.021978
全部-二肽,W,3,0.032967
全部-二肽,Y,4,0.043956
全部-三肽,A,7,0.037234
全部-三肽,C,1,0.00531915
全部-三肽,D,0,0
全部-三肽,E,2,0.0106383
全部-三肽,F,17,0.0904255
全部-三肽,G,12,0.0638298
全部-三肽,H,2,0.0106383
全部-三肽,I,3,0.0159574
全部-三肽,K,14,0.0744681
全部-三肽,L,14,0.0744681
全部-三肽,M,1,0.00531915
全部-三肽,N,3,0.0159574
全部-三肽,P,53,0.281915
全部-三肽,Q,2,0.0106383
全部-三肽,R,7,0.037234
全部-三肽,S,3,0.0159574
全部-三肽,T,2,0.0106383
全部-三肽,V,5,0.0265957
全部-三肽,W,12,0.0638298
全部-三肽,Y,28,0.148936
强活性-二肽,A,1,0.0555556
强活性-二肽,C,0,0
强活性-二肽,D,0,0
强活性-二肽,E,0,0
强活性-二肽,F,1,0.0555556
强活性-二肽,G,0,0
强活性-二肽,H,2,0.111111
强活性-二肽,I,0,0
强活性-二肽,K,1,0.0555556
强活性-二肽,L,3,0.166667
强活性-二肽,M,0,0
强活性-二肽,N,0,0
强活性-二肽,P,2,0.111111
强活性-二肽,Q,0,0
强活性-二肽,R,1,0.0555556
强活性-二肽,S,0,0
强活性-二肽,T,1,0.0555556
强活性-二肽,V,0,0
强活性-二肽,W,3,0.166667
强活性-二肽,Y,3,0.166667
强活性-三肽,A,5,0.047619
强活性-三肽,C,1,0.00952381
强活性-三肽,D,0,0
强活性-三肽,E,2,0.0190476
强活性-三肽,F,13,0.12381
强活性-三肽,G,5,0.047619
强活性-三肽,H,1,0.00952381
强活性-三肽,I,2,0.0190476
强活性-三肽,K,3,0.0285714
强活性-三肽,L,8,0.0761905
强活性-三肽,M,1,0.00952381
强活性-三肽,N,1,0.00952381
强活性-三肽,P,29,0.27619
强活性-三肽,Q,0,0
强活性-三肽,R,3,0.0285714
强活性-三肽,S,0,0
强活性-三肽,T,0,0
强活性-三肽,V,2,0.0190476
强活性-三肽,W,8,0.0761905
强活性-三肽,Y,21,0.2
