序列A,序列B,短肽类型,序列A中位数IC50_uM,序列B中位数IC50_uM,较强序列,倍数差,绝对log10差值,序列A活性分层,序列B活性分层,是否同为强活性
GGY,YGG,三肽,1.3,1001,GGY,770,2.88649,强活性,较弱活性,否
FL,LF,二肽,1.33,349,FL,262.406,2.41897,强活性,较弱活性,否
ITT,TTI,三肽,678.5,24.94,TTI,27.2053,1.43465,较弱活性,强活性,否
LGP,PGL,三肽,0.72,13.93,LGP,19.3472,1.28662,强活性,强活性,是
PLW,WLP,三肽,36,400,PLW,11.1111,1.04576,强活性,较弱活性,否
MW,WM,二肽,9.9,96.6,MW,9.75758,0.989342,强活性,中等活性,否
FHG,GHF,三肽,145.682,1050.5,FHG,7.21091,0.85799,中等活性,较弱活性,否
HY,YH,二肽,26.1,5.1,YH,5.11765,0.70907,强活性,强活性,是
AR,RA,二肽,95.5,460,AR,4.81675,0.682754,中等活性,较弱活性,否
IPY,YPI,三肽,206,52.3156,YPI,3.93764,0.595236,较弱活性,中等活性,否
GL,LG,二肽,2500,8800,GL,3.52,0.546543,较弱活性,较弱活性,否
GM,MG,二肽,1400,4800,GM,3.42857,0.535113,较弱活性,较弱活性,否
GLP,PLG,三肽,1.62,4.74,GLP,2.92593,0.466263,强活性,强活性,是
GS,SG,二肽,3800,8500,GS,2.23684,0.349635,较弱活性,较弱活性,否
GPL,LPG,三肽,2.6,5.73,GPL,2.20385,0.343181,强活性,强活性,是
GH,HG,二肽,3100,6300,GH,2.03226,0.307979,较弱活性,较弱活性,否
EG,GE,二肽,10000,5400,GE,1.85185,0.267606,较弱活性,较弱活性,否
GT,TG,二肽,5700,9900,GT,1.73684,0.23976,较弱活性,较弱活性,否
GK,KG,二肽,5400,3200,KG,1.6875,0.227244,较弱活性,较弱活性,否
NY,YN,二肽,32.6,51,NY,1.56442,0.194353,强活性,中等活性,否
AG,GA,二肽,2500,2000,GA,1.25,0.09691,较弱活性,较弱活性,否
GI,IG,二肽,1250,1200,IG,1.04167,0.0177288,较弱活性,较弱活性,否
