序列,短肽类型,记录数,精确IC50唯一值个数,精确IC50最小值_uM,精确IC50最大值_uM,精确IC50中位数_uM,最大最小倍数,稳定性等级,稳定性判定说明,来源种类数,Assay种类数,来源列表,Assay列表
GEP,三肽,5,4,0.04,3200,66.5781,80000,高冲突序列,多个精确IC50值，且最大最小倍数>10,3,1,Fungi (Mushroom (Hypsizygus marmoreus)) | Fungi (Mushroom (Tricholoma giganteum)) | Fungi (Mushroom Tricholoma Giganteum),Cushman and Cheung (1971)
IVY,三肽,10,5,0.48,14740,479,30708.3,高冲突序列,多个精确IC50值，且最大最小倍数>10,5,3,Cereals (Wheat Gliadin) | Cereals (Wheat germ) | Sesame | Sesame (Sesamum indicum) | Synthesized,"2,4,6-trinitrobenzene sulfonate(TNBS) method | Cushman and Cheung (1971) | Friedland and Silverstein (1976)"
IAP,三肽,6,3,2.7,25120,2692,9303.7,高冲突序列,多个精确IC50值，且最大最小倍数>10,3,1,Cereals (Wheat Gliadin) | Cereals (Wheat gliadin hydrolysate) | Cereals (Wheat gliadin),Friedland and Silverstein (1976)
VAP,三肽,12,6,2,3056,106.259,1528,高冲突序列,多个精确IC50值，且最大最小倍数>10,8,2,A-casein | Casein (Αs1-casein) | Fish (Grass carp muscle) | Fish muscle proteins | Grass carp | Grass carp protein hydrolysate | Milk (bovine casein) | Milk derived,"Cushman and Cheung (1971) | Wu J et al., 2002"
MF,二肽,7,4,0.92,1349.62,44.85,1466.98,高冲突序列,多个精确IC50值，且最大最小倍数>10,5,3,Fish (Sardine (Sardina pilchardus muscle)) | Fish (Sardine muscle) | Fish (Sardine) | Fish (Shark meat) | Fish (Shark),"2,4,6-trinitrobenzene sulfonate(TNBS) method | Cushman and Cheung (1971) | He et al."
AI,二肽,4,4,3.41,3415.84,2050.81,1001.71,高冲突序列,多个精确IC50值，且最大最小倍数>10,4,2,Soybean | Soybean (Glycine max - Fermented soybean seasoning) | Soybean (Soy sauce) | Soybean Sauce,"ACE color kit (Fujirebio Corp., Tokyo, Japan), Ka | Kasahara and Ashihara (1981)"
IAK,三肽,5,2,15.7,15700,7857.85,1000,高冲突序列,多个精确IC50值，且最大最小倍数>10,5,1,Enzymatic-hydrolysis (Hydrolysis with digestive enzymes) | Milk (Ovine milk product) | Milk (Ovine milk proteins) | Milk Casein derived | Milk-Cheese (Sheep milk and cheeses proteins),Cushman and Cheung (1971)
FE,二肽,4,2,1.45,1359.11,680.281,937.318,高冲突序列,多个精确IC50值，且最大最小倍数>10,2,2,Fish (Shark meat) | Fish (Shark),Cushman and Cheung (1971) | He et al.
CF,二肽,5,3,1.96,1490.7,1.98,760.562,高冲突序列,多个精确IC50值，且最大最小倍数>10,3,2,Fish (Shark meat hydrolysate) | Fish (Shark meat) | Fish (Shark),Cushman and Cheung (1971) | He et al.
EY,二肽,5,2,2.68,1289.03,645.857,480.983,高冲突序列,多个精确IC50值，且最大最小倍数>10,3,2,Fish (Shark meat hydrolysate) | Fish (Shark meat) | Fish (Shark),Cushman and Cheung (1971) | He et al.
MAW,三肽,6,4,6.1,2927.43,12.4352,479.906,高冲突序列,多个精确IC50值，且最大最小倍数>10,5,2,Cuttlefish | Cuttlefish (Muscle of cuttlefish) | Cuttlefish (Sepia officinalis) | Cuttlefish muscle | Cuttlefish skin gelatin,Cushman and Cheung (1971) | Nakamura et al. (1995)
VIY,三肽,6,4,4.5,1448.61,125.738,321.914,高冲突序列,多个精确IC50值，且最大最小倍数>10,5,2,Bulfrog (Rana catesbeiana Shaw) muscle protein | Fish skin | Sea-bream skin | Sesame | Sesame (Sesamum indicum),Cushman and Cheung (1971) | Friedland and Silverstein (1976)
VY,二肽,18,7,7.1,2033.39,16,286.393,高冲突序列,多个精确IC50值，且最大最小倍数>10,13,4,Casein | Cereals (Sake (Japanese alcoholic beverage made from rice)) | Cereals (Wheat (Triticum aestivum wheat bran)) | Cereals (Wheat bran) | Fish (Sardine) | Fish (Sea bream scale) | Fish skin | Legume (Mung bean sprout sake) | Milk (Fermented Milk) | Sake | Sake and sake lees | Wakame | Wakame (Undaria pinnatifida),"Cushman and Cheung (1971) | Cushman and Cheung (1971), Gonzalez-Gonzalez et al | Modified Lieberman’s method | Yamamoto et al."
MRW,三肽,6,2,0.6,58,29.3,96.6667,高冲突序列,多个精确IC50值，且最大最小倍数>10,4,2,Spinach | Spinach (Spinacia oleracea) | Spinach Rubisco | Spinach rubisco,"Cushman and Cheung (1971) | Cushman and Cheung (1971), Maruyama and Suzuki"
FSY,三肽,3,3,2.2,180.527,61.3792,82.0578,高冲突序列,多个精确IC50值，且最大最小倍数>10,3,1,Fish (Northern Shrimp head and scales shells) | Shrimp by-product | Shrimp heads and Scales,Vermeirssen et al.
LLF,三肽,8,4,3.5,203.826,81.1,58.2361,高冲突序列,多个精确IC50值，且最大最小倍数>10,6,1,Enzymatic-hydrolysis (Hydrolysis with thermolysin) | Milk (caprine lactoglobulin) | Milk-Cheese (Sheep milk and cheeses proteins) | Whey | Whey protein (Beta Lactoglobulin) | Βeta-lactoglobulin,Cushman and Cheung (1971)
TF,二肽,7,2,18,810,414,45,高冲突序列,多个精确IC50值，且最大最小倍数>10,4,3,Cereals (Wheat (Triticum aestivum wheat bran)) | Cereals (Wheat bran) | Rapeseed protein | Rapeseed proteins,Cushman and Cheung (1971) | Holmquist et al. (1979) | Modified Lieberman’s method
FTY,三肽,3,3,2.09561,81.4958,59.3,38.8889,高冲突序列,多个精确IC50值，且最大最小倍数>10,3,1,Fish (Northern Shrimp head and scales shells) | Shrimp by-product | Shrimp heads and Scales,Vermeirssen et al.
GY,二肽,13,10,68,2392.55,233.52,35.1845,高冲突序列,多个精确IC50值，且最大最小倍数>10,10,3,Fish (Sea bream scale) | Fish skin | Garlic | Garlic (Allium sativum L) | Garlic (Allium sativum) | Silk fibroin | Silkworm fibroin | Soybean | Soybean (Glycine max - Fermented soybean seasoning) | Soybean Sauce,"ACE color kit (Fujirebio Corp., Tokyo, Japan), Ka | Cushman and Cheung (1971) | Kasahara and Ashihara (1981)"
VKP,三肽,4,3,3.7,105.128,58.51,28.4129,高冲突序列,多个精确IC50值，且最大最小倍数>10,3,1,Fresh water clam (Corbicula fluminea) | Fresh water clam solid wastes | Hard clam mantle,Cushman and Cheung (1971)
VR,二肽,5,4,52.8,1214.78,656,23.0072,高冲突序列,多个精确IC50值，且最大最小倍数>10,5,2,Arachin | Fish (Atlantic salmon) | Legumin | Milk (Ovine milk product) | Milk (Ovine milk proteins),"Cushman and Cheung (1971) | Cushman and Cheung (1971), Wang et al."
VW,二肽,25,10,1.1,24,3.2,21.8182,高冲突序列,多个精确IC50值，且最大最小倍数>10,21,4,Alfalfa (Medicago sativa) | Antarctic krill (Euphausia superba) | Casein | Cereals (Rice (Oryza sativa red-mold rice)) | Cereals (Rice-koji) | Cereals (Sake (Japanese alcoholic beverage made from rice)) | Cereals (rice) | Fish (Alfalfa (Medicago sativa)) | Fish (Salmon (Oncorhynchus keta)) | Fish (Salmon) | Fish (Sardine) | Legume (Mung bean sprout sake) | Rapeseed | Rapeseed (Brassica napus) | Rapeseed protein | Rapeseed protein-derived peptides | Sake and sake lees | Sake lees | Synthesized | Wakame | Wakame (Undaria pinnatifida),"Cushman and Cheung (1971) | Cushman and Cheung (1971), Yamamoto and others | Holmquist et al. (1979) | Modified Lieberman’s method"
DW,二肽,2,2,13,257.93,135.465,19.8408,高冲突序列,多个精确IC50值，且最大最小倍数>10,1,0,Synthesized,
GR,二肽,3,2,162.2,3200,1681.1,19.7287,高冲突序列,多个精确IC50值，且最大最小倍数>10,1,1,Pork (Sus domesticus skeletal muscle),Sentandreu and Toldra (2006)
VKK,三肽,4,3,58.51,1045,96.3855,17.8602,高冲突序列,多个精确IC50值，且最大最小倍数>10,3,1,Fresh water clam (Corbicula fluminea) | Fresh water clam solid wastes | Hard clam mantle,Cushman and Cheung (1971)
IY,二肽,22,8,2.1,37,3.85,17.619,高冲突序列,多个精确IC50值，且最大最小倍数>10,17,6,Cereals (Rice (Oryza sativa red-mold rice)) | Cereals (Rice-koji) | Cereals (Wheat (Triticum aestivum wheat bran)) | Cereals (Wheat bran) | Cereals (rice) | Fish (Bonito (Sarda - dried bonito (katsuobusi))) | Fish (Dried Bonito) | Fish (Sardine (Sardina pilchardus muscle)) | Fish (Sardine muscle) | Fish (Sardine) | Rapeseed | Rapeseed (Brassica napus) | Rapeseed protein | Rapeseed protein-derived peptides | Wakame | Wakame (Undaria pinnatifida) | Wakame Seaweed,"2,4,6-trinitrobenzene sulfonate(TNBS) method | Cushman and Cheung (1971) | Cushman and Cheung (1971), Yamamoto and others | Holmquist et al. (1979) | Modified Lieberman’s method | Yamamoto et al."
LY,二肽,7,4,6.8,110,28.25,16.1765,高冲突序列,多个精确IC50值，且最大最小倍数>10,6,4,Egg proteins | Fish (Sardine (Sardina pilchardus muscle)) | Fish (Sardine muscle) | Fish (Sardine) | Rapeseed protein | Rapeseed proteins,"2,4,6-trinitrobenzene sulfonate(TNBS) method | Cushman and Cheung (1971) | Cushman and Cheung (1971), Majumder & Wu (2009) | Holmquist et al. (1979)"
IF,二肽,2,2,65.8,930,497.9,14.1337,高冲突序列,多个精确IC50值，且最大最小倍数>10,1,1,Soybean Sauce,Kasahara and Ashihara (1981)
AY,二肽,9,5,14.2,190.476,48,13.4138,高冲突序列,多个精确IC50值，且最大最小倍数>10,8,3,Alpha-zein | Cereals (Corn (Zea mays)) | Cereals (Corn Gluten meal) | Cereals (Corn gluten meal) | Cereals (Maize (Zea mays)) | Soybean | Soybean (Glycine max - Fermented soybean seasoning) | Soybean Sauce,"ACE color kit (Fujirebio Corp., Tokyo, Japan), Ka | Cushman and Cheung (1971) | Kasahara and Ashihara (1981)"
LKY,三肽,6,2,0.78,10.1,5.44,12.9487,高冲突序列,多个精确IC50值，且最大最小倍数>10,3,2,Antarctic krill (Euphausia superba) | Sesame | Sesame (Sesamum indicum),Friedland and Silverstein (1976) | Holmquist et al. (1979)
AA,二肽,3,2,51.4,620,335.7,12.0623,高冲突序列,多个精确IC50值，且最大最小倍数>10,1,1,Pork (Sus domesticus skeletal muscle),Sentandreu and Toldra (2006)
RP,二肽,5,4,15.2,181.97,100.5,11.9717,高冲突序列,多个精确IC50值，且最大最小倍数>10,3,2,Anchovy (sauce) | Fish (Bonito (sarda fermented sauce)) | Pork (Sus domesticus skeletal muscle),Cushman and Cheung (1971) | Sentandreu and Toldra (2006)
FY,二肽,12,4,3.7,42.3,14.37,11.4324,高冲突序列,多个精确IC50值，且最大最小倍数>10,8,2,Alpha-zein | Cereals (Maize (Zea mays)) | Garlic | Garlic (Allium sativum L) | Garlic (Allium sativum) | Wakame | Wakame (Undaria pinnatifida) | Wakame Seaweed,Cushman and Cheung (1971) | Yamamoto et al.
LW,二肽,7,4,4.4,50,20.5,11.3636,高冲突序列,多个精确IC50值，且最大最小倍数>10,6,2,Casein | Egg proteins | Fish (Salmon (Oncorhynchus keta)) | Fish (Salmon) | Wakame | Wakame (Undaria pinnatifida),"Cushman and Cheung (1971) | Cushman and Cheung (1971), Yamamoto and others"
AP,二肽,7,4,29,322.269,276,11.1127,高冲突序列,多个精确IC50值，且最大最小倍数>10,5,2,Anchovy (sauce) | Arachin | Fish (Atlantic salmon) | Fish (Bonito (sarda fermented sauce)) | Fish (Sardine (Sardina pilchardus fermented sauce)),"Cushman and Cheung (1971) | Cushman and Cheung (1971), Wang et al."
HHL,三肽,5,4,2.2,21.8,5.42902,9.90909,条件敏感序列,多个精确IC50值，且3<最大最小倍数<=10,5,1,Soybean (Fermented soybean paste) | Soybean (Glycine max) | Soybean (Korean fermented soybean paste) | Soybean-derived | WIPO,Cushman and Cheung (1971)
GF,二肽,8,5,275.42,2564.79,630,9.3123,条件敏感序列,多个精确IC50值，且3<最大最小倍数<=10,5,1,Fish (Sea bream scale) | Fish skin | Garlic | Garlic (Allium sativum L) | Garlic (Allium sativum),Cushman and Cheung (1971)
IW,二肽,11,5,1.5,12.4,4.7,8.26667,条件敏感序列,多个精确IC50值，且3<最大最小倍数<=10,8,3,Fish (Dried Bonito) | Fish (Salmon (Oncorhynchus keta)) | Fish (Salmon muscle) | Fish (Salmon) | Fish (Sardine) | Synthesized | Wakame | Wakame (Undaria pinnatifida),"Cushman and Cheung (1971) | Cushman and Cheung (1971), Yamamoto and others | Yamamoto et al."
KY,二肽,6,3,1.63,13,7.7,7.97546,条件敏感序列,多个精确IC50值，且3<最大最小倍数<=10,3,2,Fish (Sardine) | Wakame (Undaria pinnatifida) | Wakame Seaweed,"2,4,6-trinitrobenzene sulfonate(TNBS) method | Cushman and Cheung (1971)"
KW,二肽,5,3,1.63,10.8,7.8,6.62577,条件敏感序列,多个精确IC50值，且3<最大最小倍数<=10,4,1,Fish (Sardine (Sardina pilchardus muscle)) | Fish (Sardine muscle) | Synthesized | Wakame (Undaria pinnatifida),Cushman and Cheung (1971)
VYP,三肽,8,3,44,288.4,288,6.55455,条件敏感序列,多个精确IC50值，且3<最大最小倍数<=10,7,3,"Cheese | Cheese whey protein | Enzymatic-hydrolysis (Hydrolysis with proteinase K) | Milk (bovine, buffalo and ovine β-casein) | Milk (cheese whey) | Milk derived | Whey protein",Cushman and Cheung (1971) | Kasahara and Ashihara (1981) | Yamamoto et al.
VG,二肽,4,3,1100,6321.84,6314.58,5.74713,条件敏感序列,多个精确IC50值，且3<最大最小倍数<=10,3,2,Soybean | Soybean (Glycine max - Fermented soybean seasoning) | Soybean Sauce,"ACE color kit (Fujirebio Corp., Tokyo, Japan), Ka | Kasahara and Ashihara (1981)"
DG,二肽,7,2,2.15,12.3,7.225,5.72093,条件敏感序列,多个精确IC50值，且3<最大最小倍数<=10,5,3,Shrimp | Soybean | Soybean (Defatted soybean meal) | Soybean (Glycine max) | Soybean Protein,Cushman and Cheung (1971) | He et al. | RP-HPLC with Cushman and Cheung (1971)
GP,二肽,6,3,66,360,252.63,5.45455,条件敏感序列,多个精确IC50值，且3<最大最小倍数<=10,5,2,Anchovy (sauce) | Fish (Alaska pollack (Theragra chalcogramma)) | Fish (Bonito (sarda fermented sauce)) | Fish (Sardine (Sardina pilchardus fermented sauce)) | Pork (Sus domesticus skeletal muscle),Cushman and Cheung (1971) | Sentandreu and Toldra (2006)
VF,二肽,8,3,9.2,49.7,43.7,5.40217,条件敏感序列,多个精确IC50值，且3<最大最小倍数<=10,7,3,Cereals (Rice (Oryza sativa red-mold rice)) | Cereals (Rice-koji) | Cereals (rice) | Fish (Sardine (Sardina pilchardus muscle)) | Fish (Sardine muscle) | Fish (Sardine) | Wakame (Undaria pinnatifida),"2,4,6-trinitrobenzene sulfonate(TNBS) method | Cushman and Cheung (1971) | Modified Lieberman’s method"
VP,二肽,7,5,420,2242.99,570,5.34045,条件敏感序列,多个精确IC50值，且3<最大最小倍数<=10,5,3,Anchovy (sauce) | Fish (Sardine (Sardina pilchardus fermented sauce)) | Soybean | Soybean (Glycine max - Fermented soybean seasoning) | Soybean Sauce,"ACE color kit (Fujirebio Corp., Tokyo, Japan), Ka | Cushman and Cheung (1971) | Kasahara and Ashihara (1981)"
YW,二肽,9,3,8.2,43.6,10.5,5.31707,条件敏感序列,多个精确IC50值，且3<最大最小倍数<=10,6,1,Casein | Cereals (Sake (Japanese alcoholic beverage made from rice)) | Legume (Mung bean sprout sake) | Legumin | Sake and sake lees | Sake lees,Cushman and Cheung (1971)
LKP,三肽,15,3,0.32,1.6,1.4,5,条件敏感序列,多个精确IC50值，且3<最大最小倍数<=10,9,3,Aldolase | Chicken muscle | Chicken muscle proteins | Egg proteins | Fish | Fish (Dried Bonito) | Fish proteins | Food-protein | Synthesized,"Cushman and Cheung (1971) | Cushman and Cheung (1971), Majumder & Wu (2009) | Cushman and Cheung (1971), Yamamoto and others"
AF,二肽,5,4,165.3,805.085,497.082,4.87045,条件敏感序列,多个精确IC50值，且3<最大最小倍数<=10,3,2,Soybean | Soybean (Glycine max - Fermented soybean seasoning) | Soybean Sauce,"ACE color kit (Fujirebio Corp., Tokyo, Japan), Ka | Kasahara and Ashihara (1981)"
RY,二肽,4,2,10.5,51,30.75,4.85714,条件敏感序列,多个精确IC50值，且3<最大最小倍数<=10,3,2,Fish (Sardine (Sardina pilchardus muscle)) | Fish (Sardine muscle) | Fish (Sardine),"2,4,6-trinitrobenzene sulfonate(TNBS) method | Cushman and Cheung (1971)"
LRP,三肽,14,4,0.21,1,0.28,4.7619,条件敏感序列,多个精确IC50值，且3<最大最小倍数<=10,11,3,Cereals (Corn endosperm) | Cereals (Maize (Zea mays)) | Cereals (Maize Standard (Native alpha-zein)) | Cereals (Maize alpha-zein) | Cereals (Maize lines) | Cereals (Wheat (Triticum aestivum wheat bran)) | Cereals (Wheat bran) | Fish (Bonito (Sarda bowel autolysate)) | Fish (Bonito bowel) | Synthesized | Α-zein,"Cushman and Cheung (1971) | Cushman and Cheung (1971), Maruyama and Suzuki | Modified Lieberman’s method"
RF,二肽,4,2,93,392.2,242.6,4.2172,条件敏感序列,多个精确IC50值，且3<最大最小倍数<=10,4,2,Cereals (Sake (Japanese alcoholic beverage made from rice)) | Legume (Mung bean sprout sake) | Sake and sake lees | Sweet-potato tuber trypsin inhibitor,"Cushman and Cheung (1971) | TLC (Holmquist et al., 1979)"
IKP,三肽,9,5,1.7,7,2.5,4.11765,条件敏感序列,多个精确IC50值，且3<最大最小倍数<=10,7,4,Fish (Bonito (Sarda bowel autolysate)) | Fish (Bonito bowel) | Fish (Bonito muscle) | Fish (Dried bonito) | Fish (chum salmon fish) | Legume (Peanut protein) | Synthesized,"Cushman and Cheung (1971) | Cushman and Cheung (1971), Maruyama and Suzuki | Cushman and Cheung (1971), Yamamoto and others | RP-HPLC Assay"
KF,二肽,4,2,28.3,116,72.15,4.09894,条件敏感序列,多个精确IC50值，且3<最大最小倍数<=10,2,1,Synthesized | Wakame (Undaria pinnatifida),Cushman and Cheung (1971)
GW,二肽,5,3,30,114.943,114.819,3.83142,条件敏感序列,多个精确IC50值，且3<最大最小倍数<=10,4,2,Soybean | Soybean (Glycine max - Fermented soybean seasoning) | Soybean Sauce | Synthesized,"ACE color kit (Fujirebio Corp., Tokyo, Japan), Ka | Kasahara and Ashihara (1981)"
SY,二肽,8,4,66.3,250,158.374,3.77074,条件敏感序列,多个精确IC50值，且3<最大最小倍数<=10,6,3,Garlic | Garlic (Allium sativum L) | Garlic (Allium sativum) | Soybean | Soybean (Glycine max - Fermented soybean seasoning) | Soybean Sauce,"ACE color kit (Fujirebio Corp., Tokyo, Japan), Ka | Cushman and Cheung (1971) | Kasahara and Ashihara (1981)"
GQ,二肽,2,2,1910,7000,4455,3.66492,条件敏感序列,多个精确IC50值，且3<最大最小倍数<=10,1,0,Legumin,
AW,二肽,8,4,10,36.3636,27.5613,3.63636,条件敏感序列,多个精确IC50值，且3<最大最小倍数<=10,7,3,Cereals (Finnish) | Soybean | Soybean (Glycine max - Fermented soybean seasoning) | Soybean Sauce | Synthesized | Wakame | Wakame (Undaria pinnatifida),"ACE color kit (Fujirebio Corp., Tokyo, Japan), Ka | Cushman and Cheung (1971) | Kasahara and Ashihara (1981)"
LQP,三肽,15,5,1.04,3.4,2,3.26923,条件敏感序列,多个精确IC50值，且3<最大最小倍数<=10,12,3,Alpha-zein | Cereals (Maize (Zea mays)) | Cereals (Maize Standard (Native alpha-zein)) | Cereals (Maize alpha-zein) | Cereals (Maize lines) | Cereals (Rye) | Cereals (Wheat (Triticum aestivum wheat bran)) | Cereals (Wheat bran) | Cheese | Sesame | Sesame (Sesamum indicum) | Α-zein,Cushman and Cheung (1971) | Friedland and Silverstein (1976) | Modified Lieberman’s method
FQP,三肽,5,2,0,12,6,,无法判定,存在非正IC50值，无法计算倍数,4,2,Actin | Fish (Bonito (Sarda - dried bonito (katsuobusi))) | Fish (Dried Bonito) | Fish (Dried bonito),"Cushman and Cheung (1971) | Cushman and Cheung (1971), Yamamoto and others"
AAP,三肽,3,2,0,30,15,,无法判定,存在非正IC50值，无法计算倍数,2,1,Casein | Milk (bovine casein),Cushman and Cheung (1971)
LRW,三肽,2,2,0,0.23,0.115,,无法判定,存在非正IC50值，无法计算倍数,1,1,Legume (Pea proteins),Cushman and Cheung (1971)
