record_id,task,source_type,source_name,source_record_id,target,sequence,peptide_length,activity_label_raw,ic50_raw,ic50_value,ic50_unit,ic50_relation,ic50_uM,ic50_parse_status,ic50_parse_note,protein_id_raw,protein_description_raw,species_raw,intervals_raw,function_raw,additional_details_raw,inhibition_type_raw,inhibited_microorganisms_raw,ptm_raw,title_raw,authors_raw,abstract_raw,doi_raw,notes,workset_keep_flag,workset_exclusion_reasons
mbpdb_ace_000010,ace,database,MBPDB,MBPDB_P24627_FKCRRWQWRMKKLGA_36-50,ACE,FKCRRWQWRMKKLGA,15,ACE-inhibitory,,,,,,missing,,P24627,Lactotransferrin,Bos taurus,36-50,ACE-inhibitory,,,,,"1) Lactoferricin-Related Peptides with Inhibitory Effects on ACE-Dependent Vasoconstriction, 2) Antihypertensive Properties of Lactoferricin β-Derived Peptides","1) Centeno, JM. et al., 2) Ruiz-Gimenez, P. et al.","1) A selection of lactoferricin B (LfcinB)-related peptides with an angiotensin I-converting enzyme (ACE) inhibitory effect have been examined using in vitro and ex vivo functional assays. Peptides that were analyzed included a set of sequence-related antimicrobial hexapeptides previously reported and two representative LfcinB-derived peptides. In vitro assays using hippuryl-l-histidyl-l-leucine (HHL) and angiotensin I as substrates allowed us to select two hexapeptides, PACEI32 (Ac-RKWHFW-NH2) and PACEI34 (Ac-RKWLFW-NH2), and also a LfcinB-derived peptide, LfcinB17-31 (Ac-FKCRRWQWRMKKLGA-NH2). Ex vivo functional assays using rabbit carotid arterial segments showed PACEI32 (both d- and l-enantiomers) and LfcinB17-31 have inhibitory effects on ACE-dependent angiotensin I-induced contraction. None of the peptides exhibited in vitro ACE inhibitory activity using bradykinin as the substrate. In conclusion, three bioactive lactoferricin-related peptides exhibit inhibitory effects on both ACE activity and ACE-dependent vasoconstriction with potential to modulate hypertension that deserves further investigation., 2) A set of eight lactoferricin B (LfcinB)-derived peptides was examined for inhibitory effects on angiotensin I-converting enzyme (ACE) activity and ACE-dependent vasoconstriction, and their hypotensive effect in spontaneously hypertensive rats (SHR). Peptides were derived from different elongations both at the C-terminal and N-terminal ends of the representative peptide LfcinB20−25, which is known as the LfcinB antimicrobial core. All of the eight LfcinB-derived peptides showed in vitro inhibitory effects on ACE activity with different IC50 values. Moreover, seven of them showed ex vivo inhibitory effects on ACE-dependent vasoconstriction. No clear correlation between in vitro and ex vivo inhibitory effects was found. Only LfcinB20−25 and one of its fragments, F1, generated after a simulated gastrointestinal digestion, showed significant antihypertensive effects in SHR after oral administration. Remarkably, F1 did not show any effect on ACE-dependent vasoconstriction in contrast to the inhibitory effect showed by LfcinB20−25. In conclusion, two LfcinB-derived peptides lower blood pressure and exhibit potential as orally effective antihypertensive compounds, yet a complete elucidation of the mechanism(s) involved deserves further ongoing research.","1) 10.1021/jf060482j, 2) 10.1021/jf100899u",ic50_missing,0,missing_or_unresolved_ic50
mbpdb_ace_000011,ace,database,MBPDB,MBPDB_P24627_FKCRRWQWR_36-44,ACE,FKCRRWQWR,9,ACE-inhibitory,,,,,,missing,,P24627,Lactotransferrin,Bos taurus,36-44,ACE-inhibitory,,,,,Antihypertensive Properties of Lactoferricin β-Derived Peptides,"Ruiz-Gimenez, P. et al.","A set of eight lactoferricin B (LfcinB)-derived peptides was examined for inhibitory effects on angiotensin I-converting enzyme (ACE) activity and ACE-dependent vasoconstriction, and their hypotensive effect in spontaneously hypertensive rats (SHR). Peptides were derived from different elongations both at the C-terminal and N-terminal ends of the representative peptide LfcinB20−25, which is known as the LfcinB antimicrobial core. All of the eight LfcinB-derived peptides showed in vitro inhibitory effects on ACE activity with different IC50 values. Moreover, seven of them showed ex vivo inhibitory effects on ACE-dependent vasoconstriction. No clear correlation between in vitro and ex vivo inhibitory effects was found. Only LfcinB20−25 and one of its fragments, F1, generated after a simulated gastrointestinal digestion, showed significant antihypertensive effects in SHR after oral administration. Remarkably, F1 did not show any effect on ACE-dependent vasoconstriction in contrast to the inhibitory effect showed by LfcinB20−25. In conclusion, two LfcinB-derived peptides lower blood pressure and exhibit potential as orally effective antihypertensive compounds, yet a complete elucidation of the mechanism(s) involved deserves further ongoing research.",10.1021/jf100899u,ic50_missing,0,missing_or_unresolved_ic50
mbpdb_ace_000032,ace,database,MBPDB,MBPDB_P02668_MAIPPKKNQDKTEIPTINTIASGEPTSTPTTEAVESTVATLEDSPEVIESPPEINTVQVTSTAV_127-190,ACE,MAIPPKKNQDKTEIPTINTIASGEPTSTPTTEAVESTVATLEDSPEVIESPPEINTVQVTSTAV,64,ACE-inhibitory,,,,,,missing,,P02668,Kappa-casein,Bos taurus,127-190,ACE-inhibitory,,,,,Vascular effects and antihypertensive properties of kappa-casein macropeptide,"Miguel, M. et al.","The blood-pressure-lowering effect of bovine κ-casein macropeptide (CMP), previously reported to exhibit a modest angiotensin-converting enzyme (ACE)-inhibitory activity in vitro, was evaluated in spontaneously hypertensive rats (SHR). The oral administration of CMP (150 mg kg−1) significantly reduced the systolic blood pressure (SBP) of SHR. The antihypertensive action was more pronounced when CMP was treated with trypsin. The sequence MAIPPKK, identified in the tryptic hydrolysate of bovine CMP, significantly reduced blood pressure at a dose of 10 mg kg−1. The CMP and its tryptic peptides induced relaxation of endothelium-intact aortic rings. The sequence MAIPPKK also evoked a significant relaxation effect; however, the shorter sequence MAIPPK and the strong ACE-inhibitory tripeptide IPP exhibited a vascular relaxing effect lower than 10%. The implications of vascular relaxing mechanisms, as well as the possibility that the tripeptide IPP is at least partially responsible for the antihypertensive effects of CMP, are discussed.",10.1016/j.idairyj.2007.04.009,ic50_missing,0,missing_or_unresolved_ic50
mbpdb_ace_000035,ace,database,MBPDB,MBPDB_P02668_MAIPPKK_127-133,ACE,MAIPPKK,7,ACE-inhibitory,,,,,,missing,,P02668,Kappa-casein,Bos taurus,127-133,ACE-inhibitory,,,,,Vascular effects and antihypertensive properties of kappa-casein macropeptide,"Miguel, M. et al.","The blood-pressure-lowering effect of bovine κ-casein macropeptide (CMP), previously reported to exhibit a modest angiotensin-converting enzyme (ACE)-inhibitory activity in vitro, was evaluated in spontaneously hypertensive rats (SHR). The oral administration of CMP (150 mg kg−1) significantly reduced the systolic blood pressure (SBP) of SHR. The antihypertensive action was more pronounced when CMP was treated with trypsin. The sequence MAIPPKK, identified in the tryptic hydrolysate of bovine CMP, significantly reduced blood pressure at a dose of 10 mg kg−1. The CMP and its tryptic peptides induced relaxation of endothelium-intact aortic rings. The sequence MAIPPKK also evoked a significant relaxation effect; however, the shorter sequence MAIPPK and the strong ACE-inhibitory tripeptide IPP exhibited a vascular relaxing effect lower than 10%. The implications of vascular relaxing mechanisms, as well as the possibility that the tripeptide IPP is at least partially responsible for the antihypertensive effects of CMP, are discussed.",10.1016/j.idairyj.2007.04.009,ic50_missing,0,missing_or_unresolved_ic50
mbpdb_ace_000087,ace,database,MBPDB,MBPDB_P02754_LL_4-5_47-48_73-74_119-120,ACE,LL,2,ACE-inhibitory,,,,,,missing,,P02754,Beta-lactoglobulin,Bos taurus,"4-5, 47-48, 73-74, 119-120",ACE-inhibitory,,,,,Studies on purification and the molecular mechanism of a novel ACE inhibitory peptide from whey protein hydrolysate,"Pan, D. et al.","This study sought to purify and identify a novel angiotensin I-converting enzyme (ACE) inhibitory peptide from whey protein hydrolysed by trypsin. The peptide’s amino acid sequence, as well as the molecular mechanism of the interactions between the peptide and the ACE, were also studied. Using ultrafiltration, the hydrolysate was separated into three fractions. The fraction with molecular weight of <6 kDa had the greatest ACE inhibitory activity and was further separated by size exclusion chromatography on Sephadex G-25 and G-10 columns. Reverse-phase high performance liquid chromatography (RP-HPLC) was used to separate the most active fraction. The amino acid sequence of the peptide with the greatest ACE inhibitory characteristics was confirmed as Leu–Leu (LL). The molecular mechanisms, position, type, and energy of the LL/ACE interaction were investigated by using flexible molecule docking technology.",10.1016/j.foodchem.2011.07.011,ic50_missing,0,missing_or_unresolved_ic50
mbpdb_ace_000104,ace,database,MBPDB,MBPDB_P02666_PGPIPN_78-83,ACE,PGPIPN,6,ACE-inhibitory,,,,,,missing,,P02666,Beta-casein,Bos taurus,78-83,ACE-inhibitory,,,,,Characterization of casein-derived peptide bioactivity: Differential effects on angiotensin-converting enzyme inhibition and cytokine and nitric oxide production,"Adams, C. et al.","Lactic acid bacteria (LAB) are used as starter cultures in the production of fermented dairy products and have the potential to confer bioactivity relevant to cardiovascular health, as they possess extensive proteolytic systems that liberate small bioactive peptides from larger milk proteins. Certain casein-derived peptides released by various LAB strains during fermentation have been shown to reduce hypertension and to modulate the immune system. We investigated the growth and peptide production of 2 LAB strains, Lactobacillus helveticus R0389 and Lactocaseibacillus rhamnosus R0011, their immunomodulatory activities, as well as their abilities to inhibit the angiotensin-converting enzyme (ACE). Peptide fractions collected from the cell-free supernatant of both medium-grown and milk fermentation cultures were assessed for ACE-inhibitory activity and their effects on the production of proinflammatory and regulatory cytokines by human THP-1 monocytes. Cultures were grown in medium, with or without supplementation with 0.1% casein, or in 3.25% milk fermented with each LAB strain. Casein supplementation increased the growth rate of both LAB strains, and significantly increased ACE-inhibitory activity of peptide fractions collected from both L. helveticus R0389 and L. rhamnosus R0011 cultures grown for 12 h. Fermentation peptide fractions of L. rhamnosus R0011 showed comparable ACE-inhibitory activity to known ACE inhibiting peptides Val-Pro-Pro and Ile-Pro-Pro (up to 79% inhibition) with a significant difference between culture peptide fractions and acidified and nonacidified control fractions collected after 6 d of fermentation. Many milk and casein-derived peptides reported in previous studies have been identified as part of a larger bioactive fraction. We synthesized a group of these peptides to individually assess both ACE-inhibitory and immunomodulatory activity. The known ACE inhibitors Val-Pro-Pro and Ile-Pro-Pro showed similar ACE inhibition to previously published results, while also inducing the production of the regulatory cytokine IL-10 by monocytes in the presence and absence of a proinflammatory stimulant. These synthesized peptides could also induce the production of nitric oxide (NO), a potent vasodilator, in human endothelial cell cultures. Investigating the relationships among these bioactive properties could improve the use of probiotic organisms and their secreted products in the food industry.",10.3168/jds.2019-17976,ic50_missing,0,missing_or_unresolved_ic50
mbpdb_ace_000107,ace,database,MBPDB,MBPDB_P02666_LPLPLL_150-155,ACE,LPLPLL,6,ACE-inhibitory,,,,,,missing,,P02666,Beta-casein,Bos taurus,150-155,ACE-inhibitory,,,,,Novel angiotensin I-converting enzyme inhibitory peptides from protease hydrolysates of Qula casein Quantitative structure-activity relationship modeling and molecular docking study,"Lin, K. et al.","Qula casein derived from yak milk was hydrolysed using various enzymes. Hydrolysates were withdrawn at different hydrolysis phases and were determined to their degree of hydrolysis (DH) and ACE (angiotensin I-converting enzyme) inhibitory (ACEI) activities. Using a 3 kDa ultra-filtration membrane, hydrolysates were fractioned into two ranges of molecular weight and permeated fractions were further investigated. A Lineweaver-Burk plot was used to explore the ACEI kinetics of the hydrolysates. Additionally, the peptides in the hydrolysates were identified using LC-MS/MS. We established four quantitative structure-activity relationship (QSAR) models for predicting potential ACEI peptides. Using in silico analysis, four novel ACEI peptides were identified and a molecular docking study further explored the potential ACEI activities. Based on the docking results, three new peptides (PFPGPIPN, KYIPIQ and LPLPLL) were chemically synthesized and their IC50 values were determined. In conclusion, our study suggests that Qula casein may be a valuable source of ACEI peptides.",10.1016/j.jff.2017.03.008,ic50_missing,0,missing_or_unresolved_ic50
mbpdb_ace_000210,ace,database,MBPDB,MBPDB_P02666_KVLPVP_184-189,ACE,KVLPVP,6,ACE-inhibitory,,,,,,missing,,P02666,Beta-casein,Bos taurus,184-189,ACE-inhibitory,,,,,"1) High-Level Expression of Milk-Derived Antihypertensive Peptide in Escherichia coli and Its Bioactivity, 2) Characterization of casein-derived peptide bioactivity: Differential effects on angiotensin-converting enzyme inhibition and cytokine and nitric oxide production","1) Liu, D. et al., 2) Adams, C. et al.","1) An optimal antihypertensive peptide (AHP), KVLPVP, was linked to form a six-copy of tandem dotetracontapeptide with the specific cleavage site (Arg-X) of clostripain. The gene of the dotetracontapeptide was synthesized and expressed in Escherichia coli BL21. After a 5 h induction with 1.2 mM isopropyl-beta-D-thiogalactopyranoside the recombinant AHP fused with glutathione-S-transferase tag reached the maximal production, 24.6% of total intracellular protein. Following digestion with clostripain and carboxypeptidase B, the product was separated with ultrafiltration and reversed-phase HPLC, and 170 mg of pure recombinant AHP was obtained from 1 L of E. coli culture. The IC50 of the recombinant AHP was 4.6 microM. The systolic blood pressure of spontaneously hypertensive rats could be decreased dramatically by the recombinant AHP in a dose-dependent manner after delivering 0.3 mg of AHP/kg of body weight (BW) or 0.6 mg of AHP/kg of BW orally. The strong antihypertensive effect was reached 4-24 h after oral administration of 0.3 mg of AHP/kg of BW, and the peak point was at the fourth hour (-21.4 +/- 7.2 mm of Hg). This study overcame traditional enzymatic digestion problems in preparing AHP and established a novel approach for industrial production of AHP., 2) Lactic acid bacteria (LAB) are used as starter cultures in the production of fermented dairy products and have the potential to confer bioactivity relevant to cardiovascular health, as they possess extensive proteolytic systems that liberate small bioactive peptides from larger milk proteins. Certain casein-derived peptides released by various LAB strains during fermentation have been shown to reduce hypertension and to modulate the immune system. We investigated the growth and peptide production of 2 LAB strains, Lactobacillus helveticus R0389 and Lactocaseibacillus rhamnosus R0011, their immunomodulatory activities, as well as their abilities to inhibit the angiotensin-converting enzyme (ACE). Peptide fractions collected from the cell-free supernatant of both medium-grown and milk fermentation cultures were assessed for ACE-inhibitory activity and their effects on the production of proinflammatory and regulatory cytokines by human THP-1 monocytes. Cultures were grown in medium, with or without supplementation with 0.1% casein, or in 3.25% milk fermented with each LAB strain. Casein supplementation increased the growth rate of both LAB strains, and significantly increased ACE-inhibitory activity of peptide fractions collected from both L. helveticus R0389 and L. rhamnosus R0011 cultures grown for 12 h. Fermentation peptide fractions of L. rhamnosus R0011 showed comparable ACE-inhibitory activity to known ACE inhibiting peptides Val-Pro-Pro and Ile-Pro-Pro (up to 79% inhibition) with a significant difference between culture peptide fractions and acidified and nonacidified control fractions collected after 6 d of fermentation. Many milk and casein-derived peptides reported in previous studies have been identified as part of a larger bioactive fraction. We synthesized a group of these peptides to individually assess both ACE-inhibitory and immunomodulatory activity. The known ACE inhibitors Val-Pro-Pro and Ile-Pro-Pro showed similar ACE inhibition to previously published results, while also inducing the production of the regulatory cytokine IL-10 by monocytes in the presence and absence of a proinflammatory stimulant. These synthesized peptides could also induce the production of nitric oxide (NO), a potent vasodilator, in human endothelial cell cultures. Investigating the relationships among these bioactive properties could improve the use of probiotic organisms and their secreted products in the food industry.","1) 10.1021/jf0703248, 2) 10.3168/jds.2019-17976",ic50_missing,0,missing_or_unresolved_ic50
mbpdb_ace_000333,ace,database,MBPDB,MBPDB_P07498_PNSHP_100-104,ACE,PNSHP,5,ACE-inhibitory,,,,,,missing,,P07498,Kappa-casein,Homo sapiens,100-104,ACE-inhibitory,,,,,Inhibition of angiotensin-converting enzyme by synthetic peptide fragments of human kappa-casein,"Kohmura, M. et al.","The possible roles of caseins as exorphins, immunostimulants and hypotensive agents have recently been suggested by several groups. In an attempt to prove the existence and to elucidate the physiological significance of peptide inhibitors of angiotensin-converting enzyme (ACE) in milk proteins, we synthesized a total of 69 peptide fragments of human ^-casein, in which a proline residue was placed at the C-terminus for the ACE inhibitory activity. It was found that the peptides with potent inhibitory activity in vitro were located in the region of amino acid residues 39 ~ 52 of human p- casein. All the peptides within this sequence (39~52) had potent ACE inhibitory activity. The most potent inhibitor was a decapeptide, Ser-Phe-Gln-Pro-Gln-Pro-Leu-Ile-Tyr-Pro (IC50 = 1.4 μm), which was also active in vivo.",10.1080/00021369.1989.10869621,ic50_missing,0,missing_or_unresolved_ic50
mbpdb_ace_000334,ace,database,MBPDB,MBPDB_P05814_VPQP_93-96_153-156_171-174,ACE,VPQP,4,ACE-inhibitory,,,,,,missing,,P05814,Beta-casein,Homo sapiens,"93-96, 153-156, 171-174",ACE-inhibitory,,,,,Inhibition of angiotensin-converting enzyme by synthetic peptides of human β-casein,"Kohmura, M. et al.","The possible roles of caseins as exorphins, immunostimulants and hypotensive agents have recently been suggested by several groups. In an attempt to prove the existence and to elucidate the physiological significance of peptide inhibitors of angiotensin-converting enzyme (ACE) in milk proteins, we synthesized a total of 69 peptide fragments of human ^-casein, in which a proline residue was placed at the C-terminus for the ACE inhibitory activity. It was found that the peptides with potent inhibitory activity in vitro were located in the region of amino acid residues 39 ~ 52 of human p- casein. All the peptides within this sequence (39~52) had potent ACE inhibitory activity. The most potent inhibitor was a decapeptide, Ser-Phe-Gln-Pro-Gln-Pro-Leu-Ile-Tyr-Pro (IC50 = 1.4 μm), which was also active in vivo.",10.1080/00021369.1989.10869621,ic50_missing,0,missing_or_unresolved_ic50
mbpdb_ace_000335,ace,database,MBPDB,MBPDB_P05814_VLPIPQ_176-181,ACE,VLPIPQ,6,ACE-inhibitory,,,,,,missing,,P05814,Beta-casein,Homo sapiens,176-181,ACE-inhibitory,,,,,Inhibition of angiotensin-converting enzyme by synthetic peptides of human β-casein,"Kohmura, M. et al.","The possible roles of caseins as exorphins, immunostimulants and hypotensive agents have recently been suggested by several groups. In an attempt to prove the existence and to elucidate the physiological significance of peptide inhibitors of angiotensin-converting enzyme (ACE) in milk proteins, we synthesized a total of 69 peptide fragments of human ^-casein, in which a proline residue was placed at the C-terminus for the ACE inhibitory activity. It was found that the peptides with potent inhibitory activity in vitro were located in the region of amino acid residues 39 ~ 52 of human p- casein. All the peptides within this sequence (39~52) had potent ACE inhibitory activity. The most potent inhibitor was a decapeptide, Ser-Phe-Gln-Pro-Gln-Pro-Leu-Ile-Tyr-Pro (IC50 = 1.4 μm), which was also active in vivo.",10.1080/00021369.1989.10869621,ic50_missing,0,missing_or_unresolved_ic50
mbpdb_ace_000336,ace,database,MBPDB,MBPDB_P05814_QNILP_79-83,ACE,QNILP,5,ACE-inhibitory,,,,,,missing,,P05814,Beta-casein,Homo sapiens,79-83,ACE-inhibitory,,,,,Inhibition of angiotensin-converting enzyme by synthetic peptides of human β-casein,"Kohmura, M. et al.","The possible roles of caseins as exorphins, immunostimulants and hypotensive agents have recently been suggested by several groups. In an attempt to prove the existence and to elucidate the physiological significance of peptide inhibitors of angiotensin-converting enzyme (ACE) in milk proteins, we synthesized a total of 69 peptide fragments of human ^-casein, in which a proline residue was placed at the C-terminus for the ACE inhibitory activity. It was found that the peptides with potent inhibitory activity in vitro were located in the region of amino acid residues 39 ~ 52 of human p- casein. All the peptides within this sequence (39~52) had potent ACE inhibitory activity. The most potent inhibitor was a decapeptide, Ser-Phe-Gln-Pro-Gln-Pro-Leu-Ile-Tyr-Pro (IC50 = 1.4 μm), which was also active in vivo.",10.1080/00021369.1989.10869621,ic50_missing,0,missing_or_unresolved_ic50
mbpdb_ace_000337,ace,database,MBPDB,MBPDB_P05814_LTDLENLHLP_133-142,ACE,LTDLENLHLP,10,ACE-inhibitory,,,,,,missing,,P05814,Beta-casein,Homo sapiens,133-142,ACE-inhibitory,,,,,Inhibition of angiotensin-converting enzyme by synthetic peptides of human β-casein,"Kohmura, M. et al.","The possible roles of caseins as exorphins, immunostimulants and hypotensive agents have recently been suggested by several groups. In an attempt to prove the existence and to elucidate the physiological significance of peptide inhibitors of angiotensin-converting enzyme (ACE) in milk proteins, we synthesized a total of 69 peptide fragments of human ^-casein, in which a proline residue was placed at the C-terminus for the ACE inhibitory activity. It was found that the peptides with potent inhibitory activity in vitro were located in the region of amino acid residues 39 ~ 52 of human p- casein. All the peptides within this sequence (39~52) had potent ACE inhibitory activity. The most potent inhibitor was a decapeptide, Ser-Phe-Gln-Pro-Gln-Pro-Leu-Ile-Tyr-Pro (IC50 = 1.4 μm), which was also active in vivo.",10.1080/00021369.1989.10869621,ic50_missing,0,missing_or_unresolved_ic50
mbpdb_ace_000338,ace,database,MBPDB,MBPDB_P05814_LLNP_203-206,ACE,LLNP,4,ACE-inhibitory,,,,,,missing,,P05814,Beta-casein,Homo sapiens,203-206,ACE-inhibitory,,,,,Inhibition of angiotensin-converting enzyme by synthetic peptides of human β-casein,"Kohmura, M. et al.","The possible roles of caseins as exorphins, immunostimulants and hypotensive agents have recently been suggested by several groups. In an attempt to prove the existence and to elucidate the physiological significance of peptide inhibitors of angiotensin-converting enzyme (ACE) in milk proteins, we synthesized a total of 69 peptide fragments of human ^-casein, in which a proline residue was placed at the C-terminus for the ACE inhibitory activity. It was found that the peptides with potent inhibitory activity in vitro were located in the region of amino acid residues 39 ~ 52 of human p- casein. All the peptides within this sequence (39~52) had potent ACE inhibitory activity. The most potent inhibitor was a decapeptide, Ser-Phe-Gln-Pro-Gln-Pro-Leu-Ile-Tyr-Pro (IC50 = 1.4 μm), which was also active in vivo.",10.1080/00021369.1989.10869621,ic50_missing,0,missing_or_unresolved_ic50
mbpdb_ace_000339,ace,database,MBPDB,MBPDB_P05814_LENLHLP_136-142,ACE,LENLHLP,7,ACE-inhibitory,,,,,,missing,,P05814,Beta-casein,Homo sapiens,136-142,ACE-inhibitory,,,,,Inhibition of angiotensin-converting enzyme by synthetic peptides of human β-casein,"Kohmura, M. et al.","The possible roles of caseins as exorphins, immunostimulants and hypotensive agents have recently been suggested by several groups. In an attempt to prove the existence and to elucidate the physiological significance of peptide inhibitors of angiotensin-converting enzyme (ACE) in milk proteins, we synthesized a total of 69 peptide fragments of human ^-casein, in which a proline residue was placed at the C-terminus for the ACE inhibitory activity. It was found that the peptides with potent inhibitory activity in vitro were located in the region of amino acid residues 39 ~ 52 of human p- casein. All the peptides within this sequence (39~52) had potent ACE inhibitory activity. The most potent inhibitor was a decapeptide, Ser-Phe-Gln-Pro-Gln-Pro-Leu-Ile-Tyr-Pro (IC50 = 1.4 μm), which was also active in vivo.",10.1080/00021369.1989.10869621,ic50_missing,0,missing_or_unresolved_ic50
mbpdb_ace_000340,ace,database,MBPDB,MBPDB_P05814_FVEPIP_68-73,ACE,FVEPIP,6,ACE-inhibitory,,,,,,missing,,P05814,Beta-casein,Homo sapiens,68-73,ACE-inhibitory,,,,,Inhibition of angiotensin-converting enzyme by synthetic peptides of human β-casein,"Kohmura, M. et al.","The possible roles of caseins as exorphins, immunostimulants and hypotensive agents have recently been suggested by several groups. In an attempt to prove the existence and to elucidate the physiological significance of peptide inhibitors of angiotensin-converting enzyme (ACE) in milk proteins, we synthesized a total of 69 peptide fragments of human ^-casein, in which a proline residue was placed at the C-terminus for the ACE inhibitory activity. It was found that the peptides with potent inhibitory activity in vitro were located in the region of amino acid residues 39 ~ 52 of human p- casein. All the peptides within this sequence (39~52) had potent ACE inhibitory activity. The most potent inhibitor was a decapeptide, Ser-Phe-Gln-Pro-Gln-Pro-Leu-Ile-Tyr-Pro (IC50 = 1.4 μm), which was also active in vivo.",10.1080/00021369.1989.10869621,ic50_missing,0,missing_or_unresolved_ic50
mbpdb_ace_000341,ace,database,MBPDB,MBPDB_P05814_ENLHLP_137-142,ACE,ENLHLP,6,ACE-inhibitory,,,,,,missing,,P05814,Beta-casein,Homo sapiens,137-142,ACE-inhibitory,,,,,Inhibition of angiotensin-converting enzyme by synthetic peptides of human β-casein,"Kohmura, M. et al.","The possible roles of caseins as exorphins, immunostimulants and hypotensive agents have recently been suggested by several groups. In an attempt to prove the existence and to elucidate the physiological significance of peptide inhibitors of angiotensin-converting enzyme (ACE) in milk proteins, we synthesized a total of 69 peptide fragments of human ^-casein, in which a proline residue was placed at the C-terminus for the ACE inhibitory activity. It was found that the peptides with potent inhibitory activity in vitro were located in the region of amino acid residues 39 ~ 52 of human p- casein. All the peptides within this sequence (39~52) had potent ACE inhibitory activity. The most potent inhibitor was a decapeptide, Ser-Phe-Gln-Pro-Gln-Pro-Leu-Ile-Tyr-Pro (IC50 = 1.4 μm), which was also active in vivo.",10.1080/00021369.1989.10869621,ic50_missing,0,missing_or_unresolved_ic50
mbpdb_ace_000346,ace,database,MBPDB,MBPDB_P00711_LDQWLCEK_134-141,ACE,LDQWLCEK,8,ACE-inhibitory,,,,,,missing,,P00711,Alpha-lactalbumin,Bos taurus,134-141,ACE-inhibitory,,,,,Characterization of casein-derived peptide bioactivity: Differential effects on angiotensin-converting enzyme inhibition and cytokine and nitric oxide production,"Adams, C. et al.","Lactic acid bacteria (LAB) are used as starter cultures in the production of fermented dairy products and have the potential to confer bioactivity relevant to cardiovascular health, as they possess extensive proteolytic systems that liberate small bioactive peptides from larger milk proteins. Certain casein-derived peptides released by various LAB strains during fermentation have been shown to reduce hypertension and to modulate the immune system. We investigated the growth and peptide production of 2 LAB strains, Lactobacillus helveticus R0389 and Lactocaseibacillus rhamnosus R0011, their immunomodulatory activities, as well as their abilities to inhibit the angiotensin-converting enzyme (ACE). Peptide fractions collected from the cell-free supernatant of both medium-grown and milk fermentation cultures were assessed for ACE-inhibitory activity and their effects on the production of proinflammatory and regulatory cytokines by human THP-1 monocytes. Cultures were grown in medium, with or without supplementation with 0.1% casein, or in 3.25% milk fermented with each LAB strain. Casein supplementation increased the growth rate of both LAB strains, and significantly increased ACE-inhibitory activity of peptide fractions collected from both L. helveticus R0389 and L. rhamnosus R0011 cultures grown for 12 h. Fermentation peptide fractions of L. rhamnosus R0011 showed comparable ACE-inhibitory activity to known ACE inhibiting peptides Val-Pro-Pro and Ile-Pro-Pro (up to 79% inhibition) with a significant difference between culture peptide fractions and acidified and nonacidified control fractions collected after 6 d of fermentation. Many milk and casein-derived peptides reported in previous studies have been identified as part of a larger bioactive fraction. We synthesized a group of these peptides to individually assess both ACE-inhibitory and immunomodulatory activity. The known ACE inhibitors Val-Pro-Pro and Ile-Pro-Pro showed similar ACE inhibition to previously published results, while also inducing the production of the regulatory cytokine IL-10 by monocytes in the presence and absence of a proinflammatory stimulant. These synthesized peptides could also induce the production of nitric oxide (NO), a potent vasodilator, in human endothelial cell cultures. Investigating the relationships among these bioactive properties could improve the use of probiotic organisms and their secreted products in the food industry.",10.3168/jds.2019-17976,ic50_missing,0,missing_or_unresolved_ic50
mbpdb_ace_000347,ace,database,MBPDB,MBPDB_P02666_LYQEPVLGPVR_207-217,ACE,LYQEPVLGPVR,11,ACE-inhibitory,,,,,,missing,,P02666,Beta-casein,Bos taurus,207-217,ACE-inhibitory,,,,,Characterization of casein-derived peptide bioactivity: Differential effects on angiotensin-converting enzyme inhibition and cytokine and nitric oxide production,"Adams, C. et al.","Lactic acid bacteria (LAB) are used as starter cultures in the production of fermented dairy products and have the potential to confer bioactivity relevant to cardiovascular health, as they possess extensive proteolytic systems that liberate small bioactive peptides from larger milk proteins. Certain casein-derived peptides released by various LAB strains during fermentation have been shown to reduce hypertension and to modulate the immune system. We investigated the growth and peptide production of 2 LAB strains, Lactobacillus helveticus R0389 and Lactocaseibacillus rhamnosus R0011, their immunomodulatory activities, as well as their abilities to inhibit the angiotensin-converting enzyme (ACE). Peptide fractions collected from the cell-free supernatant of both medium-grown and milk fermentation cultures were assessed for ACE-inhibitory activity and their effects on the production of proinflammatory and regulatory cytokines by human THP-1 monocytes. Cultures were grown in medium, with or without supplementation with 0.1% casein, or in 3.25% milk fermented with each LAB strain. Casein supplementation increased the growth rate of both LAB strains, and significantly increased ACE-inhibitory activity of peptide fractions collected from both L. helveticus R0389 and L. rhamnosus R0011 cultures grown for 12 h. Fermentation peptide fractions of L. rhamnosus R0011 showed comparable ACE-inhibitory activity to known ACE inhibiting peptides Val-Pro-Pro and Ile-Pro-Pro (up to 79% inhibition) with a significant difference between culture peptide fractions and acidified and nonacidified control fractions collected after 6 d of fermentation. Many milk and casein-derived peptides reported in previous studies have been identified as part of a larger bioactive fraction. We synthesized a group of these peptides to individually assess both ACE-inhibitory and immunomodulatory activity. The known ACE inhibitors Val-Pro-Pro and Ile-Pro-Pro showed similar ACE inhibition to previously published results, while also inducing the production of the regulatory cytokine IL-10 by monocytes in the presence and absence of a proinflammatory stimulant. These synthesized peptides could also induce the production of nitric oxide (NO), a potent vasodilator, in human endothelial cell cultures. Investigating the relationships among these bioactive properties could improve the use of probiotic organisms and their secreted products in the food industry.",10.3168/jds.2019-17976,ic50_missing,0,missing_or_unresolved_ic50
mbpdb_ace_000348,ace,database,MBPDB,MBPDB_P02666_WMHQPHQPLPPT_158-169,ACE,WMHQPHQPLPPT,12,ACE-inhibitory,,,,,,missing,,P02666,Beta-casein,Bos taurus,158-169,ACE-inhibitory,,,,,Characterization of casein-derived peptide bioactivity: Differential effects on angiotensin-converting enzyme inhibition and cytokine and nitric oxide production,"Adams, C. et al.","Lactic acid bacteria (LAB) are used as starter cultures in the production of fermented dairy products and have the potential to confer bioactivity relevant to cardiovascular health, as they possess extensive proteolytic systems that liberate small bioactive peptides from larger milk proteins. Certain casein-derived peptides released by various LAB strains during fermentation have been shown to reduce hypertension and to modulate the immune system. We investigated the growth and peptide production of 2 LAB strains, Lactobacillus helveticus R0389 and Lactocaseibacillus rhamnosus R0011, their immunomodulatory activities, as well as their abilities to inhibit the angiotensin-converting enzyme (ACE). Peptide fractions collected from the cell-free supernatant of both medium-grown and milk fermentation cultures were assessed for ACE-inhibitory activity and their effects on the production of proinflammatory and regulatory cytokines by human THP-1 monocytes. Cultures were grown in medium, with or without supplementation with 0.1% casein, or in 3.25% milk fermented with each LAB strain. Casein supplementation increased the growth rate of both LAB strains, and significantly increased ACE-inhibitory activity of peptide fractions collected from both L. helveticus R0389 and L. rhamnosus R0011 cultures grown for 12 h. Fermentation peptide fractions of L. rhamnosus R0011 showed comparable ACE-inhibitory activity to known ACE inhibiting peptides Val-Pro-Pro and Ile-Pro-Pro (up to 79% inhibition) with a significant difference between culture peptide fractions and acidified and nonacidified control fractions collected after 6 d of fermentation. Many milk and casein-derived peptides reported in previous studies have been identified as part of a larger bioactive fraction. We synthesized a group of these peptides to individually assess both ACE-inhibitory and immunomodulatory activity. The known ACE inhibitors Val-Pro-Pro and Ile-Pro-Pro showed similar ACE inhibition to previously published results, while also inducing the production of the regulatory cytokine IL-10 by monocytes in the presence and absence of a proinflammatory stimulant. These synthesized peptides could also induce the production of nitric oxide (NO), a potent vasodilator, in human endothelial cell cultures. Investigating the relationships among these bioactive properties could improve the use of probiotic organisms and their secreted products in the food industry.",10.3168/jds.2019-17976,ic50_missing,0,missing_or_unresolved_ic50
mbpdb_ace_000349,ace,database,MBPDB,MBPDB_P02666_HQPHQPLPPTVMFPPQ_160-175,ACE,HQPHQPLPPTVMFPPQ,16,ACE-inhibitory,,,,,,missing,,P02666,Beta-casein,Bos taurus,160-175,ACE-inhibitory,,,,,Characterization of casein-derived peptide bioactivity: Differential effects on angiotensin-converting enzyme inhibition and cytokine and nitric oxide production,"Adams, C. et al.","Lactic acid bacteria (LAB) are used as starter cultures in the production of fermented dairy products and have the potential to confer bioactivity relevant to cardiovascular health, as they possess extensive proteolytic systems that liberate small bioactive peptides from larger milk proteins. Certain casein-derived peptides released by various LAB strains during fermentation have been shown to reduce hypertension and to modulate the immune system. We investigated the growth and peptide production of 2 LAB strains, Lactobacillus helveticus R0389 and Lactocaseibacillus rhamnosus R0011, their immunomodulatory activities, as well as their abilities to inhibit the angiotensin-converting enzyme (ACE). Peptide fractions collected from the cell-free supernatant of both medium-grown and milk fermentation cultures were assessed for ACE-inhibitory activity and their effects on the production of proinflammatory and regulatory cytokines by human THP-1 monocytes. Cultures were grown in medium, with or without supplementation with 0.1% casein, or in 3.25% milk fermented with each LAB strain. Casein supplementation increased the growth rate of both LAB strains, and significantly increased ACE-inhibitory activity of peptide fractions collected from both L. helveticus R0389 and L. rhamnosus R0011 cultures grown for 12 h. Fermentation peptide fractions of L. rhamnosus R0011 showed comparable ACE-inhibitory activity to known ACE inhibiting peptides Val-Pro-Pro and Ile-Pro-Pro (up to 79% inhibition) with a significant difference between culture peptide fractions and acidified and nonacidified control fractions collected after 6 d of fermentation. Many milk and casein-derived peptides reported in previous studies have been identified as part of a larger bioactive fraction. We synthesized a group of these peptides to individually assess both ACE-inhibitory and immunomodulatory activity. The known ACE inhibitors Val-Pro-Pro and Ile-Pro-Pro showed similar ACE inhibition to previously published results, while also inducing the production of the regulatory cytokine IL-10 by monocytes in the presence and absence of a proinflammatory stimulant. These synthesized peptides could also induce the production of nitric oxide (NO), a potent vasodilator, in human endothelial cell cultures. Investigating the relationships among these bioactive properties could improve the use of probiotic organisms and their secreted products in the food industry.",10.3168/jds.2019-17976,ic50_missing,0,missing_or_unresolved_ic50
mbpdb_ace_000351,ace,database,MBPDB,MBPDB_P02756_PEQSLACQCL_131-140,ACE,PEQSLACQCL,10,ACE-inhibitory,,,,,,missing,,P02756,Beta-lactoglobulin,Capra hircus,131-140,ACE-inhibitory,,,,,Novel angiotensin-converting enzyme inhibitory peptides from caseins and whey proteins of goat milk,"Lin, K. et al.","Angiotensin-converting enzyme (ACE) plays a central role in blood pressure regulation by producing the vasoconstrictor angiotensin II. The inhibition of ACE with natural inhibitors, as alternatives to avoid the side effect of synthetic drugs, is a major target in the prevention of hypertension. In this study, we examined the separated caseins and whey proteins of goat milk for the presence of ACE inhibitory peptides. Digestion of isolated whey proteins and caseins of goat milk by gastric pepsin generated soluble hydrolysates exhibiting significant inhibition of ACE compared to weak inhibition by undigested proteins. The hydrolysates were fractionated by size exclusion chromatography, Sephacryl S-100 column, into four fractions (F1–F4). The late-eluting fraction (F4) of either whey or caseins exhibited greater ACE inhibition. Peptides in both F4 fractions, isolated by RP-HPLC, exhibited variable ACE inhibitory activities with the hydrophobic peptide peaks being the most potent ACE inhibitors. MALDI-TOF MS/MS resulted in identification of three potent ACE inhibitory peptides: PEQSLACQCL from β-lactoglobulin (residues 113–122), QSLVYPFTGPI from β-casein (residues 56–66), and ARHPHPHLSFM from κ-casein (residues 96–106). The peptides from whey and caseins exert significant ACE inhibitory activities comparable to that of captopril, an antihypertensive drug, exhibiting IC50 values of 4.45 μM and 4.27 μM, respectively. The results introduce, for the first time, new potent ACE-inhibitory peptides that can be released by gastric pepsin of goat milk whey and caseins and thus may pave the way for their candidacy as anti-hypertensive bioactive peptides and prevention of associated disorders.",10.1016/j.jare.2016.12.002,ic50_missing,0,missing_or_unresolved_ic50
mbpdb_ace_000352,ace,database,MBPDB,MBPDB_P02666_PFPGPIPN_76-83,ACE,PFPGPIPN,8,ACE-inhibitory,,,,,,missing,,P02666,Beta-casein,Bos taurus,76-83,ACE-inhibitory,,,,,Novel angiotensin I-converting enzyme inhibitory peptides from protease hydrolysates of Qula casein Quantitative structure-activity relationship modeling and molecular docking study,"Lin, K. et al.","Qula casein derived from yak milk was hydrolysed using various enzymes. Hydrolysates were withdrawn at different hydrolysis phases and were determined to their degree of hydrolysis (DH) and ACE (angiotensin I-converting enzyme) inhibitory (ACEI) activities. Using a 3 kDa ultra-filtration membrane, hydrolysates were fractioned into two ranges of molecular weight and permeated fractions were further investigated. A Lineweaver-Burk plot was used to explore the ACEI kinetics of the hydrolysates. Additionally, the peptides in the hydrolysates were identified using LC-MS/MS. We established four quantitative structure-activity relationship (QSAR) models for predicting potential ACEI peptides. Using in silico analysis, four novel ACEI peptides were identified and a molecular docking study further explored the potential ACEI activities. Based on the docking results, three new peptides (PFPGPIPN, KYIPIQ and LPLPLL) were chemically synthesized and their IC50 values were determined. In conclusion, our study suggests that Qula casein may be a valuable source of ACEI peptides.",10.1016/j.jff.2017.03.008,ic50_missing,0,missing_or_unresolved_ic50
mbpdb_ace_000353,ace,database,MBPDB,MBPDB_P02663_YQKFPQYLQY_104-113,ACE,YQKFPQYLQY,10,ACE-inhibitory,,,,,,missing,,P02663,Alpha-S2-casein,Bos taurus,104-113,ACE-inhibitory,,,,,Identification and characterization of an angiotensin-converting enzyme inhibitory peptide derived from bovine casein,"Xue, L. et al.","In this study, we identified a novel angiotensin-I-converting enzyme (ACE) inhibitory peptide, YQKFPQYLQY (YQK), derived from bovine casein. Casein was hydrolyzed using pepsin and trypsin. The target peptide, YQK, was separated from the hydrolysate by ultrafiltration and Sephadex G-15chromatography. The IC50 value of YQK was 11.1 μM. YQK retained its ACE inhibitory activity under various temperature and pH conditions. It was also stable against the digestive enzymes pepsin and trypsin. The Lineweaver–Burk plot suggested that the inhibitory mode of YQK was competitive. Furthermore, its antihypertensive effects in spontaneously hypertensive rats (SHRs) also revealed that oral administration of YQK can significantly decrease systolic blood pressure. These results suggested that YQK may have potential applications in functional foods or pharmaceuticals as an antihypertensive agent.",10.1016/j.peptides.2017.09.021,ic50_missing,0,missing_or_unresolved_ic50
mbpdb_ace_000358,ace,database,MBPDB,MBPDB_P02666_HQPHQPLPPT_160-169,ACE,HQPHQPLPPT,10,ACE-inhibitory,,,,,,missing,,P02666,Beta-casein,Bos taurus,160-169,ACE-inhibitory,,,,,Characterization of casein-derived peptide bioactivity: Differential effects on angiotensin-converting enzyme inhibition and cytokine and nitric oxide production,"Adams, C. et al.","Lactic acid bacteria (LAB) are used as starter cultures in the production of fermented dairy products and have the potential to confer bioactivity relevant to cardiovascular health, as they possess extensive proteolytic systems that liberate small bioactive peptides from larger milk proteins. Certain casein-derived peptides released by various LAB strains during fermentation have been shown to reduce hypertension and to modulate the immune system. We investigated the growth and peptide production of 2 LAB strains, Lactobacillus helveticus R0389 and Lactocaseibacillus rhamnosus R0011, their immunomodulatory activities, as well as their abilities to inhibit the angiotensin-converting enzyme (ACE). Peptide fractions collected from the cell-free supernatant of both medium-grown and milk fermentation cultures were assessed for ACE-inhibitory activity and their effects on the production of proinflammatory and regulatory cytokines by human THP-1 monocytes. Cultures were grown in medium, with or without supplementation with 0.1% casein, or in 3.25% milk fermented with each LAB strain. Casein supplementation increased the growth rate of both LAB strains, and significantly increased ACE-inhibitory activity of peptide fractions collected from both L. helveticus R0389 and L. rhamnosus R0011 cultures grown for 12 h. Fermentation peptide fractions of L. rhamnosus R0011 showed comparable ACE-inhibitory activity to known ACE inhibiting peptides Val-Pro-Pro and Ile-Pro-Pro (up to 79% inhibition) with a significant difference between culture peptide fractions and acidified and nonacidified control fractions collected after 6 d of fermentation. Many milk and casein-derived peptides reported in previous studies have been identified as part of a larger bioactive fraction. We synthesized a group of these peptides to individually assess both ACE-inhibitory and immunomodulatory activity. The known ACE inhibitors Val-Pro-Pro and Ile-Pro-Pro showed similar ACE inhibition to previously published results, while also inducing the production of the regulatory cytokine IL-10 by monocytes in the presence and absence of a proinflammatory stimulant. These synthesized peptides could also induce the production of nitric oxide (NO), a potent vasodilator, in human endothelial cell cultures. Investigating the relationships among these bioactive properties could improve the use of probiotic organisms and their secreted products in the food industry.",10.3168/jds.2019-17976,ic50_missing,0,missing_or_unresolved_ic50
mbpdb_ace_000359,ace,database,MBPDB,MBPDB_P02668_HPHPHLSFMAIPP_119-131,ACE,HPHPHLSFMAIPP,13,ACE-inhibitory,,,,,,missing,,P02668,Kappa-casein,Bos taurus,119-131,ACE-inhibitory,,,,,In vitro and in silico evaluation of multifunctional properties of bioactive synthetic peptides identified in milk fermented with Lactococcus lactis NRRL B-50571 and NRRL B-50572,"Ma, R-R. et al.","The aim of this study was to investigate the multifunctional properties of specific synthetic peptides previously identified in milk fermented with Lactococcus lactis NRRL B-50571 and NRRL B-50572 on the inhibition of enzymes involved in hypertension (ACE), type 2 diabetes (DPP-IV) and thrombosis (thrombin). Moreover, in vitro gastrointestinal digestion was performed in order to know the stability of peptides and its effect on the biological activities. Also, in silico analysis was employed for the prediction of sequences after digestion. Results showed that peptide inhibitory activities on ACE, DPP-IV and thrombin were enhanced after digestion. After in vitro digestion, peptide NAVPITPTLN showed the best efficiency to inhibit DPP-IV. Likewise, NAVPITPTLN and QEPVLGPVRGPFIIV showed high thrombin inhibitory activities, and HPHPHLSFMAIPP and SLPQNIPPL presented high ACE inhibitory activities. In vitro and in silico studies indicated that these peptides are precursors of multifunctional peptide sequences. Therefore, this study suggests that the specific synthetic peptides previously identified in milk fermented with Lactococcus lactis NRRL B-50571 and NRRL B-50572 offer potential beneficial health effects in the management of hypertension, thrombosis and diabetes.",10.1016/j.lwt.2021.112581,ic50_missing,0,missing_or_unresolved_ic50
mbpdb_ace_000360,ace,database,MBPDB,MBPDB_P33049_FPQYLQYPY_108-116,ACE,FPQYLQYPY,9,ACE-inhibitory,,,,,,missing,,P33049,Alpha-S2-casein,Capra hircus,108-116,ACE-inhibitory,,,,,A Novel Angiotensin I-Converting Enzyme Inhibitory Peptide Derived From Goat Milk Casein Hydrolysate Modulates Angiotensin II-Stimulated Effects on Vascular Smooth Muscle Cells,"Qiao, Z. et al.","Hypertension is a major risk factor leading to cardiovascular disease, and is frequently treated with angiotensin I-converting enzyme (ACE) inhibitory peptides. The objective of this study was to separate and identify an ACE-inhibitory peptide from goat milk casein hydrolysates, and to evaluate its potential for improving angiotensin II (Ang II)-mediated adverse effects on vascular smooth muscle cells (VSMCs). A novel ACE-inhibitory peptide with the highest activity from the goat milk casein hydrolysates as determined by four steps of RP-HPLC was purified and identified as Phe-Pro-Gln-Tyr-Leu-Gln-Tyr-Pro-Tyr (FPQYLQYPY). The results of inhibitory kinetics studies indicated that the peptide was a non-competitive inhibitor against ACE. Gastrointestinal digest in vitro analysis showed that the hydrolysate of FPQYLQYPY was still active after digestion with gastrointestinal proteases. Moreover, we found that the peptide could significantly inhibit the proliferation and migration of Ang II-stimulated VSMCs. Further transcriptomic analysis revealed that differentially expressed genes (DEGs) were enriched in the cardiovascular disease-related pathways, and that the peptide may have the ability to regulate vascular remodeling. Our findings indicate the potential anti-hypertensive effects of FPQYLQYPY, as well-implicate its role in regulating vascular dysfunction.",10.3389/fnut.2022.878768,ic50_missing,0,missing_or_unresolved_ic50
mbpdb_ace_000361,ace,database,MBPDB,MBPDB_P02754_PMHIR_160-164,ACE,PMHIR,5,ACE-inhibitory,,,,,,missing,,P02754,Beta-lactoglobulin,Bos taurus,160-164,ACE-inhibitory,,,,,Novel ACE inhibitory peptides derived from whey protein hydrolysates- Identification and molecular docking,"Li, X. et al.","Angiotensin I-converting enzyme (ACE) plays a significant role in the regulation of blood pressure via generating angiotensin II (Ang II). Using natural inhibitors to block the activity of ACE is an alternative method to minimize the side effects of commercial drugs, and is a major goal of hypertension management. This study detected the presence of ACE inhibitory peptides in whey protein hydrolysate. The whey protein hydrolysate was separated sequentially by ultrafiltration and RP-HPLC. LC-MS/MS revealed the amino acid sequences of the fractions and four potential ACE inhibitory peptides were selected (PQVSTPTL, MPGP, PMHIR, PPLT) for synthesis. IC50 values of these four peptides were 86 ± 8, 179 ± 4, 90 ± 6, and 168 ± 4 μM, respectively. Then, molecular docking analysis was used to assess how these peptides interact with ACE. PQVSTPTL exhibited the lowest binding energy (−6.64 kcal/mol) with the ACE molecule. These four reported peptides were with no allergenicity nor toxicity. These results indicated that whey protein hydrolysate could be a suitable resource for obtaining novel inhibitory peptides against ACE and provides information for obtaining novel ACE inhibitors for hypertension management.",10.1016/j.fbio.2022.101737,ic50_missing,0,missing_or_unresolved_ic50
mbpdb_ace_000362,ace,database,MBPDB,MBPDB_P24627_NLPEKADRD_236-244,ACE,NLPEKADRD,9,ACE-inhibitory,,,,,,missing,,P24627,Lactotransferrin,Bos taurus,236-244,ACE-inhibitory,,,,,Identification of dual-function bovine lactoferrin peptides released using simulated gastrointestinal digestion.,"Tu, M. et al.","Lactoferrin (LF) is a good protein for producing various bioactive peptides, such as those with antimicrobial, immunomodulating, and antihypertensive activities. However, there is no report about a peptide from lactoferrin with both angiotensin I-converting enzyme inhibitory (ACEI) and anticoagulant activities. This study investigated the ACEI and anticoagulant activities of the lactoferrin hydrolysate (LFH) produced using simulated gastrointestinal digestion and identified the potential peptide with both activities, as well as studied its active mechanisms. Results indicated that the LFH showed ACEI activity with an IC50 value of 0.38 ± 0.06 mg mL−1. Moreover, LFH showed its anticoagulant activity by prolonging the thrombin time from 13.1 ± 0.1 to 20.9 ± 0.5 s at 20 mg mL−1. Nano-scale liquid chromatography-quadrupole time-of-flight mass spectrometry analysis showed that a total of 73 peptides with 7–21 amino acid residues were identified from LFH. The peptide ENLPEKADRD was evaluated for both ACEI and anticoagulant activities. Moreover, the molecular docking results showed that this peptide had strong interactions with ACE and thrombin indicated by “-CDOCKER_Energy” scores of 207 and 171 kcal mol−1, respectively. Twelve ACE amino acid residues interacted with the peptide by forming 13 H-bonds, 7 electrostatic interactions, and 4 hydrophobic interactions. Eight thrombin amino acid residues interacted with peptide ENLPEKADRD by forming 10 H-bonds, 4 electrostatic interactions, and 1 hydrophobic interaction. These results showed that LF may potentially be used as an ingredient in functional food products with both antihypertensive and anticoagulant activities.",10.1016/j.fbio.2020.100806,ic50_missing,0,missing_or_unresolved_ic50
