sequence,peptide_length,record_count,record_id_list,source_record_id_list,species_set,protein_id_set,protein_description_set,doi_set,ic50_relation_set,ic50_parse_status_set,ic50_uM_min,ic50_uM_max,ic50_uM_mean,ic50_uM_median,ic50_spread_ratio_max_min,bibliographic_year_min,bibliographic_year_max,title_set,notes_set
AP,2,1,mbpdb_ace_000030,MBPDB_P02788_AP_89-90_513-514_613-614,Homo sapiens,P02788,Lactotransferrin,10.1080/1475636031000138723,=,exact_molar,21.0,21.0,21.0,21.0,1.0,,,Characterization of New Milk-derived Inhibitors of Angiotensin Converting Enzyme In Vitro and In Vivo,
AY,2,1,mbpdb_ace_000029,MBPDB_P24627_AY_184-185,Bos taurus,P24627,Lactotransferrin,10.1080/1475636031000138723,=,exact_molar,40.0,40.0,40.0,40.0,1.0,,,Characterization of New Milk-derived Inhibitors of Angiotensin Converting Enzyme In Vitro and In Vivo,
FA,2,1,mbpdb_ace_000231,MBPDB_P02666_FA_67-68,Bos taurus,P02666,Beta-casein,10.1016/j.foodchem.2014.01.056,=,exact_molar,487.1,487.1,487.1,487.1,1.0,2014,2014,Characterisation of the hydrolytic specificity of Aspergillus niger derived prolyl endoproteinase on bovine β-casein and determination of ACE inhibitory activity,
FP,2,1,mbpdb_ace_000007,MBPDB_P02769_FP_246-247,Bos taurus,P02769,Serum albumin,"1) 10.3168/jds.S0022-0302(98)75878-3, 2) 10.1080/1475636031000138723, 3) 10.1016/j.foodchem.2014.01.056",=,exact_molar,315.0,315.0,315.0,315.0,1.0,2014,2014,"1) Structural analysis of new antihypertensive peptides derived from cheese whey protein by proteinase K digestion, 2) Characterization of New Milk-derived Inhibitors of Angiotensin Converting Enzyme In Vitro and In Vivo, 3) Characterisation of the hydrolytic specificity of Aspergillus niger derived prolyl endoproteinase on bovine β-casein and determination of ACE inhibitory activity",multiple_ic50_values_in_single_cell
GP,2,1,mbpdb_ace_000228,MBPDB_P02666_GP_79-80_214-215_218-219,Bos taurus,P02666,Beta-casein,10.1016/j.foodchem.2014.01.056,=,exact_molar,252.6,252.6,252.6,252.6,1.0,2014,2014,Characterisation of the hydrolytic specificity of Aspergillus niger derived prolyl endoproteinase on bovine β-casein and determination of ACE inhibitory activity,
IP,2,1,mbpdb_ace_000002,MBPDB_P02769_IP_321-322,Bos taurus,P02769,Serum albumin,10.1016/j.foodchem.2014.01.056,=,exact_molar,130.0,130.0,130.0,130.0,1.0,2014,2014,Characterisation of the hydrolytic specificity of Aspergillus niger derived prolyl endoproteinase on bovine β-casein and determination of ACE inhibitory activity,
IR,2,1,mbpdb_ace_000094,MBPDB_P02754_IR_163-164,Bos taurus,P02754,Beta-lactoglobulin,10.3168/jds.S0022-0302(04)70013-2,=,exact_molar,695.0,695.0,695.0,695.0,1.0,,,Structural Analysis of a New Anti-Hypertensive Peptide (β-Lactosin B) Isolated from a Commercial Whey Product,
IW,2,1,mbpdb_ace_000255,MBPDB_P00711_IW_78-79,Bos taurus,P00711,Alpha-lactalbumin,10.1016/j.idairyj.2015.09.004,=,exact_molar,0.7,0.7,0.7,0.7,1.0,2015,2015,Tryptophan-containing dipeptides are bioavailable and inhibit plasma human angiotensin-converting enzyme in vivo,
LF,2,1,mbpdb_ace_000077,MBPDB_P02754_LF_120-121,Bos taurus,P02754,Beta-lactoglobulin,10.1515/bchm3.1996.377.4.259,=,exact_molar,349.1,349.1,349.1,349.1,1.0,1996,1996,Synthetic Peptides Corresponding to α-Lactalbumin and β-Lactoglobulin Sequences with Angiotensin-l-Converting Enzyme Inhibitory Activity,
LW,2,1,mbpdb_ace_000310,MBPDB_P02662_LW_213-214,Bos taurus,P02662,Alpha-S1-casein,"1) 10.1080/1475636031000138723, 2) 10.1080/00021369.1987.10868415",=,exact_molar,32.5,32.5,32.5,32.5,1.0,1987,1987,"1) Characterization of New Milk-derived Inhibitors of Angiotensin Converting Enzyme In Vitro and In Vivo, 2) Angiotensin I-Converting Enzyme Inhibitory Activity of the C-Terminal Hexapeptide of αs1- Casein",multiple_ic50_values_in_single_cell
LY,2,1,mbpdb_ace_000016,MBPDB_P24627_LY_337-338,Bos taurus,P24627,Lactotransferrin,10.1080/1475636031000138723,=,exact_molar,44.0,44.0,44.0,44.0,1.0,,,Characterization of New Milk-derived Inhibitors of Angiotensin Converting Enzyme In Vitro and In Vivo,
QP,2,1,mbpdb_ace_000049,MBPDB_P02668_QP_28-29_112-113,Bos taurus,P02668,Kappa-casein,10.1016/j.chroma.2004.05.022,=,exact_molar,598.1,598.1,598.1,598.1,1.0,2004,2004,Identification of ACE-inhibitory peptides in different Spanish cheeses by tandem mass spectrometry,
RY,2,1,mbpdb_ace_000294,MBPDB_P02662_RY_105-106,Bos taurus,P02662,Alpha-S1-casein,10.1016/j.idairyj.2013.05.008,=,exact_molar,54.43,54.43,54.43,54.43,1.0,2013,2013,Resistance of casein-derived bioactive peptides to simulated gastrointestinal digestion,
SY,2,1,mbpdb_ace_000047,MBPDB_P02668_SY_58-59,Bos taurus,P02668,Kappa-casein,10.1080/1475636031000138723,=,exact_molar,41.0,41.0,41.0,41.0,1.0,,,Characterization of New Milk-derived Inhibitors of Angiotensin Converting Enzyme In Vitro and In Vivo,
TF,2,1,mbpdb_ace_000144,MBPDB_Q9TVD0_TF_67-68,Camelus dromedarius,Q9TVD0,Beta-casein,10.1016/j.idairyj.2016.01.009,=,exact_molar,18.0,18.0,18.0,18.0,1.0,2016,2016,Release of angiotensin converting enzyme-inhibitory peptides during in vitro gastro-intestinal digestion of camel milk,
VP,2,1,mbpdb_ace_000133,MBPDB_P02666_VP_23-24_99-100_188-189_193-194,Bos taurus,P02666,Beta-casein,10.1016/j.foodchem.2014.01.056,=,exact_molar,420.0,420.0,420.0,420.0,1.0,2014,2014,Characterisation of the hydrolytic specificity of Aspergillus niger derived prolyl endoproteinase on bovine β-casein and determination of ACE inhibitory activity,
VR,2,1,mbpdb_ace_000001,MBPDB_P02769_VR_432-433,Bos taurus,P02769,Serum albumin,10.1002/elps.200700324,=,exact_molar,52.8,52.8,52.8,52.8,1.0,,,Identification of novel angiotensin-converting enzyme-inhibitory peptides from ovine milk proteins by CE-MS and chromatographic techniques,
VY,2,1,mbpdb_ace_000127,MBPDB_Q9TVD0_VY_75-76,Camelus dromedarius,Q9TVD0,Beta-casein,"1) 10.1016/j.idairyj.2016.01.009, 2) 10.1080/1475636031000138723",=,exact_molar,9.05,9.05,9.05,9.05,1.0,2016,2016,"1) Release of angiotensin converting enzyme-inhibitory peptides during in vitro gastro-intestinal digestion of camel milk, 2) Characterization of New Milk-derived Inhibitors of Angiotensin Converting Enzyme In Vitro and In Vivo",multiple_ic50_values_in_single_cell
WL,2,1,mbpdb_ace_000246,MBPDB_P00711_WL_123-124_137-138,Bos taurus,P00711,Alpha-lactalbumin,10.1016/j.idairyj.2015.09.004,=,exact_molar,10.0,10.0,10.0,10.0,1.0,2015,2015,Tryptophan-containing dipeptides are bioavailable and inhibit plasma human angiotensin-converting enzyme in vivo,
WY,2,1,mbpdb_ace_000081,MBPDB_P02754_WY_35-36,Bos taurus,P02754,Beta-lactoglobulin,10.1021/jf063427j,=,exact_molar,38.3,38.3,38.3,38.3,1.0,,,ACE-Inhibitory and Radical-Scavenging Activity of Peptides Derived from β-Lactoglobulin f(19-25) Interactions with Ascorbic Acid,
YL,2,1,mbpdb_ace_000301,MBPDB_P02662_YL_106-107_109-110,Bos taurus,P02662,Alpha-S1-casein,10.1515/bchm3.1996.377.4.259,=,exact_molar,122.1,122.1,122.1,122.1,1.0,1996,1996,Synthetic Peptides Corresponding to α-Lactalbumin and β-Lactoglobulin Sequences with Angiotensin-l-Converting Enzyme Inhibitory Activity,
YP,2,1,mbpdb_ace_000009,MBPDB_P24627_YP_185-186,Bos taurus,P24627,Lactotransferrin,"1) 10.3168/jds.S0022-0302(99)75364-6, 2) 10.1016/j.foodchem.2014.01.056, 3) 10.3168/jds.2019-17976",=,exact_molar,720.0,720.0,720.0,720.0,1.0,2014,2014,"1) Purification and Characterization of an Antihypertensive Peptide from a Yogurt-Like Product Fermented by Lactobacillus helveticus CPN4, 2) Characterisation of the hydrolytic specificity of Aspergillus niger derived prolyl endoproteinase on bovine β-casein and determination of ACE inhibitory activity, 3) Characterization of casein-derived peptide bioactivity: Differential effects on angiotensin-converting enzyme inhibition and cytokine and nitric oxide production",multiple_ic50_values_in_single_cell
YY,2,1,mbpdb_ace_000300,MBPDB_P02662_YY_180-181,Bos taurus,P02662,Alpha-S1-casein,10.1080/1475636031000138723,=,exact_molar,9.0,9.0,9.0,9.0,1.0,,,Characterization of New Milk-derived Inhibitors of Angiotensin Converting Enzyme In Vitro and In Vivo,
ASP,3,1,mbpdb_ace_000331,"MBPDB_P02668 Genetic Variant B,F2,G1,G2,J_ASP_169-171_169-171_169-171_169-171_169-171",Bos taurus,"P02668 Genetic Variant B,F2,G1,G2,J","Kappa-casein Genetic Variant B,F2,G1,G2,J",10.3168/jds.2008-1671,=,exact_molar,242.3,242.3,242.3,242.3,1.0,2008,2008,Short communication: Bovine κ-casein variants result in different angiotensin I converting enzyme (ACE) inhibitory peptides,
GAW,3,1,mbpdb_ace_000319,MBPDB_P02662_GAW_177-179,Bos taurus,P02662,Alpha-S1-casein,10.1016/j.idairyj.2006.07.004,=,exact_molar,240.0,240.0,240.0,240.0,1.0,2006,2006,Purification of angiotensin I-converting enzyme inhibitory peptides and antihypertensive effect of milk produced by protease-facilitated lactic fermentation,
GTW,3,1,mbpdb_ace_000096,MBPDB_P02754_GTW_33-35,Bos taurus,P02754,Beta-lactoglobulin,10.1016/j.idairyj.2006.07.004,=,exact_molar,464.4,464.4,464.4,464.4,1.0,2006,2006,Purification of angiotensin I-converting enzyme inhibitory peptides and antihypertensive effect of milk produced by protease-facilitated lactic fermentation,
HIR,3,1,mbpdb_ace_000095,MBPDB_P02754_HIR_162-164,Bos taurus,P02754,Beta-lactoglobulin,10.3168/jds.S0022-0302(04)70013-2,=,exact_molar,953.0,953.0,953.0,953.0,1.0,,,Structural Analysis of a New Anti-Hypertensive Peptide (β-Lactosin B) Isolated from a Commercial Whey Product,
HQP,3,1,mbpdb_ace_000220,MBPDB_P02666_HQP_160-162_163-165,Bos taurus,P02666,Beta-casein,10.1016/j.foodchem.2014.01.056,=,exact_molar,134.7,134.7,134.7,134.7,1.0,2014,2014,Characterisation of the hydrolytic specificity of Aspergillus niger derived prolyl endoproteinase on bovine β-casein and determination of ACE inhibitory activity,
IAK,3,1,mbpdb_ace_000037,MBPDB_P02668_IAK_43-45,Bos taurus,P02668,Kappa-casein,"1) 10.1002/mnfr.200900448, 2) 10.1002/elps.200700324",=,exact_molar,15.7,15.7,15.7,15.7,1.0,,,"1) Changes in arterial blood pressure after single oral administration of milk-casein-derived peptides in spontaneously hypertensive rats, 2) Identification of novel angiotensin-converting enzyme-inhibitory peptides from ovine milk proteins by CE-MS and chromatographic techniques",multiple_ic50_values_in_single_cell
ILP,3,1,mbpdb_ace_000218,MBPDB_P05814_ILP_81-83,Homo sapiens,P05814,Beta-casein,10.1080/00021369.1989.10869621,=,exact_molar,270.0,270.0,270.0,270.0,1.0,1989,1989,Inhibition of Angiotensin-converting Enzyme by Synthetic Peptides of Human β-Casein,
INP,3,1,mbpdb_ace_000280,MBPDB_P02663_INP_43-45,Bos taurus,P02663,Alpha-S2-casein,10.1016/j.idairyj.2013.10.009,=,exact_molar,71.2,71.2,71.2,71.2,1.0,2013,2013,Screening milk-derived antihypertensive peptides using quantitative structure activity relationship (QSAR) modelling and in vitro/in vivo studies on their bioactivity,
IPA,3,1,mbpdb_ace_000075,MBPDB_P02754_IPA_94-96,Bos taurus,P02754,Beta-lactoglobulin,10.3168/jds.S0022-0302(98)75878-3,=,exact_molar,141.0,141.0,141.0,141.0,1.0,,,Structural analysis of new antihypertensive peptides derived from cheese whey protein by proteinase K digestion,
IPP,3,1,mbpdb_ace_000031,MBPDB_P02668_IPP_129-131,Bos taurus,P02668,Kappa-casein,"1) 10.1016/j.idairyj.2016.01.009, 2) 10.1016/j.idairyj.2007.02.009, 3) 10.1016/j.idairyj.2013.10.009, 4) 10.1016/j.idairyj.2009.11.017, 5) 10.1089/jmf.2009.0253, 6) 10.1016/j.foodchem.2014.09.098, 7) 10.3168/jds.S0022-0302(95)76689-9, 8) 10.3168/jds.2019-17976",=,exact_molar,5.0,5.0,5.0,5.0,1.0,2007,2007,"1) Release of angiotensin converting enzyme-inhibitory peptides during in vitro gastro-intestinal digestion of camel milk, 2) ACE-inhibitory activity of probiotic yoghurt, 3) Screening milk-derived antihypertensive peptides using quantitative structure activity relationship (QSAR) modelling and in vitro/in vivo studies on their bioactivity, 4) Biological effects of casein-derived tripeptide powders are not affected by fermentation process, 5) Hemodynamic Effects of Lactotripeptides from Casein Hydrolysate in Mediterranean Normotensive Subjects and Patients with High-Normal Blood Pressure: A Randomized, Double-Blind, Crossover Clinical Trial, 6) Antihypertensive effect of the bovine casein-derived peptide Met-Lys-Pro, 7) Purification and Characterization of Angiotensin I-Converting Enzyme Inhibitors from Sour Milk, 8) Characterization of casein-derived peptide bioactivity: Differential effects on angiotensin-converting enzyme inhibition and cytokine and nitric oxide production",multiple_ic50_values_in_single_cell
IPY,3,1,mbpdb_ace_000279,MBPDB_P04654_IPY_217-219,Ovis aries,P04654,Alpha-S2-casein,10.1016/j.idairyj.2004.04.007,=,exact_molar,206.0,206.0,206.0,206.0,1.0,2004,2004,Angiotensin converting enzyme-inhibitory activity of peptides isolated from Manchego cheese Stability under simulated gastrointestinal digestion,
IQA,3,1,mbpdb_ace_000217,MBPDB_P02666_IQA_202-204,Bos taurus,P02666,Beta-casein,10.1016/j.foodchem.2014.01.056,=,exact_molar,32.9,32.9,32.9,32.9,1.0,2014,2014,Characterisation of the hydrolytic specificity of Aspergillus niger derived prolyl endoproteinase on bovine β-casein and determination of ACE inhibitory activity,
IQP,3,1,mbpdb_ace_000278,MBPDB_P02663_IQP_209-211,Bos taurus,P02663,Alpha-S2-casein,10.1016/j.idairyj.2013.10.009,=,exact_molar,106.7,106.7,106.7,106.7,1.0,2013,2013,Screening milk-derived antihypertensive peptides using quantitative structure activity relationship (QSAR) modelling and in vitro/in vivo studies on their bioactivity,
IQY,3,1,mbpdb_ace_000036,MBPDB_P02668_IQY_49-51,Bos taurus,P02668,Kappa-casein,10.1051/lait:2007019,=,exact_molar,70.4,70.4,70.4,70.4,1.0,,,"Casein hydrolysates as a source of antimicrobial, antioxidant and antihypertensive peptides",
ITP,3,1,mbpdb_ace_000277,MBPDB_P02663_ITP_134-136,Bos taurus,P02663,Alpha-S2-casein,10.1016/j.foodchem.2015.04.130,=,exact_molar,14.9,14.9,14.9,14.9,1.0,2015,2015,Peptide identification and angiotensin converting enzyme (ACE) inhibitory activity in prolyl endoproteinase digests of bovine αs-casein,
IVP,3,1,mbpdb_ace_000316,MBPDB_P02662_IVP_86-88_126-128,Bos taurus,P02662,Alpha-S1-casein,10.1016/j.idairyj.2013.10.009,=,exact_molar,49.7,49.7,49.7,49.7,1.0,2013,2013,Screening milk-derived antihypertensive peptides using quantitative structure activity relationship (QSAR) modelling and in vitro/in vivo studies on their bioactivity,
IYP,3,1,mbpdb_ace_000216,MBPDB_P05814_IYP_55-57_65-67_210-212,Homo sapiens,P05814,Beta-casein,10.1080/00021369.1989.10869621,=,exact_molar,61.0,61.0,61.0,61.0,1.0,1989,1989,Inhibition of Angiotensin-converting Enzyme by Synthetic Peptides of Human β-Casein,
KYP,3,1,mbpdb_ace_000208,MBPDB_P02666_KYP_128-130,Bos taurus,P02666,Beta-casein,10.1016/j.foodchem.2014.01.056,=,exact_molar,363.9,363.9,363.9,363.9,1.0,2014,2014,Characterisation of the hydrolytic specificity of Aspergillus niger derived prolyl endoproteinase on bovine β-casein and determination of ACE inhibitory activity,
LGY,3,1,mbpdb_ace_000295,MBPDB_P02662_LGY_107-109,Bos taurus,P02662,Alpha-S1-casein,"1) 10.1016/j.idairyj.2013.05.008, 2) 10.3390/foods9080991",=,exact_molar,23.78,23.78,23.78,23.78,1.0,2013,2013,"1) Resistance of casein-derived bioactive peptides to simulated gastrointestinal digestion, 2) In Silico and In Vitro Analysis of Multifunctionality of Animal Food-Derived Peptides",multiple_ic50_values_in_single_cell
LLF,3,1,mbpdb_ace_000086,MBPDB_P02756_LLF_121-123,Capra hircus,P02756,Beta-lactoglobulin,"1) 10.1016/S0958-6946(02)00080-8, 2) 10.3390/foods9080991",=,exact_molar,87.295,87.295,87.295,87.295,1.0,,,"1) Preparation of ovine and caprine β-lactoglobulin hydrolysates with ACE-inhibitory activity Identification of active peptides from caprine β-lactoglobulin hydrolysed with thermolysin, 2) In Silico and In Vitro Analysis of Multifunctionality of Animal Food-Derived Peptides",multiple_ic50_values_in_single_cell
LPP,3,1,mbpdb_ace_000197,MBPDB_P02666_LPP_166-168,Bos taurus,P02666,Beta-casein,10.1016/j.foodchem.2014.01.056,=,exact_molar,9.6,9.6,9.6,9.6,1.0,2014,2014,Characterisation of the hydrolytic specificity of Aspergillus niger derived prolyl endoproteinase on bovine β-casein and determination of ACE inhibitory activity,
LQP,3,1,mbpdb_ace_000194,MBPDB_P02666_LQP_103-105,Bos taurus,P02666,Beta-casein,10.1017/S0022029908003452,=,exact_molar,3.4,3.4,3.4,3.4,1.0,,,Antihypertensive effect of an angiotensin converting enzyme inhibitory peptide from enzyme modified cheese,
LRP,3,1,mbpdb_ace_000018,MBPDB_P24627_LRP_93-95_151-153_446-448,Bos taurus,P24627,Lactotransferrin,10.1021/jf4053868,=,exact_molar,0.35,0.35,0.35,0.35,1.0,,,Novel Antihypertensive Lactoferrin-Derived Peptides Produced by Kluyveromyces marxianus: Gastrointestinal Stability Profile and In Vivo Angiotensin I-Converting Enzyme (ACE) Inhibition,
MAP,3,1,mbpdb_ace_000183,MBPDB_P02666_MAP_117-119,Bos taurus,P02666,Beta-casein,"1) 10.1016/j.foodchem.2014.01.056, 2) 10.1017/S0022029908003452",=,exact_molar,0.6000000000000001,0.6000000000000001,0.6000000000000001,0.6000000000000001,1.0,2014,2014,"1) Characterisation of the hydrolytic specificity of Aspergillus niger derived prolyl endoproteinase on bovine β-casein and determination of ACE inhibitory activity, 2) Antihypertensive effect of an angiotensin converting enzyme inhibitory peptide from enzyme modified cheese",multiple_ic50_values_in_single_cell
MHI,3,1,mbpdb_ace_000356,MBPDB_P02754_MHI_161-163,Bos taurus,P02754,Beta-lactoglobulin,10.1021/acs.jafc.9b06237,=,exact_molar,11.59,11.59,11.59,11.59,1.0,,,Structure-Based Identification and Design of Angiotensin Converting Enzyme-Inhibitory Peptides from Whey Proteins,
MKG,3,1,mbpdb_ace_000083,MBPDB_P02754_MKG_23-25,Bos taurus,P02754,Beta-lactoglobulin,10.1016/j.chroma.2006.03.006,=,exact_molar,71.8,71.8,71.8,71.8,1.0,2006,2006,Effect of β-lactoglobulin hydrolysis with thermolysin under denaturing temperatures on the release of bioactive peptides,
MKP,3,1,mbpdb_ace_000275,MBPDB_P02663_MKP_205-207,Bos taurus,P02663,Alpha-S2-casein,"1) 10.1016/j.foodchem.2013.06.089, 2) 10.1016/j.foodchem.2014.09.098",=,exact_molar,0.365,0.365,0.365,0.365,1.0,2013,2013,"1) Novel angiotensin I-converting enzyme inhibitory peptide derived from bovine casein, 2) Antihypertensive effect of the bovine casein-derived peptide Met-Lys-Pro",multiple_ic50_values_in_single_cell
PFP,3,1,mbpdb_ace_000172,MBPDB_P02666_PFP_76-78_125-127_219-221,Bos taurus,P02666,Beta-casein,10.1016/j.chroma.2004.05.022,=,exact_molar,144.4,144.4,144.4,144.4,1.0,2004,2004,Identification of ACE-inhibitory peptides in different Spanish cheeses by tandem mass spectrometry,
PLP,3,1,mbpdb_ace_000169,MBPDB_P05814_PLP_142-144,Homo sapiens,P05814,Beta-casein,10.1080/00021369.1989.10869621,=,exact_molar,430.0,430.0,430.0,430.0,1.0,1989,1989,Inhibition of Angiotensin-converting Enzyme by Synthetic Peptides of Human β-Casein,
RPK,3,1,mbpdb_ace_000299,MBPDB_P02662_RPK_16-18,Bos taurus,P02662,Alpha-S1-casein,10.3168/jds.S0022-0302(06)72370-0,=,exact_molar,91.8,91.8,91.8,91.8,1.0,,,Bioactive Peptides in Ovine and Caprine Cheeselike Systems Prepared with Proteases from Cynara cardunculus,
RYL,3,1,mbpdb_ace_000293,MBPDB_P02662_RYL_105-107,Bos taurus,P02662,Alpha-S1-casein,10.1016/j.idairyj.2013.05.008,=,exact_molar,106.64,106.64,106.64,106.64,1.0,2013,2013,Resistance of casein-derived bioactive peptides to simulated gastrointestinal digestion,
TVY,3,1,mbpdb_ace_000269,MBPDB_P02663_TVY_197-199,Bos taurus,P02663,Alpha-S2-casein,10.1016/s0014-5793(02)03576-7,=,exact_molar,15.0,15.0,15.0,15.0,1.0,,,Angiotensin-I-converting enzyme inhibitory peptides from tryptic hydrolysate of bovine αS2-casein,
VAV,3,1,mbpdb_ace_000046,MBPDB_P07498_VAV_175-177,Homo sapiens,P07498,Kappa-casein,10.1080/00021369.1989.10869621,=,exact_molar,260.0,260.0,260.0,260.0,1.0,1989,1989,Inhibition of angiotensin-converting enzyme by synthetic peptide fragments of human kappa-casein,
VEP,3,1,mbpdb_ace_000137,MBPDB_P02666_VEP_131-133,Bos taurus,P02666,Beta-casein,10.1016/j.foodchem.2014.01.056,=,exact_molar,63.7,63.7,63.7,63.7,1.0,2014,2014,Characterisation of the hydrolytic specificity of Aspergillus niger derived prolyl endoproteinase on bovine β-casein and determination of ACE inhibitory activity,
VIP,3,1,mbpdb_ace_000267,MBPDB_P02663_VIP_215-217,Bos taurus,P02663,Alpha-S2-casein,10.1016/j.idairyj.2013.10.009,=,exact_molar,26.1,26.1,26.1,26.1,1.0,2013,2013,Screening milk-derived antihypertensive peptides using quantitative structure activity relationship (QSAR) modelling and in vitro/in vivo studies on their bioactivity,
VMP,3,1,mbpdb_ace_000134,MBPDB_P05814_VMP_114-116,Homo sapiens,P05814,Beta-casein,10.1080/00021369.1989.10869621,=,exact_molar,29.0,29.0,29.0,29.0,1.0,1989,1989,Inhibition of Angiotensin-converting Enzyme by Synthetic Peptides of Human β-Casein,
VPP,3,1,mbpdb_ace_000100,MBPDB_P02666_VPP_99-101,Bos taurus,P02666,Beta-casein,"1) 10.1016/j.idairyj.2007.02.009, 2) 10.1016/j.idairyj.2013.10.009, 3) 10.1016/j.foodchem.2014.09.098, 4) 10.3168/jds.S0022-0302(95)76689-9, 5) 10.1016/j.idairyj.2009.11.017, 6) 10.1089/jmf.2009.0253, 7) 10.3168/jds.2019-17976",=,exact_molar,8.7,8.7,8.7,8.7,1.0,2007,2007,"1) ACE-inhibitory activity of probiotic yoghurt, 2) Screening milk-derived antihypertensive peptides using quantitative structure activity relationship (QSAR) modelling and in vitro/in vivo studies on their bioactivity, 3) Antihypertensive effect of the bovine casein-derived peptide Met-Lys-Pro, 4) Purification and Characterization of Angiotensin I-Converting Enzyme Inhibitors from Sour Milk, 5) Biological effects of casein-derived tripeptide powders are not affected by fermentation process, 6) Hemodynamic Effects of Lactotripeptides from Casein Hydrolysate in Mediterranean Normotensive Subjects and Patients with High-Normal Blood Pressure: A Randomized, Double-Blind, Crossover Clinical Trial, 7) Characterization of casein-derived peptide bioactivity: Differential effects on angiotensin-converting enzyme inhibition and cytokine and nitric oxide production",multiple_ic50_values_in_single_cell
VSP,3,1,mbpdb_ace_000330,MBPDB_P02668 Genetic Variant F1_VSP_169-171,Bos taurus,P02668 Genetic Variant F1,Kappa-casein Genetic Variant F1,10.3168/jds.2008-1671,=,exact_molar,21.8,21.8,21.8,21.8,1.0,2008,2008,Short communication: Bovine κ-casein variants result in different angiotensin I converting enzyme (ACE) inhibitory peptides,
VYP,3,1,mbpdb_ace_000126,MBPDB_P02666_VYP_74-76,Bos taurus,P02666,Beta-casein,10.3168/jds.S0022-0302(98)75878-3,=,exact_molar,288.0,288.0,288.0,288.0,1.0,,,Structural analysis of new antihypertensive peptides derived from cheese whey protein by proteinase K digestion,
YGL,3,1,mbpdb_ace_000248,MBPDB_P00711_YGL_69-71,Bos taurus,P00711,Alpha-lactalbumin,10.1017/s0022029999003982,=,exact_molar,409.0,409.0,409.0,409.0,1.0,,,Angiotensin I-converting enzyme inhibitory properties of whey protein digests: concentration and characterization of active peptides,
YLL,3,1,mbpdb_ace_000342,MBPDB_P02754_YLL_118-120,Bos taurus,P02754,Beta-lactoglobulin,10.3390/foods9080991,=,exact_molar,518.54,518.54,518.54,518.54,1.0,,,In Silico and In Vitro Analysis of Multifunctionality of Animal Food-Derived Peptides,
YQK,3,1,mbpdb_ace_000262,MBPDB_P02663_YQK_93-95_104-106_186-188,Bos taurus,P02663,Alpha-S2-casein,10.1016/j.idairyj.2013.05.008,=,exact_molar,312.23,312.23,312.23,312.23,1.0,2013,2013,Resistance of casein-derived bioactive peptides to simulated gastrointestinal digestion,
