sequence,peptide_length,source_count,source_name_set,record_count_total,record_count_ahtpdb,record_count_biopep,merged_record_id_list,source_record_id_list,ic50_relation_set,ic50_status_set,ic50_uM_min,ic50_uM_max,ic50_uM_mean,ic50_uM_median,ic50_spread_ratio_max_min,cross_source_overlap_flag,stability_flag,stability_note,bibliographic_year_min,bibliographic_year_max,database_reference_raw_set,consensus_tier,consensus_keep_flag,consensus_rank,consensus_note,priority_score
IQP,3,1,AHTPDB,7,7,0,ace_merged_001181 | ace_merged_001182 | ace_merged_001183 | ace_merged_001184 | ace_merged_001185 | ace_merged_001186 | ace_merged_001187,1931 | 2731 | 4261 | 5115 | 5220 | 6279 | 6758,=,exact_molar,3.8,5.77,4.362857142857143,3.8,1.518421052631579,0,within_range_consistent,source_count=1; spread_ratio=1.5184,,,,Tier_B,1,2,单源或局部多源范围内一致；source_count=1; record_count=7; spread_ratio=1.5184,2153.4816
GHF,3,1,AHTPDB,5,5,0,ace_merged_000939 | ace_merged_000940 | ace_merged_000941 | ace_merged_000942 | ace_merged_000943,2567 | 5096 | 5205 | 5668 | 6624,=,exact_molar,1001.0,1100.0,1080.2,1100.0,1.098901098901099,0,within_range_consistent,source_count=1; spread_ratio=1.0989,,,,Tier_B,1,2,单源或局部多源范围内一致；source_count=1; record_count=5; spread_ratio=1.0989,2143.9011
LKA,3,1,AHTPDB,4,4,0,ace_merged_001313 | ace_merged_001314 | ace_merged_001315 | ace_merged_001316,2019 | 2891 | 5058 | 6555,=,exact_molar,8.5,8.5,8.5,8.5,1.0,0,within_range_consistent,source_count=1; spread_ratio=1.0000,,,,Tier_B,1,2,单源或局部多源范围内一致；source_count=1; record_count=4; spread_ratio=1.0000,2139.0
PAP,3,1,AHTPDB,4,4,0,ace_merged_001530 | ace_merged_001531 | ace_merged_001532 | ace_merged_001533,2266 | 5243 | 6049 | 6620,=,exact_molar,87.0,87.0,87.0,87.0,1.0,0,within_range_consistent,source_count=1; spread_ratio=1.0000,,,,Tier_B,1,2,单源或局部多源范围内一致；source_count=1; record_count=4; spread_ratio=1.0000,2139.0
SHP,3,1,AHTPDB,4,4,0,ace_merged_001620 | ace_merged_001621 | ace_merged_001622 | ace_merged_001623,2257 | 5250 | 6042 | 6623,=,exact_molar,280.0,280.0,280.0,280.0,1.0,0,within_range_consistent,source_count=1; spread_ratio=1.0000,,,,Tier_B,1,2,单源或局部多源范围内一致；source_count=1; record_count=4; spread_ratio=1.0000,2139.0
YVP,3,1,AHTPDB,4,4,0,ace_merged_001870 | ace_merged_001871 | ace_merged_001872 | ace_merged_001873,2255 | 5269 | 6034 | 6621,=,exact_molar,200.0,200.0,200.0,200.0,1.0,0,within_range_consistent,source_count=1; spread_ratio=1.0000,,,,Tier_B,1,2,单源或局部多源范围内一致；source_count=1; record_count=4; spread_ratio=1.0000,2139.0
MKG,3,1,AHTPDB,4,4,0,ace_merged_001494 | ace_merged_001495 | ace_merged_001496 | ace_merged_001497,1307 | 2263 | 5131 | 6619,=,exact_molar,24.0,71.8,47.9,47.9,2.9916666666666667,0,within_range_consistent,source_count=1; spread_ratio=2.9917,,,,Tier_B,1,2,单源或局部多源范围内一致；source_count=1; record_count=4; spread_ratio=2.9917,2137.0083
IQY,3,1,AHTPDB,4,4,0,ace_merged_001191 | ace_merged_001192 | ace_merged_001193 | ace_merged_001194,1970 | 1973 | 2095 | 2137,< | =,exact_molar | molar_threshold,2.8,10.0,6.425,6.45,3.5714285714285716,0,within_range_consistent,source_count=1; spread_ratio=3.5714,,,,Tier_B,1,2,单源或局部多源范围内一致；source_count=1; record_count=4; spread_ratio=3.5714,2136.4286
FWN,3,1,AHTPDB,3,3,0,ace_merged_000921 | ace_merged_000922 | ace_merged_000923,5204 | 6153 | 6409,=,exact_molar,18.3,18.3,18.3,18.3,1.0,0,within_range_consistent,source_count=1; spread_ratio=1.0000,,,,Tier_B,1,2,单源或局部多源范围内一致；source_count=1; record_count=3; spread_ratio=1.0000,2134.0
IAE,3,1,AHTPDB,3,3,0,ace_merged_001056 | ace_merged_001057 | ace_merged_001058,1036 | 1866 | 6727,=,exact_molar,34.7,34.7,34.7,34.7,1.0,0,within_range_consistent,source_count=1; spread_ratio=1.0000,,,,Tier_B,1,2,单源或局部多源范围内一致；source_count=1; record_count=3; spread_ratio=1.0000,2134.0
LSA,3,1,AHTPDB,3,3,0,ace_merged_001439 | ace_merged_001440 | ace_merged_001441,1879 | 5237 | 6186,=,exact_molar,7.81,7.81,7.81,7.81,1.0,0,within_range_consistent,source_count=1; spread_ratio=1.0000,,,,Tier_B,1,2,单源或局部多源范围内一致；source_count=1; record_count=3; spread_ratio=1.0000,2134.0
VAV,3,1,AHTPDB,3,3,0,ace_merged_001675 | ace_merged_001676 | ace_merged_001677,5255 | 6052 | 6622,=,exact_molar,260.0,260.0,260.0,260.0,1.0,0,within_range_consistent,source_count=1; spread_ratio=1.0000,,,,Tier_B,1,2,单源或局部多源范围内一致；source_count=1; record_count=3; spread_ratio=1.0000,2134.0
VSV,3,1,AHTPDB,3,3,0,ace_merged_001794 | ace_merged_001795 | ace_merged_001796,1218 | 1987 | 2912,=,exact_molar,0.15,0.15,0.15,0.15,1.0,0,within_range_consistent,source_count=1; spread_ratio=1.0000,,,,Tier_B,1,2,单源或局部多源范围内一致；source_count=1; record_count=3; spread_ratio=1.0000,2134.0
VVY,3,1,AHTPDB,3,3,0,ace_merged_001806 | ace_merged_001807 | ace_merged_001808,2584 | 5266 | 6144,=,exact_molar,22.0,22.0,22.0,22.0,1.0,0,within_range_consistent,source_count=1; spread_ratio=1.0000,,,,Tier_B,1,2,单源或局部多源范围内一致；source_count=1; record_count=3; spread_ratio=1.0000,2134.0
VIP,3,1,AHTPDB,3,3,0,ace_merged_001702 | ace_merged_001703 | ace_merged_001704,1982 | 1994 | 2113,< | =,exact_molar | molar_threshold,9.2,10.0,9.466666666666667,9.2,1.0869565217391306,0,within_range_consistent,source_count=1; spread_ratio=1.0870,,,,Tier_B,1,2,单源或局部多源范围内一致；source_count=1; record_count=3; spread_ratio=1.0870,2133.913
LHP,3,1,AHTPDB,3,3,0,ace_merged_001306 | ace_merged_001307 | ace_merged_001308,2825 | 2925 | 3688,=,exact_molar,2107.10669622,3201.70757737,2836.8406169866666,3201.70757737,1.5194805194789787,0,within_range_consistent,source_count=1; spread_ratio=1.5195,,,,Tier_B,1,2,单源或局部多源范围内一致；source_count=1; record_count=3; spread_ratio=1.5195,2133.4805
VNP,3,1,AHTPDB,3,3,0,ace_merged_001744 | ace_merged_001745 | ace_merged_001746,2082 | 2168 | 3755,< | =,exact_molar | molar_threshold,6.4,10.0,8.8,10.0,1.5625,0,within_range_consistent,source_count=1; spread_ratio=1.5625,,,,Tier_B,1,2,单源或局部多源范围内一致；source_count=1; record_count=3; spread_ratio=1.5625,2133.4375
EP,2,1,AHTPDB,2,2,0,ace_merged_000108 | ace_merged_000109,5143 | 5643,=,exact_molar,1200.0,1200.0,1200.0,1200.0,1.0,0,within_range_consistent,source_count=1; spread_ratio=1.0000,,,,Tier_B,1,2,单源或局部多源范围内一致；source_count=1; record_count=2; spread_ratio=1.0000,2129.0
IR,2,1,AHTPDB,2,2,0,ace_merged_000291 | ace_merged_000292,1433 | 1508,<,molar_threshold,20000.0,20000.0,20000.0,20000.0,1.0,0,within_range_consistent,source_count=1; spread_ratio=1.0000,,,,Tier_B,1,2,单源或局部多源范围内一致；source_count=1; record_count=2; spread_ratio=1.0000,2129.0
ASP,3,1,AHTPDB,2,2,0,ace_merged_000814 | ace_merged_000815,5193 | 5871,=,exact_molar,242.3,242.3,242.3,242.3,1.0,0,within_range_consistent,source_count=1; spread_ratio=1.0000,,,,Tier_B,1,2,单源或局部多源范围内一致；source_count=1; record_count=2; spread_ratio=1.0000,2129.0
AVF,3,1,AHTPDB,2,2,0,ace_merged_000818 | ace_merged_000819,5194 | 5720,=,exact_molar,2123.0,2123.0,2123.0,2123.0,1.0,0,within_range_consistent,source_count=1; spread_ratio=1.0000,,,,Tier_B,1,2,单源或局部多源范围内一致；source_count=1; record_count=2; spread_ratio=1.0000,2129.0
FCF,3,1,AHTPDB,2,2,0,ace_merged_000872 | ace_merged_000873,5062 | 6635,=,exact_molar,11.0,11.0,11.0,11.0,1.0,0,within_range_consistent,source_count=1; spread_ratio=1.0000,,,,Tier_B,1,2,单源或局部多源范围内一致；source_count=1; record_count=2; spread_ratio=1.0000,2129.0
GLP,3,1,AHTPDB,2,2,0,ace_merged_000961 | ace_merged_000962,5076 | 6519,=,exact_molar,1.62,1.62,1.62,1.62,1.0,0,within_range_consistent,source_count=1; spread_ratio=1.0000,,,,Tier_B,1,2,单源或局部多源范围内一致；source_count=1; record_count=2; spread_ratio=1.0000,2129.0
HIK,3,1,AHTPDB,2,2,0,ace_merged_001044 | ace_merged_001045,2853 | 6241,>,molar_threshold,100.0,100.0,100.0,100.0,1.0,0,within_range_consistent,source_count=1; spread_ratio=1.0000,,,,Tier_B,1,2,单源或局部多源范围内一致；source_count=1; record_count=2; spread_ratio=1.0000,2129.0
IAV,3,1,AHTPDB,2,2,0,ace_merged_001075 | ace_merged_001076,1063 | 5732,=,exact_molar,153.4,153.4,153.4,153.4,1.0,0,within_range_consistent,source_count=1; spread_ratio=1.0000,,,,Tier_B,1,2,单源或局部多源范围内一致；source_count=1; record_count=2; spread_ratio=1.0000,2129.0
IKN,3,1,AHTPDB,2,2,0,ace_merged_001111 | ace_merged_001112,2135 | 2202,<,molar_threshold,10.0,10.0,10.0,10.0,1.0,0,within_range_consistent,source_count=1; spread_ratio=1.0000,,,,Tier_B,1,2,单源或局部多源范围内一致；source_count=1; record_count=2; spread_ratio=1.0000,2129.0
IPY,3,1,AHTPDB,2,2,0,ace_merged_001178 | ace_merged_001179,2259 | 6706,=,exact_molar,206.0,206.0,206.0,206.0,1.0,0,within_range_consistent,source_count=1; spread_ratio=1.0000,,,,Tier_B,1,2,单源或局部多源范围内一致；source_count=1; record_count=2; spread_ratio=1.0000,2129.0
IRN,3,1,AHTPDB,2,2,0,ace_merged_001203 | ace_merged_001204,2138 | 2208,<,molar_threshold,10.0,10.0,10.0,10.0,1.0,0,within_range_consistent,source_count=1; spread_ratio=1.0000,,,,Tier_B,1,2,单源或局部多源范围内一致；source_count=1; record_count=2; spread_ratio=1.0000,2129.0
LEY,3,1,AHTPDB,2,2,0,ace_merged_001295 | ace_merged_001296,2051 | 2073,<,molar_threshold,10.0,10.0,10.0,10.0,1.0,0,within_range_consistent,source_count=1; spread_ratio=1.0000,,,,Tier_B,1,2,单源或局部多源范围内一致；source_count=1; record_count=2; spread_ratio=1.0000,2129.0
LGP,3,1,AHTPDB,2,2,0,ace_merged_001302 | ace_merged_001303,5075 | 6518,=,exact_molar,0.72,0.72,0.72,0.72,1.0,0,within_range_consistent,source_count=1; spread_ratio=1.0000,,,,Tier_B,1,2,单源或局部多源范围内一致；source_count=1; record_count=2; spread_ratio=1.0000,2129.0
LKN,3,1,AHTPDB,2,2,0,ace_merged_001321 | ace_merged_001322,2099 | 2148,<,molar_threshold,10.0,10.0,10.0,10.0,1.0,0,within_range_consistent,source_count=1; spread_ratio=1.0000,,,,Tier_B,1,2,单源或局部多源范围内一致；source_count=1; record_count=2; spread_ratio=1.0000,2129.0
LPG,3,1,AHTPDB,2,2,0,ace_merged_001380 | ace_merged_001381,5078 | 6521,=,exact_molar,5.73,5.73,5.73,5.73,1.0,0,within_range_consistent,source_count=1; spread_ratio=1.0000,,,,Tier_B,1,2,单源或局部多源范围内一致；source_count=1; record_count=2; spread_ratio=1.0000,2129.0
PGL,3,1,AHTPDB,2,2,0,ace_merged_001538 | ace_merged_001539,5074 | 6517,=,exact_molar,13.93,13.93,13.93,13.93,1.0,0,within_range_consistent,source_count=1; spread_ratio=1.0000,,,,Tier_B,1,2,单源或局部多源范围内一致；source_count=1; record_count=2; spread_ratio=1.0000,2129.0
PLG,3,1,AHTPDB,2,2,0,ace_merged_001542 | ace_merged_001543,5077 | 6520,=,exact_molar,4.74,4.74,4.74,4.74,1.0,0,within_range_consistent,source_count=1; spread_ratio=1.0000,,,,Tier_B,1,2,单源或局部多源范围内一致；source_count=1; record_count=2; spread_ratio=1.0000,2129.0
RPR,3,1,AHTPDB,2,2,0,ace_merged_001607 | ace_merged_001608,5248 | 6123,=,exact_molar,382.0,382.0,382.0,382.0,1.0,0,within_range_consistent,source_count=1; spread_ratio=1.0000,,,,Tier_B,1,2,单源或局部多源范围内一致；source_count=1; record_count=2; spread_ratio=1.0000,2129.0
VKD,3,1,AHTPDB,2,2,0,ace_merged_001712 | ace_merged_001713,2162 | 2229,<,molar_threshold,10.0,10.0,10.0,10.0,1.0,0,within_range_consistent,source_count=1; spread_ratio=1.0000,,,,Tier_B,1,2,单源或局部多源范围内一致；source_count=1; record_count=2; spread_ratio=1.0000,2129.0
VKH,3,1,AHTPDB,2,2,0,ace_merged_001716 | ace_merged_001717,2164 | 2186,<,molar_threshold,10.0,10.0,10.0,10.0,1.0,0,within_range_consistent,source_count=1; spread_ratio=1.0000,,,,Tier_B,1,2,单源或局部多源范围内一致；source_count=1; record_count=2; spread_ratio=1.0000,2129.0
VRK,3,1,AHTPDB,2,2,0,ace_merged_001769 | ace_merged_001770,5263 | 5749,=,exact_molar,700.0,700.0,700.0,700.0,1.0,0,within_range_consistent,source_count=1; spread_ratio=1.0000,,,,Tier_B,1,2,单源或局部多源范围内一致；source_count=1; record_count=2; spread_ratio=1.0000,2129.0
VRN,3,1,AHTPDB,2,2,0,ace_merged_001773 | ace_merged_001774,2083 | 2116,<,molar_threshold,10.0,10.0,10.0,10.0,1.0,0,within_range_consistent,source_count=1; spread_ratio=1.0000,,,,Tier_B,1,2,单源或局部多源范围内一致；source_count=1; record_count=2; spread_ratio=1.0000,2129.0
YPK,3,1,AHTPDB,2,2,0,ace_merged_001857 | ace_merged_001858,1820 | 5683,=,exact_molar,25.8315292265,25.8620689655,25.846799095999998,25.846799095999998,1.0011822660103558,0,within_range_consistent,source_count=1; spread_ratio=1.0012,,,,Tier_B,1,2,单源或局部多源范围内一致；source_count=1; record_count=2; spread_ratio=1.0012,2128.9988
PQR,3,1,AHTPDB,2,2,0,ace_merged_001561 | ace_merged_001562,5856 | 6358,= | >,exact_molar | molar_threshold,400.0,401.0,400.5,400.5,1.0025,0,within_range_consistent,source_count=1; spread_ratio=1.0025,,,,Tier_B,1,2,单源或局部多源范围内一致；source_count=1; record_count=2; spread_ratio=1.0025,2128.9975
LVP,3,1,AHTPDB,2,2,0,ace_merged_001460 | ace_merged_001461,1992 | 2104,< | =,exact_molar | molar_threshold,9.9,10.0,9.95,9.95,1.0101010101010102,0,within_range_consistent,source_count=1; spread_ratio=1.0101,,,,Tier_B,1,2,单源或局部多源范围内一致；source_count=1; record_count=2; spread_ratio=1.0101,2128.9899
IRY,3,1,AHTPDB,2,2,0,ace_merged_001217 | ace_merged_001218,1968 | 1971,=,exact_molar,0.59,0.6,0.595,0.595,1.0169491525423728,0,within_range_consistent,source_count=1; spread_ratio=1.0169,,,,Tier_B,1,2,单源或局部多源范围内一致；source_count=1; record_count=2; spread_ratio=1.0169,2128.9831
VDF,3,1,AHTPDB,2,2,0,ace_merged_001683 | ace_merged_001684,2182 | 5103,< | =,exact_molar | molar_threshold,6.59,10.0,8.295,8.295,1.5174506828528074,0,within_range_consistent,source_count=1; spread_ratio=1.5175,,,,Tier_B,1,2,单源或局部多源范围内一致；source_count=1; record_count=2; spread_ratio=1.5175,2128.4825
NP,2,1,AHTPDB,3,3,0,ace_merged_000461 | ace_merged_000462 | ace_merged_000463,1397 | 5168 | 6166,< | =,exact_molar | molar_threshold,2300.0,20000.0,8200.0,2300.0,8.695652173913043,0,within_range_consistent,source_count=1; spread_ratio=8.6957,,,,Tier_B,1,2,单源或局部多源范围内一致；source_count=1; record_count=3; spread_ratio=8.6957,2126.3043
GH,2,1,AHTPDB,2,2,0,ace_merged_000193 | ace_merged_000194,1426 | 6587,< | =,exact_molar | molar_threshold,3100.0,20000.0,11550.0,11550.0,6.451612903225806,0,within_range_consistent,source_count=1; spread_ratio=6.4516,,,,Tier_B,1,2,单源或局部多源范围内一致；source_count=1; record_count=2; spread_ratio=6.4516,2123.5484
DYG,3,1,AHTPDB,2,2,0,ace_merged_000851 | ace_merged_000852,1523 | 5070,< | =,exact_molar | molar_threshold,2700.0,20000.0,11350.0,11350.0,7.407407407407407,0,within_range_consistent,source_count=1; spread_ratio=7.4074,,,,Tier_B,1,2,单源或局部多源范围内一致；source_count=1; record_count=2; spread_ratio=7.4074,2122.5926
IIP,3,1,AHTPDB,2,2,0,ace_merged_001104 | ace_merged_001105,1232 | 2094,< | =,exact_molar | molar_threshold,10.0,80.8,45.4,45.4,8.08,0,within_range_consistent,source_count=1; spread_ratio=8.0800,,,,Tier_B,1,2,单源或局部多源范围内一致；source_count=1; record_count=2; spread_ratio=8.0800,2121.92
