sequence,peptide_length,source_count,source_name_set,record_count_total,record_count_ahtpdb,record_count_biopep,record_count_mbpdb,record_count_fermfooddb,ic50_uM_min,ic50_uM_max,ic50_uM_mean,ic50_uM_median,ic50_spread_ratio_max_min,cross_source_overlap_flag,stability_flag,stability_note,consensus_tier,consensus_score,consensus_note,high_confidence_flag,conflict_flag,source_richness_flag,bibliographic_year_min,bibliographic_year_max,merged_record_id_list,source_record_id_list,species_set,protein_id_set,doi_set,database_reference_raw_set
LQP,3,4,AHTPDB | BIOPEP-UWM | FermFooDb | MBPDB,25,15,1,1,8,1.04,3.4,2.0008,2.0,3.269230769230769,1,cross_source_consistent,source_count=4; spread_ratio=3.2692,Tier A,133,>=3 sources and consistent within acceptable spread,1,0,1,1991,1991,ace_merged_001533 | ace_merged_001534 | ace_merged_001535 | ace_merged_001536 | ace_merged_001537 | ace_merged_001538 | ace_merged_001539 | ace_merged_001540 | ace_merged_001541 | ace_merged_001542 | ace_merged_001543 | ace_merged_001544 | ace_merged_001545 | ace_merged_001546 | ace_merged_001547 | ace_merged_001548 | ace_merged_001549 | ace_merged_001550 | ace_merged_001551 | ace_merged_001552 | ace_merged_001553 | ace_merged_001554 | ace_merged_001555 | ace_merged_001556 | ace_merged_001557,1277 | 1282 | 1873 | 1874 | 1880 | 1930 | 2665 | 2730 | 2758 | 3542 | 5112 | 5234 | 5803 | 6187 | 6278 | 6459 | FMDB1032 | FMDB1040 | FMDB818 | FMDB822 | FMDB826 | FMDB830 | FMDB834 | FMDB838 | MBPDB_P02666_LQP_103-105,Bos taurus,P02666,10.1017/S0022029908003452,https://webs.iiitd.edu.in/raghava/fermfoodb/display_sub.php?details=FMDB1032 | https://webs.iiitd.edu.in/raghava/fermfoodb/display_sub.php?details=FMDB1040 | https://webs.iiitd.edu.in/raghava/fermfoodb/display_sub.php?details=FMDB818 | https://webs.iiitd.edu.in/raghava/fermfoodb/display_sub.php?details=FMDB822 | https://webs.iiitd.edu.in/raghava/fermfoodb/display_sub.php?details=FMDB826 | https://webs.iiitd.edu.in/raghava/fermfoodb/display_sub.php?details=FMDB830 | https://webs.iiitd.edu.in/raghava/fermfoodb/display_sub.php?details=FMDB834 | https://webs.iiitd.edu.in/raghava/fermfoodb/display_sub.php?details=FMDB838
PFP,3,4,AHTPDB | BIOPEP-UWM | FermFooDb | MBPDB,4,1,1,1,1,144.0,144.4,144.3,144.4,1.0027777777777778,1,cross_source_consistent,source_count=4; spread_ratio=1.0028,Tier A,128,>=3 sources and consistent within acceptable spread,1,0,1,2004,2006,ace_merged_001691 | ace_merged_001692 | ace_merged_001693 | ace_merged_001694,4315 | 9565 | FMDB1628 | MBPDB_P02666_PFP_76-78_125-127_219-221,Bos taurus,P02666,10.1016/j.chroma.2004.05.022,AHTPDB: ID 2276; 4315; 4570; 4827; 5484 BioPepDB: ID biopep01041 BIOPEP-UWM database of sensory peptide and amino acids: ID 69 BRENDA: Ligand Pro-Phe-Pro ChemSpider: ID 9849616 MBPDB: Peptide PFP PubChem: CID 11674887 SATPdb: ID satpdb10031 | https://webs.iiitd.edu.in/raghava/fermfoodb/display_sub.php?details=FMDB1628
QP,2,4,AHTPDB | BIOPEP-UWM | FermFooDb | MBPDB,7,1,1,1,4,65.8,598.1,522.0571428571428,598.1,9.089665653495441,1,cross_source_consistent,source_count=4; spread_ratio=9.0897,Tier A,127,>=3 sources and consistent within acceptable spread,1,0,1,2004,2006,ace_merged_000526 | ace_merged_000527 | ace_merged_000528 | ace_merged_000529 | ace_merged_000530 | ace_merged_000531 | ace_merged_000532,6929 | 9566 | FMDB1599 | FMDB1625 | FMDB1629 | FMDB1638 | MBPDB_P02668_QP_28-29_112-113,Bos taurus,P02668,10.1016/j.chroma.2004.05.022,AHTPDB: ID 6929 BioPepDB: ID biopep01157 BIOPEP-UWM database of bioactive peptides: ID 8532 BRENDA: Ligand Gln-Pro ChemSpider: ID 9911368 EROP-Moscow: ID E10443 HMDB: ID HMDB0028805 MBPDB: Peptide QP PubChem: CID 11736661 SATPdb: ID satpdb19573 | https://webs.iiitd.edu.in/raghava/fermfoodb/display_sub.php?details=FMDB1599 | https://webs.iiitd.edu.in/raghava/fermfoodb/display_sub.php?details=FMDB1625 | https://webs.iiitd.edu.in/raghava/fermfoodb/display_sub.php?details=FMDB1629 | https://webs.iiitd.edu.in/raghava/fermfoodb/display_sub.php?details=FMDB1638
GTW,3,3,AHTPDB | BIOPEP-UWM | MBPDB,8,6,1,1,0,464.0,464.6,464.4,464.4,1.001293103448276,1,cross_source_consistent,source_count=3; spread_ratio=1.0013,Tier A,116,>=3 sources and consistent within acceptable spread,1,0,1,2006,2007,ace_merged_001092 | ace_merged_001093 | ace_merged_001094 | ace_merged_001095 | ace_merged_001096 | ace_merged_001097 | ace_merged_001098 | ace_merged_001099,1298 | 3650 | 5132 | 5212 | 5814 | 6500 | 7490 | MBPDB_P02754_GTW_33-35,Bos taurus,P02754,10.1016/j.idairyj.2006.07.004,"AHTPDB: ID 1298, 3650, 4175, 4375, 4809, 4972, 5132, 5212, 5814, 6500 BioPepDB: biopep00419 BIOPEP-UWM database of bioactive peptides: ID 9165 J-GLOBAL: ID 200907049265642135 MBPDB: Peptide GTW Nikkaji: ID J2.440.040I PubChem: CID 102403413 SATPdb: ID satpdb27241"
IYP,3,3,AHTPDB | BIOPEP-UWM | MBPDB,8,6,1,1,0,61.0,61.0,61.0,61.0,1.0,1,cross_source_consistent,source_count=3; spread_ratio=1.0000,Tier A,116,>=3 sources and consistent within acceptable spread,1,0,1,1989,1989,ace_merged_001379 | ace_merged_001380 | ace_merged_001381 | ace_merged_001382 | ace_merged_001383 | ace_merged_001384 | ace_merged_001385 | ace_merged_001386,2627 | 3663 | 5224 | 5966 | 6296 | 6783 | 6791 | MBPDB_P05814_IYP_55-57_65-67_210-212,Homo sapiens,P05814,10.1080/00021369.1989.10869621,"AHTPDB: ID 3663, 3963, 4765, 5224, 5966, 6296, 6783, 6791 ChemSpider: ID 8447249 EROP-Moscow: ID E14582 MBPDB: Peptide IYP PubChem: CID 10271770 SATPdb: ID satpdb17470"
PLP,3,3,AHTPDB | BIOPEP-UWM | MBPDB,7,5,1,1,0,430.0,430.0,430.0,430.0,1.0,1,cross_source_consistent,source_count=3; spread_ratio=1.0000,Tier A,114,>=3 sources and consistent within acceptable spread,1,0,1,1989,1989,ace_merged_001701 | ace_merged_001702 | ace_merged_001703 | ace_merged_001704 | ace_merged_001705 | ace_merged_001706 | ace_merged_001707,2664 | 4455 | 5244 | 5999 | 6327 | 6824 | MBPDB_P05814_PLP_142-144,Homo sapiens,P05814,10.1080/00021369.1989.10869621,"AHTPDB: ID 1176, 2278, 3016, 3073, 3350, 3366, 4006, 4102, 4455, 4745, 5244, 5616, 5999, 6327, 6824 ChemSpider: ID 10162442 EROP-Moscow: ID E09260, E14608 MBPDB: Peptide PLP PubChem: CID 11989975 SATPdb: ID satpdb17304"
VMP,3,3,AHTPDB | BIOPEP-UWM | MBPDB,7,5,1,1,0,29.0,29.0,29.0,29.0,1.0,1,cross_source_consistent,source_count=3; spread_ratio=1.0000,Tier A,114,>=3 sources and consistent within acceptable spread,1,0,1,1989,1989,ace_merged_001903 | ace_merged_001904 | ace_merged_001905 | ace_merged_001906 | ace_merged_001907 | ace_merged_001908 | ace_merged_001909,2617 | 5101 | 5261 | 5990 | 6286 | 6815 | MBPDB_P05814_VMP_114-116,Homo sapiens,P05814,10.1080/00021369.1989.10869621,"AHTPDB: ID 4796, 5101, 5261, 5990, 6286, 6815 BindingDB: ID 50049816 ChEMBL: ID CHEMBL3322017 ChemSpider: ID 58109337 EROP-Moscow: ID E14602 MBPDB: Peptide VMP SATPdb: ID satpdb19959"
GTG,3,3,AHTPDB | BIOPEP-UWM | FermFooDb,5,3,1,0,1,5.54,5.54,5.54,5.54,1.0,1,cross_source_consistent,source_count=3; spread_ratio=1.0000,Tier A,110,>=3 sources and consistent within acceptable spread,1,0,1,2008,2008,ace_merged_001087 | ace_merged_001088 | ace_merged_001089 | ace_merged_001090 | ace_merged_001091,1043 | 2618 | 2961 | 9183 | FMDB2,,,,"AHTPDB: ID 1043, 2618, 2961 BioPepDB: ID biopep00418 EPA DSSTox: ID DTXSID60708050 J-GLOBAL: ID 200907037536374664 Nikkaji: ID J2.698.664H PubChem: CID 53968885 SATPdb: ID satpdb26346 | https://webs.iiitd.edu.in/raghava/fermfoodb/display_sub.php?details=FMDB2"
ST,2,3,AHTPDB | BIOPEP-UWM | FermFooDb,4,2,1,0,1,4.03,4.03,4.03,4.03,1.0,1,cross_source_consistent,source_count=3; spread_ratio=1.0000,Tier A,108,>=3 sources and consistent within acceptable spread,1,0,1,2008,2008,ace_merged_000584 | ace_merged_000585 | ace_merged_000586 | ace_merged_000587,1044 | 2619 | 9184 | FMDB3,,,,"AHTPDB: ID 1044, 2619 J-GLOBAL: ID 200907055963382072 Nikkaji: ID J2.168.582H PubChem: CID 54027404 SATPdb: ID satpdb11155 | https://webs.iiitd.edu.in/raghava/fermfoodb/display_sub.php?details=FMDB3"
MAP,3,3,AHTPDB | BIOPEP-UWM | MBPDB,3,1,1,1,0,0.6000000000000001,0.8,0.7333333333333334,0.8,1.3333333333333333,1,cross_source_consistent,source_count=3; spread_ratio=1.3333,Tier A,106,>=3 sources and consistent within acceptable spread,1,0,1,2008,2014,ace_merged_001633 | ace_merged_001634 | ace_merged_001635,2759 | 9241 | MBPDB_P02666_MAP_117-119,Bos taurus,P02666,"1) 10.1016/j.foodchem.2014.01.056, 2) 10.1017/S0022029908003452","AHTPDB: ID 2759, 4194, 4973 ChemSpider: ID 9476539 MBPDB: Peptide MAP PubChem: CID 11301562 SATPdb: ID satpdb11615"
WY,2,3,AHTPDB | BIOPEP-UWM | MBPDB,3,1,1,1,0,38.3,113.0,63.199999999999996,38.3,2.9503916449086165,1,cross_source_consistent,source_count=3; spread_ratio=2.9504,Tier A,106,>=3 sources and consistent within acceptable spread,1,0,1,2009,2009,ace_merged_000765 | ace_merged_000766 | ace_merged_000767,11113 | 6963 | MBPDB_P02754_WY_35-36,Bos taurus,P02754,10.1021/jf063427j,"AHTPDB: ID 6963 BindingDB: ID 50188524 BIOPEP-UWM database of bioactive peptides: ID 7898, 8683 CAS: Registry No 19653-76-0 ChEBI: ID 74878 ChEMBL: ID CHEMBL39179 ChemSpider ID: 79554 DFBP: ID DFBPACEI0077, DFBPANOX0290, DFBPMUFU0035 EPA CompTox: ID DTXSID90941418 EROP-Moscow: ID E10362 FooDB: ID FDB112099 HMDB: ID HMDB0029095 J-GLOBAL: ID 200907018141468193 Metabolomics Workbench: ID 79014 Nikkaji: ID J151.290K PubChem: CID 88184 SATPdb: ID satpdb10615 Wikidata: ID Q27144988 ZINC: ID ZINC000002384987"
VEP,3,3,AHTPDB | BIOPEP-UWM | MBPDB,3,1,1,1,0,10.0,63.7,38.193333333333335,40.88,6.37,1,cross_source_consistent,source_count=3; spread_ratio=6.3700,Tier A,99,>=3 sources and consistent within acceptable spread,1,0,1,2014,2025,ace_merged_001852 | ace_merged_001853 | ace_merged_001854,11315 | 2112 | MBPDB_P02666_VEP_131-133,Bos taurus,P02666,10.1016/j.foodchem.2014.01.056,J-GLOBAL: ID 201407047670328577 Nikkaji: ID J3.268.621D PubChem: CID 102222129 SureChEMBL: ID SCHEMBL30069169
AIP,3,2,AHTPDB | BIOPEP-UWM,6,5,1,0,0,350.0,670.0,510.0,510.0,1.9142857142857144,1,cross_source_consistent,source_count=2; spread_ratio=1.9143,Tier B,92,2 sources and consistent within acceptable spread,1,0,0,1990,1990,ace_merged_000859 | ace_merged_000860 | ace_merged_000861 | ace_merged_000862 | ace_merged_000863 | ace_merged_000864,2258 | 2268 | 3597 | 5191 | 6044 | 6473,,,,"AHTPDB: ID 1121, 2258, 2268, 4752, 5191, 5580, 5862, 6044, 6473 ChemSpider: ID 8055028 EROP-Moscow: ID E14563, E09239 FeptideDB: ID 3597 PubChem: CID 9879351 SATPdb: ID satpdb28416"
GPA,3,2,AHTPDB | BIOPEP-UWM,5,4,1,0,0,405.0,405.0,405.0,405.0,1.0,1,cross_source_consistent,source_count=2; spread_ratio=1.0000,Tier B,90,2 sources and consistent within acceptable spread,1,0,0,2006,2006,ace_merged_001039 | ace_merged_001040 | ace_merged_001041 | ace_merged_001042 | ace_merged_001043,2253 | 3342 | 5208 | 5748 | 6339,,,,"AHTPDB: ID 2253, 4800, 5208, 5748, 6339 BIOPEP-UWM database of bioactive peptides: ID 8522 BRENDA: Ligand Gly-Pro-Ala CAS: Registry No 837-83-2 ChEBI: ID 163947 DFBP: ID DFBPACEI0443, DFBPDPIV0024, DFBPMUFU0424 ECHA: ID 212-654-6 EROP-Moscow: ID E23613 J-GLOBAL: ID 200907010653435768 Metabolomics Workbench: ID 82136 Nikkaji: ID J151.056H PubChem: CID 7276371 SATPdb: ID satpdb26864 SureChEMBL: ID SCHEMBL12272846 UniChem: ID 3204535 Wikidata: ID Q106022926 ZINC: ID ZINC000004545917"
GVW,3,2,AHTPDB | BIOPEP-UWM,5,4,1,0,0,240.0,240.0,240.0,240.0,1.0,1,cross_source_consistent,source_count=2; spread_ratio=1.0000,Tier B,90,2 sources and consistent within acceptable spread,1,0,0,2007,2007,ace_merged_001101 | ace_merged_001102 | ace_merged_001103 | ace_merged_001104 | ace_merged_001105,3651 | 5213 | 5815 | 6501 | 7491,,,,"AHTPDB: ID 3651, 4174, 4812, 4971, 5213, 5815, 6501 ChEBI: ID 164181 DFBP: ID DFBPACEI0665; DFBPANHY0566; DFBPMUFU0149 EROP-Moscow: ID E26429 J-GLOBAL: ID 200907057292666707 Metabolomics Workbench: ID 82253 Nikkaji: ID J2.440.041G PubChem: CID 102403414"
MKG,3,2,AHTPDB | MBPDB,5,4,0,1,0,24.0,71.8,52.68,71.8,2.9916666666666667,1,cross_source_consistent,source_count=2; spread_ratio=2.9917,Tier B,90,2 sources and consistent within acceptable spread,1,0,0,2006,2006,ace_merged_001647 | ace_merged_001648 | ace_merged_001649 | ace_merged_001650 | ace_merged_001651,1307 | 2263 | 5131 | 6619 | MBPDB_P02754_MKG_23-25,Bos taurus,P02754,10.1016/j.chroma.2006.03.006,
MYY,3,2,AHTPDB | BIOPEP-UWM,5,4,1,0,0,9.6,9.6,9.6,9.6,1.0,1,cross_source_consistent,source_count=2; spread_ratio=1.0000,Tier B,90,2 sources and consistent within acceptable spread,1,0,0,1989,1989,ace_merged_001672 | ace_merged_001673 | ace_merged_001674 | ace_merged_001675 | ace_merged_001676,2254 | 3407 | 5242 | 6051 | 6385,,,,
AEL,3,2,AHTPDB | BIOPEP-UWM,4,3,1,0,0,57.1,57.1,57.1,57.1,1.0,1,cross_source_consistent,source_count=2; spread_ratio=1.0000,Tier B,88,2 sources and consistent within acceptable spread,1,0,0,2001,2001,ace_merged_000838 | ace_merged_000839 | ace_merged_000840 | ace_merged_000841,1033 | 1864 | 1868 | 9088,,,,"AHTPDB: ID 1033, 1864, 1868 BioPepDB: ID biopep00009 EROP-Moscow: ID E07054 SATPdb: ID satpdb20578"
AGS,3,2,AHTPDB | BIOPEP-UWM,4,3,1,0,0,527.9,527.9,527.9,527.9,1.0,1,cross_source_consistent,source_count=2; spread_ratio=1.0000,Tier B,88,2 sources and consistent within acceptable spread,1,0,0,2010,2010,ace_merged_000854 | ace_merged_000855 | ace_merged_000856 | ace_merged_000857,1055 | 5190 | 5724 | 9192,,,,"AHTPDB: ID 1055, 4749, 5190, 5724 BRENDA: Ligand Ala-Gly-Ser ChEBI: ID 73350 ChemIDplus: ID 85807-50-7 ChemSpider: ID 119047 EPA DSSTox: ID DTXCID10157579 EROP-Moscow: ID E09361 PubChem: CID 135103 SATPdb: ID satpdb23386"
AR,2,2,AHTPDB | BIOPEP-UWM,4,3,1,0,0,95.5,95.5,95.5,95.5,1.0,1,cross_source_consistent,source_count=2; spread_ratio=1.0000,Tier B,88,2 sources and consistent within acceptable spread,1,0,0,2007,2007,ace_merged_000041 | ace_merged_000042 | ace_merged_000043 | ace_merged_000044,5136 | 6110 | 6690 | 7742,,,,"AHTPDB: ID 1699, 3274, 3891, 4704, 5136, 5870, 6110, 6690 BioPepDB: ID 7742 BIOPEP-UWM database of sensory peptides and amino acids: ID 421 BRENDA: Ligand Ala-Arg CAS: Registry No 16709-12-9 ChEBI: ID 137238 ChemSpider: ID 393568 DFBP: ID DFBPACEI0224 EPA CompTox: ID DTXSID60332213 EROP-Moscow: ID E14726 FooDB: ID FDB111741 HMDB: ID HMDB0028681 J-GLOBAL: ID 200907044095231737 Metabolomics Workbench: ID 78657 MMDB: ID 1253.4 Nikkaji: ID J82.535B PubChem: CID 446132 SATPdb: ID satpdb15773 SureChEMBL: ID SCHEMBL2490761 UniChem: ID 25075270 Wikidata: ID Q82096759 ZINC: ID ZINC02579085"
AVV,3,2,AHTPDB | BIOPEP-UWM,4,3,1,0,0,66.6,66.6,66.6,66.6,1.0,1,cross_source_consistent,source_count=2; spread_ratio=1.0000,Tier B,88,2 sources and consistent within acceptable spread,1,0,0,2010,2010,ace_merged_000900 | ace_merged_000901 | ace_merged_000902 | ace_merged_000903,1062 | 5196 | 5731 | 9196,,,,"AHTPDB: ID 1062, 4767, 5196, 5731 BRENDA: Ligand Ala-Val-Val EROP-Moscow: ID E09368 SATPdb: ID satpdb12385"
DFG,3,2,AHTPDB | BIOPEP-UWM,4,3,1,0,0,44.7,44.7,44.7,44.7,1.0,1,cross_source_consistent,source_count=2; spread_ratio=1.0000,Tier B,88,2 sources and consistent within acceptable spread,1,0,0,2010,2010,ace_merged_000907 | ace_merged_000908 | ace_merged_000909 | ace_merged_000910,1060 | 5197 | 5729 | 9193,,,,"AHTPDB: ID 1013, 1060, 4770, 5197, 5729 BRENDA: Ligand Asp-Phe-Gly EROP-Moscow: ID E09366 SATPdb: ID satpdb18833"
FGG,3,2,AHTPDB | BIOPEP-UWM,4,3,1,0,0,82.5,82.5,82.5,82.5,1.0,1,cross_source_consistent,source_count=2; spread_ratio=1.0000,Tier B,88,2 sources and consistent within acceptable spread,1,0,0,2010,2010,ace_merged_000957 | ace_merged_000958 | ace_merged_000959 | ace_merged_000960,1061 | 5200 | 5730 | 9195,,,,AHTPDB: ID 1061; 4553; 4838; 5200; 5467; 7530 BIOPEP-UWM database of sensory peptides and amino acids: ID 20 BRENDA: Ligand Phe-Gly-Gly ChEBI: ID 74714 ChemIDplus: ID 023576423 ChemSpider: ID 134538 EPA DSSTox: ID DTXCID30100704 EROP-Moscow: ID E09367 PubChem: ID 152644 SATPdb: ID satpdb16364 ZINC: ID ZINC02170022
FNQ,3,2,AHTPDB | BIOPEP-UWM,4,3,1,0,0,335.0,335.0,335.0,335.0,1.0,1,cross_source_consistent,source_count=2; spread_ratio=1.0000,Tier B,88,2 sources and consistent within acceptable spread,1,0,0,1996,1996,ace_merged_000975 | ace_merged_000976 | ace_merged_000977 | ace_merged_000978,3557 | 5202 | 5767 | 6470,,,,
GG,2,2,AHTPDB | BIOPEP-UWM,4,3,1,0,0,7200.0,20000.0,13600.0,13600.0,2.7777777777777777,1,cross_source_consistent,source_count=2; spread_ratio=2.7778,Tier B,88,2 sources and consistent within acceptable spread,1,0,0,1981,1981,ace_merged_000206 | ace_merged_000207 | ace_merged_000208 | ace_merged_000209,1371 | 1475 | 6602 | 7616,,,,"AHTPDB: ID 1371, 1475, 2995, 3014, 3036, 3044, 3069, 3126, 3129, 3248, 3313, ahtpdb_3557, 3819, 3919, 4404, 4525, 4703, 6602 BindingDB: ID 50169222 BioCyc: ID GLYCYLGLYCINE BIOPEP-UWM database of bioactive peptides: ID 8783 CAS: Registry No 556-50-3 ChEBI ID 17201 ChEMBL: ID CHEMBL292467 Chemspider: ID 10690 DFBP: ID DFBPACEI1353 ECHA: ID 209-127-8 EPA CompTox: ID DTXSID90862194 EROP-Moscow: ID E10389 FooDB: ID FDB028413 Golm Metabolome Database: ID 33903968-DDB2-47F2-9B6C-7C232D1962DA HMDB: ID HMDB0011733 KEGG: ID C02037 J-GLOBAL: ID 200907052080333889 KNApSAcK: ID C00053264 MeSH: Terms Diglycine, Glycyl Glycine, Glycyl-Glycine, Glycylglycine Metabolomics Workbench: ID 71575 Milk Composition Database: ID BMDB11733 NIAID: ID 018854 Nikkaji: ID J2.659J NMRShiftDB: ID 10016979 PubChem: CID 11163 Sabio-RK: ID 255572362 SATPdb: ID satpdb12484 UNII: ID 10525P22U0 Wikidata: ID Q10634568"
KA,2,2,AHTPDB | BIOPEP-UWM,4,3,1,0,0,31.5,31.5,31.5,31.5,1.0,1,cross_source_consistent,source_count=2; spread_ratio=1.0000,Tier B,88,2 sources and consistent within acceptable spread,1,0,0,2007,2007,ace_merged_000370 | ace_merged_000371 | ace_merged_000372 | ace_merged_000373,5157 | 6113 | 6691 | 7743,,,,"AHTPDB: ID 1700, 2991, 3029, 3052, 3067, 3170, 3174, 3275, 3321, 3435, 3505, 3829, 3964, 4436, 4535, 4675, 5157, 6113, 6691 BindingDB: ID 50169138 BioPepDB: ID biopep00660 BIOPEP-UWM database of bioactive peptides: ID 3174; 9511 BRENDA: Ligand Lys-Ala ChEBI: ID 61872 ChEMBL: ID CHEMBL93178 ChemSpider: ID 5374071 EPA CompTox: ID DTXSID20426662 EPA DSSTox: ID DTXCID50377496 EROP-Moscow: ID E09228; E14731 FeptideDB: ID 3174; 7743 FooDB: ID FDB111967 HMDB: ID HMDB0028944 J-GLOBAL: ID 200907026921821335 Nikkaji: ID J82.576J PlantPepDB: ID PPepDB_2919 PubChem: ID 7010504 SATPdb: ID satpdb16222 SureChEMBL: ID SCHEMBL1641741 ZINC: ID ZINC000002390920"
LQQ,3,2,AHTPDB | BIOPEP-UWM,4,3,1,0,0,100.0,100.0,100.0,100.0,1.0,1,cross_source_consistent,source_count=2; spread_ratio=1.0000,Tier B,88,2 sources and consistent within acceptable spread,1,0,0,1996,1996,ace_merged_001558 | ace_merged_001559 | ace_merged_001560 | ace_merged_001561,3714 | 5235 | 5812 | 6476,,,,
RR,2,2,AHTPDB | BIOPEP-UWM,4,3,1,0,0,267.1,267.1,267.1,267.1,1.0,1,cross_source_consistent,source_count=2; spread_ratio=1.0000,Tier B,88,2 sources and consistent within acceptable spread,1,0,0,2007,2007,ace_merged_000554 | ace_merged_000555 | ace_merged_000556 | ace_merged_000557,5170 | 6108 | 6689 | 7741,,,,ACToR: ID 15483-27-9 AHTPDB: ID 3273; 3534; 4023; 4738; 5170; 5432; 6108; 6689 BindingDB: ID 50188488 BioPepDB: ID biopep01222 BIOPEP-UWM database of bioactive peptides: ID 8889; 9485 BIOPEP-UWM database of sensory peptides and amino acids: ID 2 BRENDA: Ligand Arg-Arg ChEBI: ID CHEBI:73811 ChEMBL: ID CHEMBL296756 ChemIDplus: ID 15483-27-9 ChemSpider: ID 133932 CTD: ID 15483-27-9 eChemPortal: ID 15483-27-9 EPA CompTox: ID DTXSID60165745 EPA DSSTox: ID DTXCID2088236 EROP-Moscow: ID E14727 HMDB: ID HMDB0028703 J-GLOBAL: ID 200907087384149330 Metabolights: ID MTBLC73811 Nikkaji: ID J531.298A PubChem: CID 151956 SATPdb: ID satpdb21704 SureChEMBL: ID SCHEMBL288599 ZINC: ID ZINC000005706877
VAA,3,2,AHTPDB | BIOPEP-UWM,4,3,1,0,0,13.0,13.0,13.0,13.0,1.0,1,cross_source_consistent,source_count=2; spread_ratio=1.0000,Tier B,88,2 sources and consistent within acceptable spread,1,0,0,1991,1991,ace_merged_001816 | ace_merged_001817 | ace_merged_001818 | ace_merged_001819,3518 | 5253 | 5811 | 6437,,,,
VAV,3,2,AHTPDB | MBPDB,4,3,0,1,0,260.0,260.0,260.0,260.0,1.0,1,cross_source_consistent,source_count=2; spread_ratio=1.0000,Tier B,88,2 sources and consistent within acceptable spread,1,0,0,1989,1989,ace_merged_001837 | ace_merged_001838 | ace_merged_001839 | ace_merged_001840,5255 | 6052 | 6622 | MBPDB_P07498_VAV_175-177,Homo sapiens,P07498,10.1080/00021369.1989.10869621,
VAY,3,2,AHTPDB | BIOPEP-UWM,4,3,1,0,0,16.0,16.0,16.0,16.0,1.0,1,cross_source_consistent,source_count=2; spread_ratio=1.0000,Tier B,88,2 sources and consistent within acceptable spread,1,0,0,1991,1991,ace_merged_001842 | ace_merged_001843 | ace_merged_001844 | ace_merged_001845,3546 | 5256 | 5806 | 6463,,,,
VIP,3,2,AHTPDB | MBPDB,4,3,0,1,0,9.2,26.1,13.625,9.6,2.836956521739131,1,cross_source_consistent,source_count=2; spread_ratio=2.8370,Tier B,88,2 sources and consistent within acceptable spread,1,0,0,2013,2013,ace_merged_001866 | ace_merged_001867 | ace_merged_001868 | ace_merged_001869,1982 | 1994 | 2113 | MBPDB_P02663_VIP_215-217,Bos taurus,P02663,10.1016/j.idairyj.2013.10.009,
VVY,3,2,AHTPDB | FermFooDb,4,3,0,0,1,22.0,22.0,22.0,22.0,1.0,1,cross_source_consistent,source_count=2; spread_ratio=1.0000,Tier B,88,2 sources and consistent within acceptable spread,1,0,0,,,ace_merged_002005 | ace_merged_002006 | ace_merged_002007 | ace_merged_002008,2584 | 5266 | 6144 | FMDB1011,,,,https://webs.iiitd.edu.in/raghava/fermfoodb/display_sub.php?details=FMDB1011
YN,2,2,AHTPDB | BIOPEP-UWM,4,3,1,0,0,51.0,51.0,51.0,51.0,1.0,1,cross_source_consistent,source_count=2; spread_ratio=1.0000,Tier B,88,2 sources and consistent within acceptable spread,1,0,0,2008,2008,ace_merged_000795 | ace_merged_000796 | ace_merged_000797 | ace_merged_000798,1045 | 5185 | 5750 | 9185,,,,"AHTPDB: ID 1045, 4736, 5185, 5750 BIOPEP-UWM database of bioactive peptides: ID 8942 ChemSpider: ID 49745317 PubChem: ID 44230566 SATPdb: ID satpdb27216 PubChem: ID 44230566 SATPdb: ID satpdb27216"
YQY,3,2,AHTPDB | BIOPEP-UWM,4,3,1,0,0,4.0,4.0,4.0,4.0,1.0,1,cross_source_consistent,source_count=2; spread_ratio=1.0000,Tier B,88,2 sources and consistent within acceptable spread,1,0,0,2004,2004,ace_merged_002067 | ace_merged_002068 | ace_merged_002069 | ace_merged_002070,1926 | 5120 | 6537 | 7551,,,,
ASP,3,2,AHTPDB | MBPDB,3,2,0,1,0,242.3,242.3,242.3,242.3,1.0,1,cross_source_consistent,source_count=2; spread_ratio=1.0000,Tier B,86,2 sources and consistent within acceptable spread,1,0,0,2008,2008,ace_merged_000886 | ace_merged_000887 | ace_merged_000888,"5193 | 5871 | MBPDB_P02668 Genetic Variant B,F2,G1,G2,J_ASP_169-171_169-171_169-171_169-171_169-171",Bos taurus,"P02668 Genetic Variant B,F2,G1,G2,J",10.3168/jds.2008-1671,
EG,2,2,AHTPDB | BIOPEP-UWM,3,2,1,0,0,10000.0,20000.0,13333.333333333334,10000.0,2.0,1,cross_source_consistent,source_count=2; spread_ratio=2.0000,Tier B,86,2 sources and consistent within acceptable spread,1,0,0,1980,1980,ace_merged_000115 | ace_merged_000116 | ace_merged_000117,1487 | 6609 | 7622,,,,AHTPDB: ID 1487; 3142; 3254; 3335; 3825; 3898; 4398; 4531; 4663; 6609 BindingDB: ID 50188507 BIOPEP-UWM database of bioactive peptides: ID 8770 BIOPEP-UWM database of sensory peptides and amino acids: ID 232; 358 ChEBI: ID 73505 ChEMBL: ID CHEMBL421361 ChemSpider: ID 4932470 DFBP: ID DFBPACEI1627 EROP-Moscow: ID E01847 PubChem: ID 6427052 SATpdb: ID satpdb21475 ZINC: ID ZINC01731776
ER,2,2,AHTPDB | BIOPEP-UWM,3,2,1,0,0,270.0,667.0,534.6666666666666,667.0,2.4703703703703703,1,cross_source_consistent,source_count=2; spread_ratio=2.4704,Tier B,86,2 sources and consistent within acceptable spread,1,0,0,2010,2010,ace_merged_000121 | ace_merged_000122 | ace_merged_000123,5144 | 6115 | 9944,,,,"AHTPDB: ID 2708, 4719, 5144, 6115 BioPepDB: ID biopep00188 ChemSpider: ID 7972216 EROP-Moscow: ID E09356 HMDB: ID HMDB0028813 PubChem: CID 9796450 SATPdb: ID satpdb22163"
GD,2,2,AHTPDB | BIOPEP-UWM,3,2,1,0,0,9200.0,20000.0,12800.0,9200.0,2.1739130434782608,1,cross_source_consistent,source_count=2; spread_ratio=2.1739,Tier B,86,2 sources and consistent within acceptable spread,1,0,0,1980,1980,ace_merged_000188 | ace_merged_000189 | ace_merged_000190,1476 | 6607 | 7620,,,,"AHTPDB: ID 1476, 1693, 3059, 3092, 3096, 3252, 3823, 3915, 4400, 4529, 4657, 6607 BindingDB: ID 50188493 BIOPEP-UWM database of bioactive peptides: ID 7620 CAS: Registry No 4685-12-5 ChEBI: ID 73804 ChEMBL: ID CHEMBL91392 ChemSpider: ID 87881 DFBP: ID DFBPACEI1629 ECHA: 225-140-1 EROP-Moscow: ID E10390 FooDB: ID FDB111876 HMDB: ID HMDB0028837 J-GLOBAL: ID 200907049288254043 Metabolomics Workbench: ID 78799 Nikkaji: ID J149.619K PlantPepDB: ID PPepDB_51 PubChem: CID 97363 SATPdb: ID satpdb27666 SureChEMBL: ID SCHEMBL3207709 UniChem: ID 546586 Wikidata: ID Q27144120 ZINC: ID ZINC000001708196"
GHG,3,2,AHTPDB | BIOPEP-UWM,3,2,1,0,0,122.0,122.0,122.0,122.0,1.0,1,cross_source_consistent,source_count=2; spread_ratio=1.0000,Tier B,86,2 sources and consistent within acceptable spread,1,0,0,2010,2010,ace_merged_001018 | ace_merged_001019 | ace_merged_001020,5206 | 5722 | 9191,,,,"AHTPDB: ID 4794, 5206, 5722 BRENDA: Ligand Gly-His-Gly ChEMBL: ID CHEMBL1221712 ChemIDplus: ID 7758-33-0 ChemSpider: ID 87910 EROP-Moscow: ID E09359 J-GLOBAL: ID 200907092007707195 Nikkaji: ID J364.678E PubChem: CID 97396 SATPdb: ID satpdb17895 SureChEMBL: ID SCHEMBL259179 ZINC: ID ZINC000002571362"
IPY,3,2,AHTPDB | MBPDB,3,2,0,1,0,206.0,206.0,206.0,206.0,1.0,1,cross_source_consistent,source_count=2; spread_ratio=1.0000,Tier B,86,2 sources and consistent within acceptable spread,1,0,0,2004,2004,ace_merged_001296 | ace_merged_001297 | ace_merged_001298,2259 | 6706 | MBPDB_P04654_IPY_217-219,Ovis aries,P04654,10.1016/j.idairyj.2004.04.007,
LG,2,2,AHTPDB | BIOPEP-UWM,3,2,1,0,0,8800.0,20000.0,12533.333333333334,8800.0,2.272727272727273,1,cross_source_consistent,source_count=2; spread_ratio=2.2727,Tier B,86,2 sources and consistent within acceptable spread,1,0,0,1980,1980,ace_merged_000419 | ace_merged_000420 | ace_merged_000421,1489 | 6606 | 7619,,,,AHTPDB: ID 1489; 3045; 3051; 3086; 3132; 3134; 3136; 3251; 3355; 3426; 3515; 3822; 3851; 3977; 4401; 4528; 4654; 5406; 6606 BindingDB: ID 50407456 BIOPEP database of sensory peptides and amino acids: ID 161 BRENDA: Ligand Leu-Gly ChEBI: ID 74534 ChEMBL: ID CHEMBL55711 ChemIDplus: ID 000686500 ChemSpider: ID 87882 EROP-Moscow: ID E01614 PubChem: ID 97364 ZINC: ID ZINC02164045
PG,2,2,AHTPDB | BIOPEP-UWM,3,2,1,0,0,17000.0,20000.0,18000.0,17000.0,1.1764705882352942,1,cross_source_consistent,source_count=2; spread_ratio=1.1765,Tier B,86,2 sources and consistent within acceptable spread,1,0,0,1980,1980,ace_merged_000506 | ace_merged_000507 | ace_merged_000508,1493 | 6612 | 7625,,,,"ACToR: ID 2578-57-6 AHTPDB: ID 1493, 3060, 3143, 3151, 3257, 3428, 3524, 3613, 3827, 4001, 4395, 4533, 4669, 6612 BindingDB: ID 50188480 BioPepDB: ID biopep01043 BIOPEP-UWM database of bioactive peptides: ID 2754, 3285; 3460; 8855 BIOPEP-UWM database of sensory peptides and amino acids: ID 481 BRENDA: Ligand Pro-Gly ChEBI: ID 61695 ChEMBL: ID CHEMBL59426 ChemSpider: ID 4932143 EROP-Moscow: ID E03694; E02533; E09277 FDA SRS: ID 42521I3FYC Golm: ID 654E0B74-C991-4228-B739-3A3AB574E291 J-GLOBAL: ID 200907040238523577 Nikkaji: ID J149.651D PubChem: CID 6426709 Rhea: ID 61696 SATPdb: ID satpdb10032 SureChEMBL: ID SCHEMBL620067 ZINC: ID ZINC000004899418"
QG,2,2,AHTPDB | BIOPEP-UWM,3,2,1,0,0,7400.0,20000.0,11600.0,7400.0,2.7027027027027026,1,cross_source_consistent,source_count=2; spread_ratio=2.7027,Tier B,86,2 sources and consistent within acceptable spread,1,0,0,1980,1980,ace_merged_000520 | ace_merged_000521 | ace_merged_000522,1491 | 6603 | 7617,,,,
SG,2,2,AHTPDB | BIOPEP-UWM,3,2,1,0,0,8500.0,20000.0,12333.333333333334,8500.0,2.3529411764705883,1,cross_source_consistent,source_count=2; spread_ratio=2.3529,Tier B,86,2 sources and consistent within acceptable spread,1,0,0,1980,1980,ace_merged_000580 | ace_merged_000581 | ace_merged_000582,1488 | 6605 | 7618,,,,"ACToR: ID 687-63-8 AHTPDB: ID 1488, 1692, 2996, 3024, 3070, 3250, 3314, 3585, 3821, 4026, 4402, 4527, 4651, 6605, BioPepDB: ID biopep01239 ChEBI: ID 74814 ChemIDplus: ID 687-63-8 EROP-Moscow: ID E10399 FeptideDB: ID 7618 HMDB: ID HMDB0029039 J-GLOBAL: ID 200907053982513169 MetaCyc: compound L-seryl-glycine Nikkaji: ID J149.642E PlantPepDB: ID PPepDB_185 PubChem: CID 7009644 SATPdb: ID satpdb13599 ZINC: ID ZINC000002384922"
TG,2,2,AHTPDB | BIOPEP-UWM,3,2,1,0,0,9900.0,20000.0,13266.666666666666,9900.0,2.0202020202020203,1,cross_source_consistent,source_count=2; spread_ratio=2.0202,Tier B,86,2 sources and consistent within acceptable spread,1,0,0,1980,1980,ace_merged_000611 | ace_merged_000612 | ace_merged_000613,1490 | 6608 | 7621,,,,
VAF,3,2,AHTPDB | BIOPEP-UWM,3,2,1,0,0,35.8,35.8,35.8,35.8,1.0,1,cross_source_consistent,source_count=2; spread_ratio=1.0000,Tier B,86,2 sources and consistent within acceptable spread,1,0,0,2001,2001,ace_merged_001820 | ace_merged_001821 | ace_merged_001822,1038 | 1870 | 8126,,,,AHTPDB: ID 1038; 1870 BRENDA: Ligand Val-Ala-Phe-OH ChEBI: ID 166067 DFBP: ID DFBPACEI1518; DFBPANHY0450; DFBPMUFU0419 EROP-Moscow: ID E07058 Metabolomics Workbench: ID 86669 PubChem: CID 25183088 SATPdb: ID satpdb14951 SureChEMBL: ID 30051124 UniChem: ID 33173387 Wikidata: ID Q106029078
AWW,3,2,AHTPDB | BIOPEP-UWM,2,1,1,0,0,6.5,9.4,7.95,7.95,1.4461538461538461,1,cross_source_consistent,source_count=2; spread_ratio=1.4462,Tier B,84,2 sources and consistent within acceptable spread,1,0,0,2019,2019,ace_merged_000904 | ace_merged_000905,10563 | 1983,,,,CAS: Registry No 59005-79-7 ChEBI: ID 158595 ChemSpider: ID 57529071 EPA CompTox: ID DTXSID90852075 EROP-Moscow: ID E24868 Metabolomics Workbench: ID 79413 PubChem: CID 71443245
DA,2,2,AHTPDB | BIOPEP-UWM,2,1,1,0,0,3800.0,3800.0,3800.0,3800.0,1.0,1,cross_source_consistent,source_count=2; spread_ratio=1.0000,Tier B,84,2 sources and consistent within acceptable spread,1,0,0,1981,1981,ace_merged_000081 | ace_merged_000082,6592 | 7606,,,,ACToR: ID 13433-02-8 AHTPDB: ID 1688; 3090; 3095; 3139; 3239; 3470; 3835; 3895; 4413; 4541; 4693; 6592 BindingDB: ID 50169166 BIOPEP-UWM database of bioactive peptides: ID 7606; 9492 BIOPEP-UWM database of sensory peptides and amino acids: ID 230; 350 BRENDA: Ligand Asp-Ala ChEBI: ID 73826 ChEMBL: ID CHEMBL17503 ChemIDplus: ID 3433-02-88 ChemSpider: ID 4590792 EROP-Moscow: ID E01842 J-GLOBAL: ID 200907068654974784 Metabolights: ID MTBLC73826 Nikkaji: ID J81.614K PubChem: CID 5491963 SATPdb: ID satpdb20092
DP,2,2,AHTPDB | FermFooDb,2,1,0,0,1,2.15,2.15,2.15,2.15,1.0,1,cross_source_consistent,source_count=2; spread_ratio=1.0000,Tier B,84,2 sources and consistent within acceptable spread,1,0,0,,,ace_merged_000104 | ace_merged_000105,2617 | FMDB1,,,,https://webs.iiitd.edu.in/raghava/fermfoodb/display_sub.php?details=FMDB1
EA,2,2,AHTPDB | BIOPEP-UWM,2,1,1,0,0,10000.0,10000.0,10000.0,10000.0,1.0,1,cross_source_consistent,source_count=2; spread_ratio=1.0000,Tier B,84,2 sources and consistent within acceptable spread,1,0,0,1980,1980,ace_merged_000112 | ace_merged_000113,6610 | 7623,,,,ACToR: ID 21064-18-6 AHTPDB: ID 2997; 3032; 3046; 3071; 3255; 3359; 3427; 3472; 3555; 3836; 3897; 4397; 4542; 4696; 6610 BindingDB: ID 50169155 BioPepDB: ID biopep00162 BIOPEP-UWM database of bioactive peptides: ID 9650 BIOPEP-UWM database of sensory peptides and amino acids: ID 362; 363 BRENDA: Ligand Glu-Ala ChEBI: ID 73849 ChemIDplus: ID 21064-18-6 ChEMBL: ID CHEMBL90074 ChemSpider: ID 5360636 CTD: 21064-18-6 HMDB: ID HMDB0003764 J-GLOBAL: ID 200907083878894890 Metabolights: ID MTBLC73849 Nikkaji: ID J150.577G PubChem: ID 6992506 SATPdb: ID satpdb18482 SDBS: ID NMR-CDS-07-416 SureChEMBL: ID SCHEMBL751142 ZINC: ID ZINC01576200
FK,2,2,AHTPDB | BIOPEP-UWM,2,1,1,0,0,265.43,265.43,265.43,265.43,1.0,1,cross_source_consistent,source_count=2; spread_ratio=1.0000,Tier B,84,2 sources and consistent within acceptable spread,1,0,0,2011,2011,ace_merged_000139 | ace_merged_000140,10718 | 1236,,,,BRENDA: Ligand Phe-Lys CAS: Registry No 6456-72-0 ChEBI: ID 141443 ChemSpider: ID 76963305 EROP-Moscow: ID E01598 HMDB: ID HMDB0029000 J-GLOBAL: ID 200907074066868471 Metabolomics Workbench: ID 78927 Nikkaji: ID J81.224B PlantPepDB: ID PPepDB_38 PubChem: CID 15607820
FR,2,2,AHTPDB | BIOPEP-UWM,2,1,1,0,0,920.0,920.0,920.0,920.0,1.0,1,cross_source_consistent,source_count=2; spread_ratio=1.0000,Tier B,84,2 sources and consistent within acceptable spread,1,0,0,1981,1981,ace_merged_000159 | ace_merged_000160,6578 | 7592,,,,"ACToR: ID 1238-09-1 AHTPDB: ID 3363; 3481; 3833; 3911; 4429; 4539; 4687; 6578 BindingDB: ID 50407458 BioPepDB: ID biopep00280 BIOPEP-UWM database of bioactive peptides: ID 8780; 9501 BRENDA: Ligand Phe-Arg ChEBI: ID 73632 ChEMBL: ID CHEMBL291636 ChemSpider: ID 133005 EROP-Moscow: ID E01801 HMDB: ID HMDB0028989 J-GLOBAL: ID 200907017930259977 Metabolights: ID MTBLC73632 Nikkaji: ID J80.106 ParaPep: ID 1268, 1708 PubChem: CID 150903 SATPdb: ID satpdb10396 SureChEMBL: ID SCHEMBL1711701 ZINC: ID ZINC000002384770"
GAW,3,2,AHTPDB | MBPDB,2,1,0,1,0,240.0,240.0,240.0,240.0,1.0,1,cross_source_consistent,source_count=2; spread_ratio=1.0000,Tier B,84,2 sources and consistent within acceptable spread,1,0,0,2006,2006,ace_merged_001000 | ace_merged_001001,5133 | MBPDB_P02662_GAW_177-179,Bos taurus,P02662,10.1016/j.idairyj.2006.07.004,
HL,2,2,AHTPDB | BIOPEP-UWM,2,1,1,0,0,3200.0,3200.0,3200.0,3200.0,1.0,1,cross_source_consistent,source_count=2; spread_ratio=1.0000,Tier B,84,2 sources and consistent within acceptable spread,1,0,0,1981,1981,ace_merged_000287 | ace_merged_000288,6588 | 7602,,,,"ACToR: ID 7763-65-7 AHTPDB: ID 3084, 3422, 3497, 3834, 3941, 4417, 4540, 4690, 6588 BindingDB: ID 50407435 BIOPEP-UWM database of bioactive peptides: ID 3317; 8557; 9483 BRENDA: Ligand L-His-L-Leu ChEBI: ID 5729 ChEMBL: ID CHEMBL90260 ChemIDplus: ID 7763-65-7 ChemSpider: ID 164234 CTD: ID 7763-65-7 EROP-Moscow: ID E10603 IUPHAR BPS: ID 9485 J-GLOBAL: ID 200907025952710357 KEGG: ID C05010 Metabolights: ID MTBLC5729 Nikkaji: ID J151.040A PubChem: CID 189008 SATPdb: ID satpdb15373 SDBS: ID 8319 SureChEMBL: ID SCHEMBL1666829 ZINC: ID ZINC000005633008"
IEW,3,2,AHTPDB | BIOPEP-UWM,2,1,1,0,0,104.0,104.0,104.0,104.0,1.0,1,cross_source_consistent,source_count=2; spread_ratio=1.0000,Tier B,84,2 sources and consistent within acceptable spread,1,0,0,2010,2010,ace_merged_001165 | ace_merged_001166,6765 | 8228,,,,
ITP,3,2,AHTPDB | MBPDB,2,1,0,1,0,9.5,14.9,12.2,12.2,1.568421052631579,1,cross_source_consistent,source_count=2; spread_ratio=1.5684,Tier B,84,2 sources and consistent within acceptable spread,1,0,0,2015,2015,ace_merged_001348 | ace_merged_001349,1231 | MBPDB_P02663_ITP_134-136,Bos taurus,P02663,10.1016/j.foodchem.2015.04.130,
IVF,3,2,AHTPDB | BIOPEP-UWM,2,1,1,0,0,33.11,33.11,33.11,33.11,1.0,1,cross_source_consistent,source_count=2; spread_ratio=1.0000,Tier B,84,2 sources and consistent within acceptable spread,1,0,0,2007,2007,ace_merged_001353 | ace_merged_001354,5113 | 8508,,,,"AHTPDB: ID 4199, 4974, 5113, 5538 ChEBI: ID 158915 ChemSpider: ID 8040205 DFBP: ID DFBPACEI0956; DFBPACEI1869; DFBPANHY0582; DFBPANOX0984; DFBPMUFU0507 EROP-Moscow: ID E07456 J-GLOBAL: ID 200907073324649546 Metabolomics Workbench: ID 83049 Nikkaji: ID J2.263.889K PlantPepDB: ID PPepDB_3791 PubChem: CID 9864513 SATPdb: ID satpdb11295 SureChEMBL: ID SCHEMBL4985114 UniChem: ID 26274429 Wikidata: ID Q106026956"
KR,2,2,AHTPDB | BIOPEP-UWM,2,1,1,0,0,380.0,380.0,380.0,380.0,1.0,1,cross_source_consistent,source_count=2; spread_ratio=1.0000,Tier B,84,2 sources and consistent within acceptable spread,1,0,0,1981,1981,ace_merged_000393 | ace_merged_000394,6572 | 7586,,,,
LA,2,2,AHTPDB | BIOPEP-UWM,2,1,1,0,0,310.0,310.0,310.0,310.0,1.0,1,cross_source_consistent,source_count=2; spread_ratio=1.0000,Tier B,84,2 sources and consistent within acceptable spread,1,0,0,1981,1981,ace_merged_000410 | ace_merged_000411,6571 | 7585,,,,"ACToR: ID 21369-94-8 AHTPDB: ID 3224, 3308, 3513, 3569, 3595, 3828, 3852, 3973, 4437, 4534, 4672, 6571 BindingDB: ID 50407466 BioPepDB: ID biopep00725 BIOPEP-UWM database of bioactive peptides: ID 3175; 4006; 9499 BIOPEP-UWM database of sensory peptides and amino acids: ID 466 BRENDA: Ligand Leu-Ala ChEBI: ID 73527 ChemBank: ID KBio3_002789; SPBio_001517; Spectrum2_001499; Spectrum3_001934 ChEMBL: ID CHEMBL541207 ChemIDplus: ID 007298842 ChemSpider: ID 73739 EROP-Moscow: ID E06287 J-GLOBAL: ID 200907083420885213 Nikkaji: ID J81.361C PubChem: ID 81721 SATPDB: ID satpdb13367 SureChEMBL: ID SCHEMBL259116 ZINC: ID ZINC01569727"
LGY,3,2,BIOPEP-UWM | MBPDB,2,0,1,1,0,21.46,23.78,22.62,22.62,1.1081081081081081,1,cross_source_consistent,source_count=2; spread_ratio=1.1081,Tier B,84,2 sources and consistent within acceptable spread,1,0,0,2013,2013,ace_merged_001431 | ace_merged_001432,9284 | MBPDB_P02662_LGY_107-109,Bos taurus,P02662,"1) 10.1016/j.idairyj.2013.05.008, 2) 10.3390/foods9080991",BIOPEP-UWM database of bioactive peptides: ID 2738; 3099; 10060 BIOPEP-UWM Virtual database: ID 64 ChemSpider: ID 5377958 EROP-Moscow: ID E09276 FeptideDB: ID 2738; 3099 MBPDB: Peptide LGY PubChem: CID 7014904
NG,2,2,AHTPDB | BIOPEP-UWM,2,1,1,0,0,12000.0,12000.0,12000.0,12000.0,1.0,1,cross_source_consistent,source_count=2; spread_ratio=1.0000,Tier B,84,2 sources and consistent within acceptable spread,1,0,0,1981,1981,ace_merged_000493 | ace_merged_000494,6611 | 7624,,,,
PPL,3,2,AHTPDB | BIOPEP-UWM,2,1,1,0,0,427.15,1000.0,713.575,713.575,2.3410979749502516,1,cross_source_consistent,source_count=2; spread_ratio=2.3411,Tier B,84,2 sources and consistent within acceptable spread,1,0,0,2011,2011,ace_merged_001716 | ace_merged_001717,1957 | 9908,,,,AHTPDB: ID ahtpdb_1957 BindingDB: ID 50348859 BioPepDB: ID biopep01080 BIOPEP-UWM database of bioactive peptides: ID 8652 ChEBI: ID 162598 ChEMBL: ID CHEMBL1807691 ChemSpider: ID 10032763 EROP-Moscow: ID E26062 FeptideDB: ID 8652 J-GLOBAL: ID 201507031190847837 Nikkaji: ID J3.367.833I PubChem: CID 11858292 SATPdb: ID satpdb10190 ZINC: ID ZINC000036489331
RA,2,2,AHTPDB | BIOPEP-UWM,2,1,1,0,0,460.0,460.0,460.0,460.0,1.0,1,cross_source_consistent,source_count=2; spread_ratio=1.0000,Tier B,84,2 sources and consistent within acceptable spread,1,0,0,1981,1981,ace_merged_000533 | ace_merged_000534,6574 | 7588,,,,"AHTPDB: ID 1679; 2999, 3182; 3227; 3531; 3582; 3830; 4018; 4432; 4536; 4678; 6574 BindingDB: ID 50407418 BIOPEP database of bioactive peptides: ID 4005; 8526 BIOPEP database of sensory peptides and amino acids: ID 420 BRENDA: Ligand Arg-Ala ChEBI: ID 73810 ChEMBL: ID CHEMBL328471 ChemSpider: ID 5383289 PubChem: ID 7020333 SATPdb: ID satpdb10016 ZINC: ID ZINC02562523"
VEF,3,2,AHTPDB | BIOPEP-UWM,2,1,1,0,0,10.0,23.0,16.5,16.5,2.3,1,cross_source_consistent,source_count=2; spread_ratio=2.3000,Tier B,84,2 sources and consistent within acceptable spread,1,0,0,2017,2017,ace_merged_001850 | ace_merged_001851,10703 | 2158,,,,ChEBI: ID 166186 DFBP: ID DFBPACEI1973 Metabolomics Workbench: ID 86789 PubChem: CID 145458920
WP,2,2,AHTPDB | BIOPEP-UWM,2,1,1,0,0,217.0,217.27,217.135,217.135,1.0012442396313364,1,cross_source_consistent,source_count=2; spread_ratio=1.0012,Tier B,84,2 sources and consistent within acceptable spread,1,0,0,2012,2012,ace_merged_000758 | ace_merged_000759,10989 | 2795,,,,AHTPDB: ID 6934 BIOPEP-UWM database of bioactive peptides: ID 8945 BRENDA: Ligand L-tyrosinyl-L-serine CAS: Registry No 13588-99-3 ChEBI: ID 141457 EPA CompTox: ID DTXSID90712241 EROP-MOscow: ID E10415 FooDB: ID FDB112117 HMDB: ID HMDB0029114 J-GLOBAL: ID 200907062957084317 Metabolomics Workbench: ID 79031 Nikkaji: ID J2.748.178G PMhub: ID MS000243604 PubChem: CID 54564570 SATPdb: ID satpdb24541 SureChEMBL: ID SCHEMBL9852121 UniChem: ID 22887225 Wikidata: ID Q82648127
WT,2,2,AHTPDB | BIOPEP-UWM,2,1,1,0,0,632.0,632.0,632.0,632.0,1.0,1,cross_source_consistent,source_count=2; spread_ratio=1.0000,Tier B,84,2 sources and consistent within acceptable spread,1,0,0,2012,2012,ace_merged_000760 | ace_merged_000761,10991 | 6932,,,,AHTPDB: ID 6932 BIOPEP-UWM database of bioactive peptides: ID 8685 BRENDA: Ligand WT ChEBI: ID 141450 EROP-Moscow: ID E10414 FooDB: ID FDB11209 HMDB: ID HMDB0029093 J-GLOBAL: ID 200907084709713930 Metabolomics Workbench: ID 79012 Nikkaji: ID J934.697J PMhub: ID MS000241751 PubChem: CID 54499874 SATPdb: ID satpdb23763 SureChEMBL: ID SCHEMBL8525833 UniChem: ID 26688599 Wikidata: Q106026404 ZINC: ID ZINC000040439754
WV,2,2,AHTPDB | BIOPEP-UWM,2,1,1,0,0,500.5,500.5,500.5,500.5,1.0,1,cross_source_consistent,source_count=2; spread_ratio=1.0000,Tier B,84,2 sources and consistent within acceptable spread,1,0,0,2006,2006,ace_merged_000762 | ace_merged_000763,11195 | 6933,,,,"AHTPDB: ID 6933 BIOPEP-UWM database of bioactive peptides: ID 8556 DFBP: ID DFBPACEI1590, DFBPANOX0075, DFBPDPIV0174, DFBPINPE0017, DFBPMUFU0442 EROP-Moscow: ID E10408 SATPdb: ID satpdb26540"
YA,2,2,AHTPDB | BIOPEP-UWM,2,1,1,0,0,460.0,460.0,460.0,460.0,1.0,1,cross_source_consistent,source_count=2; spread_ratio=1.0000,Tier B,84,2 sources and consistent within acceptable spread,1,0,0,1981,1981,ace_merged_000768 | ace_merged_000769,6575 | 7589,,,,"AHTPDB: ID 3228, 3547, 3831, 4052, 4433, 4537, 4681, 6575 BindingDB: ID 50169129 BioCyc: ID CPD-20389 BioPepDB: ID biopep01546 BIOPEP-UWM database of bioactive peptides: ID 8932, 9433 BRENDA: Ligand Tyr-Ala ChEBI: ID 74879 ChEMBL: ID CHEMBL316103 ChemDB: ID 192304, 192311 ChemSpider: ID 4593326 J-GLOBAL: ID 200907038195226293 Metabolights: ID MTBLC74879 Nikkaji: ID J150.477K PubChem: CID 7020632 SATPdb: ID satpdb10716 SDBS: ID 9370 SureChEMBL: ID SCHEMBL238988 ZINC: ID ZINC000002566273"
YLL,3,2,BIOPEP-UWM | MBPDB,2,0,1,1,0,518.54,518.54,518.54,518.54,1.0,1,cross_source_consistent,source_count=2; spread_ratio=1.0000,Tier B,84,2 sources and consistent within acceptable spread,1,0,0,2020,2020,ace_merged_002052 | ace_merged_002053,10113 | MBPDB_P02754_YLL_118-120,Bos taurus,P02754,10.3390/foods9080991,BIOPEP-UWM database of bioactive peptides: ID 9349 ChEBI: ID 165141 MBPDB: Peptide YLL PubChem: CID 145458693
YS,2,2,AHTPDB | BIOPEP-UWM,2,1,1,0,0,412.0,412.0,412.0,412.0,1.0,1,cross_source_consistent,source_count=2; spread_ratio=1.0000,Tier B,84,2 sources and consistent within acceptable spread,1,0,0,2012,2012,ace_merged_000813 | ace_merged_000814,10988 | 6934,,,,AHTPDB: ID 6934 BIOPEP-UWM database of bioactive peptides: ID 8945 BRENDA: Ligand L-tyrosinyl-L-serine CAS: Registry No 13588-99-3 ChEBI: ID 141457 EPA CompTox: ID DTXSID90712241 EROP-MOscow: ID E10415 FooDB: ID FDB112117 HMDB: ID HMDB0029114 J-GLOBAL: ID 200907062957084317 Metabolomics Workbench: ID 79031 Nikkaji: ID J2.748.178G PMhub: ID MS000243604 PubChem: CID 54564570 SATPdb: ID satpdb24541 SureChEMBL: ID SCHEMBL9852121 UniChem: ID 22887225 Wikidata: ID Q82648127
LVY,3,2,AHTPDB | BIOPEP-UWM,5,4,1,0,0,1.8,5.84,2.608,1.8,3.2444444444444445,1,cross_source_consistent,source_count=2; spread_ratio=3.2444,Tier B,83,2 sources and consistent within acceptable spread,1,0,0,2014,2014,ace_merged_001619 | ace_merged_001620 | ace_merged_001621 | ace_merged_001622 | ace_merged_001623,1878 | 4457 | 5239 | 6185 | 8402,,,,
AG,2,2,AHTPDB | BIOPEP-UWM,3,2,1,0,0,2500.0,20000.0,8333.333333333334,2500.0,8.0,1,cross_source_consistent,source_count=2; spread_ratio=8.0000,Tier B,79,2 sources and consistent within acceptable spread,1,0,0,1980,1980,ace_merged_000018 | ace_merged_000019 | ace_merged_000020,1481 | 6586 | 7600,,,,"AHTPDB: ID 1481, 1687, 2983, 3049, 3089, 3094, 3234, 3360, 3466, 3553, 3805, 3887, 4420, 4511, 4662, 6586 BindingDB: ID 50169210 BioCyc: Compound ALA-GLY BioPepDB: ID 7600; 8760 BIOPEP-UWM database of bioactive peptides: ID 8760 CAS: Registry No 687-69-4 ChEBI: ID 73757 ChEMBL: ID CHEMBL94250 ChemSpider: ID 5365657 DFBP: ID DFBPACEI1557 ECHA: ID 211-699-9 EcoCyc: Compound ALA-GLY EPA CompTox: ID DTXSID101316944 EROP-Moscow: ID E10393 HMDB: ID HMDB0006899 J-GLOBAL: ID 200907098546421244 MetaboLights: ID MTBLC73786 Metabolomics Workbench: ID 78663 MetaNetX: ID MNXM15783 Nikkaji: ID J79.786C PubChem: CID 6998029 Sabio-RK: ID 28253 SATPdb: ID satpdb22449 Seed: ID cpd11585 UniChem: ID 38896 UNII: ID QXQ6Y9X6ZS Wikidata: ID Q27144089 ZINC: ID ZINC000001888744"
FG,2,2,AHTPDB | BIOPEP-UWM,3,2,1,0,0,3700.0,20000.0,9133.333333333334,3700.0,5.405405405405405,1,cross_source_consistent,source_count=2; spread_ratio=5.4054,Tier B,79,2 sources and consistent within acceptable spread,1,0,0,1980,1980,ace_merged_000136 | ace_merged_000137 | ace_merged_000138,1483 | 6591 | 7605,,,,ACToR: ID 294-26-2 AHTPDB: ID 1483; 3058; 3144; 3238; 3479; 3809; 3876; 3907; 4415; 4515; 4674; 5412; 6591 BindingDB: ID 50139894 BioPepDB: ID biopep00236 BIOPEP-UWM database of sensory peptides and amino acids: ID 18 BitterDB: ID 835 BRENDA: Ligand Phe-Gly ChEBI: ID 73635 ChEMBL: ID CHEMBL417979 ChemSpider: ID 5360444 EROP-Moscow: ID E03702; E10395 FeptideDB: ID 7605 J-GLOBAL: ID 200907031969906344 MeSH: Term phenylalanylglycine; ID C040500 Metabolights: ID MTBLC73635 Nikkaji: ID J79.926B PlantPepDB: ID PPepDB_2903 PubChem: CID 6992304 SATPdb: ID satpdb13141 SureChEMBL: ID SCHEMBL1329817 ZINC: ID ZINC01569733
GA,2,2,AHTPDB | BIOPEP-UWM,3,2,1,0,0,2000.0,20000.0,8000.0,2000.0,10.0,1,cross_source_consistent,source_count=2; spread_ratio=10.0000,Tier B,79,2 sources and consistent within acceptable spread,1,0,0,1980,1980,ace_merged_000185 | ace_merged_000186 | ace_merged_000187,1424 | 6584 | 7598,,,,"ACToR: ID 3695-73-6 AHTPDB: ID 1424, 1685, 3013, 3035, 3057, 3088, 3093, 3128, 3233, 3482, 3802, 3914, 4422, 4508, 4653, 6584 BindingDB: ID 50188530 BioPepDB: ID biopep00319 BIOPEP-UWM database of bioactive peptides: ID 8524 BRENDA: Ligand Gly-Ala CAS: Registry No 3695-73-6 ChEBI: ID 73855 ChEMBL: ID CHEMBL91241 ChemSpider: ID 1267926 DFBP: ID DFBPACEI1637; DFBPDPIV0129; DFBPMUFU0462 ECHA: ID 223-019-8 EPA CompTox: ID DTXSID501316691 EROP Moscow: ID E10381 FDA SRS: 2M7GF488BL GSRS: ID 2618d861-af53-4b37-af43-4b8c5956d06b J-GLOBAL: ID 200907054642999454 Metabolights: ID MTBLC73855 Metabolomics Workbench: ID 78796 NIAID: ID 335272335276 Nikkaji: ID J139.227A PubChem: CID 1551643 SAPdb: ID 1390; 1931 SATPdb: ID satpdb27196 SureChEMBL: ID SCHEMBL564562 UNII: ID 2M7GF488BL Wikidata: ID Q27144182 ZINC: ID ZINC000001730665"
GE,2,2,AHTPDB | BIOPEP-UWM,3,2,1,0,0,5400.0,20000.0,10266.666666666666,5400.0,3.7037037037037037,1,cross_source_consistent,source_count=2; spread_ratio=3.7037,Tier B,79,2 sources and consistent within acceptable spread,1,0,0,1980,1980,ace_merged_000191 | ace_merged_000192 | ace_merged_000193,1474 | 6601 | 7615,,,,AHTPDB: ID 1474; 3043; 3247; 3425; 3814; 3917; 4409; 4520; 4689; 6601 BindingDB: ID 50188529 BioPepDB: ID biopep00330 BIOPEP-UWM database of bioactive peptides: ID 8781; 9487 BIOPEP-UWM database of sensory peptides and amino acids: ID 137 BRENDA: Ligand Gly-Glu ChEBI: ID 73801 ChEMBL: ID CHEMBL314532 ChemIDplus: ID 007412784 ChemSpider ID: 89688 EROP-Moscow: ID E10387 J-GLOBAL: ID 200907069620514802 Metabolights: ID MTBLC73801 Nikkaji： ID J149.621B PubChem: CID 99278 SATPdb: ID satpdb13269 SureChEMBL: ID SCHEMBL709721 ZINC: ID ZINC02567986
GK,2,2,AHTPDB | BIOPEP-UWM,3,2,1,0,0,5400.0,20000.0,10266.666666666666,5400.0,3.7037037037037037,1,cross_source_consistent,source_count=2; spread_ratio=3.7037,Tier B,79,2 sources and consistent within acceptable spread,1,0,0,1980,1980,ace_merged_000218 | ace_merged_000219 | ace_merged_000220,1430 | 6597 | 7611,,,,
GL,2,2,AHTPDB | BIOPEP-UWM,3,2,1,0,0,2500.0,20000.0,8333.333333333334,2500.0,8.0,1,cross_source_consistent,source_count=2; spread_ratio=8.0000,Tier B,79,2 sources and consistent within acceptable spread,1,0,0,1980,1980,ace_merged_000221 | ace_merged_000222 | ace_merged_000223,1425 | 6585 | 7599,,,,AHTPDB: ID 1425; 1686; 3009; 3039; 3311; 3487; 3804; 3838; 3926; 4421; 4510; 4659; 6585 BindingDB: ID 50188492 BIOPEP database of bioactive peptides: ID 8561 BIOPEP database of sensory peptides and amino acids: ID 162 BitterDB: ID 834 BRENDA: Ligand Gly-Leu ChEBI: ID 73514 ChEMBL: ID CHEMBL56119 ChemIDplus: ID 000869192 ChemSpider: ID 83812 EROP-Moscow: ID E01830 Human Metabolome Database (HMDB): ID HMDB00759 KEGG: ID C02155 Metabolomics Workbench: ID 71592 MMDB: ID 4018.2 PubChem: ID 1548899 ZINC: ID ZINC01529368
GS,2,2,AHTPDB | BIOPEP-UWM,3,2,1,0,0,3800.0,20000.0,9200.0,3800.0,5.2631578947368425,1,cross_source_consistent,source_count=2; spread_ratio=5.2632,Tier B,79,2 sources and consistent within acceptable spread,1,0,0,1980,1980,ace_merged_000247 | ace_merged_000248 | ace_merged_000249,1428 | 6593 | 7607,,,,
GT,2,2,AHTPDB | BIOPEP-UWM,3,2,1,0,0,5700.0,20000.0,10466.666666666666,5700.0,3.508771929824561,1,cross_source_consistent,source_count=2; spread_ratio=3.5088,Tier B,79,2 sources and consistent within acceptable spread,1,0,0,1980,1980,ace_merged_000250 | ace_merged_000251 | ace_merged_000252,1473 | 6598 | 7612,,,,
GV,2,2,AHTPDB | BIOPEP-UWM,3,2,1,0,0,4600.0,20000.0,9733.333333333334,4600.0,4.3478260869565215,1,cross_source_consistent,source_count=2; spread_ratio=4.3478,Tier B,79,2 sources and consistent within acceptable spread,1,0,0,1980,1980,ace_merged_000253 | ace_merged_000254 | ace_merged_000255,1429 | 6594 | 7608,,,,AHTPDB: ID 1429; 1689; 3021; 3026; 3098; 3119; 3140; 3160; 3241; 3333; 3423; 3811; 3837; 3936; 4412; 4517; 4680; 5435; 6170; 6594 BindingDB: ID 50407462 BIOPEP database of bioactive peptides: ID 8786 BIOPEP database of sensory peptides and amino acids: ID 106 BRENDA: Ligand Gly-Val ChEBI: ID 73922 ChEMBL: ID CHEMBL56035 ChemSpider: ID 2006926 Crystallography Open Database (COD): ID 2015750 EROP-Moscow: ID E10385 PubChem: ID 2724807 ZINC: ID ZINC01730674
HG,2,2,AHTPDB | BIOPEP-UWM,3,2,1,0,0,6300.0,20000.0,10866.666666666666,6300.0,3.1746031746031744,1,cross_source_consistent,source_count=2; spread_ratio=3.1746,Tier B,79,2 sources and consistent within acceptable spread,1,0,0,1980,1980,ace_merged_000283 | ace_merged_000284 | ace_merged_000285,1486 | 6600 | 7614,,,,
KG,2,2,AHTPDB | BIOPEP-UWM,3,2,1,0,0,3200.0,20000.0,8800.0,3200.0,6.25,1,cross_source_consistent,source_count=2; spread_ratio=6.2500,Tier B,79,2 sources and consistent within acceptable spread,1,0,0,1980,1980,ace_merged_000382 | ace_merged_000383 | ace_merged_000384,1482 | 6590 | 7604,,,,AHTPDB: ID 1482; 3079; 3177; 3237; 3312; 3508; 3808; 3967; 4418; 4514; 4671; 6590 BindingDB: ID 50188483 BIOPEP database of bioactive peptides: ID 8810 BIOPEP database of sensory peptides and amino acids: ID 365; 366 BRENDA: Ligand Lys-Gly ChEBI: ID 73604 ChEMBL: ID CHEMBL91561 ChemSpider: ID 5385198 EROP-Moscow: ID E10394 PubChem: ID 7022320 SATPdb: ID satpdb28987 ZINC: ID ZINC02579078
MG,2,2,AHTPDB | BIOPEP-UWM,3,2,1,0,0,4800.0,20000.0,9866.666666666666,4800.0,4.166666666666667,1,cross_source_consistent,source_count=2; spread_ratio=4.1667,Tier B,79,2 sources and consistent within acceptable spread,1,0,0,1980,1980,ace_merged_000467 | ace_merged_000468 | ace_merged_000469,1484 | 6595 | 7609,,,,"ACToR: ID 52671 AHTPDB: ID 1484, 3242, 3424, 3521, 3812, 3996, 4411, 4518, 4683, 6595 BindingDB: ID 50407420 BIOPEP-UWM database of bioactive peptides: ID 8828 BRENDA: Ligand Met-Gly CAS: Registry No 14486-03-4 ChEBI: ID 73611 ChEMBL: ID CHEMBL90972 ChemSpider: ID 5361044 DFBP: ID DFBPACEI1620 ECHA: ID 103-102-4; 238-487-9 EPA DSSTox: ID DTXSID401020087 FEMA: ID 4692 JECFA: ID 2122 J-GLOBAL: ID 200907025171488012 Metabolights: ID MTBLC73611 Metabolomics Workbench: ID 78903 Nikkaji: ID J81.776G PubChem: CID 6992930 SATPdb: ID satpdb10047 SureChEMBL: ID 538055 UniChem: ID 405165 UNII: ID T872MM2E20 Wikidata: ID Q27141928 ZINC: ID ZINC000001593212"
WG,2,2,AHTPDB | BIOPEP-UWM,3,2,1,0,0,5900.0,20000.0,10600.0,5900.0,3.389830508474576,1,cross_source_consistent,source_count=2; spread_ratio=3.3898,Tier B,79,2 sources and consistent within acceptable spread,1,0,0,1980,1980,ace_merged_000738 | ace_merged_000739 | ace_merged_000740,1485 | 6599 | 7613,,,,"AHTPDB: ID 1485, 3091, 3816, 4051, 4407, 4522, 4695, 6599 BindingDB: ID 50188498 BioPepDB: ID biopep01517 BIOPEP-UWM database of bioactive peptides: ID 8697; 9082 BRENDA: Ligand Trp-Gly ChEBI: ID 74870 ChEMBL: ID CHEMBL327588 ChemSpider: ID 87619 EROP-Moscow: ID E10396 FDA SRS: ID GLE75A3004 J-GLOBAL: ID 200907023317662394 Metabolights: ID MTBLC74870 Nikkaji: ID J149.653K PubChem: CID 97054 SATPdb: ID satpdb11095 SureChEMBL: ID SCHEMBL8699875 ZINC: ID ZINC000002384992"
ARY,3,2,AHTPDB | BIOPEP-UWM,2,1,1,0,0,1.3,10.0,5.65,5.65,7.692307692307692,1,cross_source_consistent,source_count=2; spread_ratio=7.6923,Tier B,77,2 sources and consistent within acceptable spread,1,0,0,2021,2021,ace_merged_000884 | ace_merged_000885,10043 | 2089,,,,PubChem: CID 145453515
INP,3,2,AHTPDB | MBPDB,2,1,0,1,0,10.0,71.2,40.6,40.6,7.12,1,cross_source_consistent,source_count=2; spread_ratio=7.1200,Tier B,77,2 sources and consistent within acceptable spread,1,0,0,2013,2013,ace_merged_001232 | ace_merged_001233,2136 | MBPDB_P02663_INP_43-45,Bos taurus,P02663,10.1016/j.idairyj.2013.10.009,
VRF,3,2,AHTPDB | BIOPEP-UWM,2,1,1,0,0,1.3,5.0,3.15,3.15,3.846153846153846,1,cross_source_consistent,source_count=2; spread_ratio=3.8462,Tier B,77,2 sources and consistent within acceptable spread,1,0,0,2017,2017,ace_merged_001965 | ace_merged_001966,10692 | 1985,,,,AHTPDB: ID 1985 ChEBI: ID 166087 ChemSpider: ID 16575755 DFBP: ID DFBPACEI1974 Metabolomics Workbench: ID 86689 PlantPepDB: ID PPepDB_213 PubChem: CID 145458837 SATPdb: ID satpdb24838
